t,t_wall,ax,ay,gravity,gx,gy,psi_dot,delta_dot,t_rel,v0_kmh
765.8432270530611,1781616414.1096127,-0.13167065382003784,0.021136634051799774,9.293179512023926,-0.0002850231248885393,-0.025072328746318817,0.0006132281851023436,0.0,0.0,30
765.8532270528376,1781616414.1191313,0.04868968203663826,0.01389379147440195,9.370067596435547,-0.00035964499693363905,-0.03464367613196373,0.00046918998123146594,0.0,0.01,30
765.8632270526141,1781616414.1326475,0.3455773890018463,0.010891618207097054,9.448380470275879,-0.00043222709791734815,-0.043458569794893265,0.00034394938847981393,0.0,0.02,30
765.8732270523906,1781616414.1421602,0.7639981508255005,0.006924327462911606,9.525415420532227,-0.0004954000469297171,-0.051656316965818405,0.000298340484732762,0.0,0.03,30
765.8832270521671,1781616414.152667,1.3031768798828125,0.007965798489749432,9.598967552185059,-0.0005421612877398729,-0.059381622821092606,0.00022563475067727268,0.0,0.04,30
765.8932270519435,1781616414.1611722,1.960700511932373,0.00943340640515089,9.667235374450684,-0.0005727459792979062,-0.06678061187267303,0.00011972757056355476,0.0,0.05,30
765.90322705172,1781616414.1726768,2.7401394844055176,0.01161096803843975,9.72895336151123,-0.0005880232201889157,-0.07399745285511017,-2.4956099878181703e-05,0.0,0.06,30
765.9132270514965,1781616414.1821818,3.6367347240448,0.01488347165286541,9.78322982788086,-0.0005891177570447326,-0.08117157220840454,-0.00021501031005755067,0.0,0.07,30
765.923227051273,1781616414.1906867,4.656857967376709,0.002044105436652899,9.829434394836426,-0.0006315323407761753,-0.08843455463647842,-0.0003969340759795159,0.0,0.08,30
765.9332270510495,1781616414.204017,5.793995380401611,-0.000494336592964828,9.867501258850098,-0.0006828223122283816,-0.09590835869312286,-0.0006086818757466972,0.0,0.09,30
765.943227050826,1781616414.2096593,5.796111106872559,0.0031376960687339306,10.010971069335938,-0.0006908626528456807,-0.10101371258497238,-0.0007632286287844181,0.0,0.1,30
765.9532270506024,1781616414.221824,5.7996745109558105,-0.0012322895927354693,10.130763053894043,-0.0006981804035604,-0.10386098921298981,-0.000882947351783514,0.0,0.11,30
765.9632270503789,1781616414.2313187,5.801815986633301,-0.001344494172371924,10.223976135253906,-0.0007018884643912315,-0.1045970618724823,-0.0009769287426024675,0.0,0.12,30
765.9732270501554,1781616414.2398233,5.807344436645508,-0.004698020406067371,10.288987159729004,-0.0007026108214631677,-0.10339808464050293,-0.0010511403670534492,0.0,0.13,30
765.9832270499319,1781616414.2503376,5.809232711791992,-0.0029933040495961905,10.325517654418945,-0.000701253185980022,-0.10046205669641495,-0.0011101453565061092,0.0,0.14,30
765.9932270497084,1781616414.2608426,5.814183235168457,-0.004852985497564077,10.33437442779541,-0.0006999163888394833,-0.09600213915109634,-0.0011575452517718077,0.0,0.15,30
766.0032270494848,1781616414.2711017,5.818544387817383,-0.006028043106198311,10.317380905151367,-0.0006998494500294328,-0.09024017304182053,-0.001195513759739697,0.0,0.16,30
766.0132270492613,1781616414.2826061,5.820844650268555,-0.004724258091300726,10.277145385742188,-0.0007018998148851097,-0.08340086042881012,-0.0012259619543328881,0.0,0.17,30
766.0232270490378,1781616414.2919047,5.825053691864014,-0.0060627516359090805,10.216917037963867,-0.0007068641716614366,-0.07570674270391464,-0.001250149798579514,0.0,0.18,30
766.0332270488143,1781616414.3014185,5.828812122344971,-0.00642109289765358,10.14042854309082,-0.0007144882110878825,-0.06737355142831802,-0.0012697346974164248,0.0,0.19,30
766.0432270485908,1781616414.311026,5.830484390258789,-0.005243224091827869,10.05166244506836,-0.000724259065464139,-0.05860656499862671,-0.0012857061810791492,0.0,0.2,30
766.0532270483673,1781616414.3230534,5.834245204925537,-0.00648206751793623,9.954668998718262,-0.0007355629350058734,-0.04959769546985626,-0.0012983039487153292,0.0,0.21,30
766.0632270481437,1781616414.3325653,5.835342884063721,-0.006304397247731686,9.85351276397705,-0.0007470569689758122,-0.04052305221557617,-0.0013082778314128518,0.0,0.22,30
766.0732270479202,1781616414.3455763,5.837443828582764,-0.005594685673713684,9.752073287963867,-0.0007570331217721105,-0.03154126927256584,-0.0013161960523575544,0.0,0.23,30
766.0832270476967,1781616414.3570902,5.839601516723633,-0.006918603554368019,9.653867721557617,-0.0007640833500772715,-0.02279270812869072,-0.0013219289248809218,0.0,0.24,30
766.0932270474732,1781616414.364082,5.841142177581787,-0.007134519051760435,9.562114715576172,-0.0007662096177227795,-0.01439867727458477,-0.001326373079791665,0.0,0.25,30
766.1032270472497,1781616414.3788602,5.841628551483154,-0.006459743250161409,9.479503631591797,-0.0007615218637511134,-0.006461594719439745,-0.0013292627409100533,0.0,0.26,30
766.1132270470262,1781616414.3883677,5.843100070953369,-0.007479524239897728,9.408244132995605,-0.000748448830563575,0.0009344525751657784,-0.001331469975411892,0.0,0.27,30
766.1232270468026,1781616414.399879,5.842350006103516,-0.006960243918001652,9.350027084350586,-0.0007255883538164198,0.007723440881818533,-0.0013325377367436886,0.0,0.28,30
766.1332270465791,1781616414.409855,5.843576431274414,-0.007812296971678734,9.305989265441895,-0.0006917674909345806,0.013855885714292526,-0.0013332440285012126,0.0,0.29,30
766.1432270463556,1781616414.4203594,5.781617164611816,-0.016826076433062553,9.283002853393555,-0.0006453624228015542,0.019431542605161667,-0.0011665032943710685,0.0,0.3,30
766.1532270461321,1781616414.4298642,5.6907477378845215,-0.004138958640396595,9.276429176330566,-0.0005680916365236044,0.024480845779180527,-0.0011676630238071084,0.0,0.31,30
766.1632270459086,1781616414.4413786,5.654515266418457,-0.005594277288764715,9.27648639678955,-0.0004864503862336278,0.028855225071310997,-0.0011643347097560763,0.0,0.32,30
766.173227045685,1781616414.453883,5.625544548034668,-0.006392120849341154,9.288678169250488,-0.0003973955463152379,0.032531917095184326,-0.00115724909119308,0.0,0.33,30
766.1832270454615,1781616414.4657216,5.603576183319092,-0.00788780115544796,9.312243461608887,-0.0002995850518345833,0.03550107777118683,-0.0011481589172035456,0.0,0.34,30
766.193227045238,1781616414.478799,5.588533878326416,-0.007970592938363552,9.346171379089355,-0.0001932145096361637,0.03776424005627632,-0.001138102263212204,0.0,0.35000000000000003,30
766.2032270450145,1781616414.4900005,5.578634262084961,-0.008331756107509136,9.389232635498047,-7.91898783063516e-05,0.03933347389101982,-0.0011270303511992097,0.0,0.36,30
766.213227044791,1781616414.499514,5.575077533721924,-0.008301273919641972,9.440068244934082,4.107629501959309e-05,0.04023092985153198,-0.0011155896354466677,0.0,0.37,30
766.2232270445675,1781616414.5100648,5.576448917388916,-0.00926194991916418,9.497143745422363,0.0001656101521803066,0.040487054735422134,-0.0011042456608265638,0.0,0.38,30
766.233227044344,1781616414.5215693,5.579553127288818,-0.007837340235710144,9.558876991271973,0.0002925078442785889,0.04013961926102638,-0.00109275768045336,0.0,0.39,30
766.2432270441204,1781616414.5336003,5.589722633361816,-0.009441467933356762,9.623679161071777,0.0004189840401522815,0.03923283889889717,-0.0010808745864778757,0.0,0.4,30
766.2532270438969,1781616414.543612,5.599072456359863,-0.007940209470689297,9.68991470336914,0.0005431389436125755,0.03781573846936226,-0.001069280900992453,0.0,0.41000000000000003,30
766.2632270436734,1781616414.553714,5.613710880279541,-0.008631663396954536,9.756077766418457,0.0006620053318329155,0.03594118729233742,-0.0010569303994998336,0.0,0.42,30
766.2732270434499,1781616414.5639973,5.6281585693359375,-0.008767709136009216,9.820716857910156,0.0007734066457487643,0.033665284514427185,-0.0010448916582390666,0.0,0.43,30
766.2832270432264,1781616414.5723822,5.643572807312012,-0.007840646430850029,9.882485389709473,0.0008752652211114764,0.03104553371667862,-0.001033565727993846,0.0,0.44,30
766.2932270430028,1781616414.581887,5.661444664001465,-0.00839598011225462,9.940210342407227,0.0009649969870224595,0.0281404759734869,-0.0010222173295915127,0.0,0.45,30
766.3032270427793,1781616414.5967178,5.728013515472412,-0.014367892406880856,9.987942695617676,0.0010396523866802454,0.024897443130612373,-0.0008761657518334687,0.0,0.46,30
766.3132270425558,1781616414.6042309,5.736871719360352,-0.008126488886773586,10.036858558654785,0.0011155494721606374,0.02151690050959587,-0.0007944527314975858,0.0,0.47000000000000003,30
766.3232270423323,1781616414.6161187,5.800405502319336,0.0034509042743593454,10.073542594909668,0.0011795333120971918,0.01792999915778637,-0.0009145868825726211,0.0,0.48,30
766.3332270421088,1781616414.6256156,5.798790454864502,-0.0023087256122380495,10.110575675964355,0.0012030400102958083,0.01434447430074215,-0.001003215671516955,0.0,0.49,30
766.3432270418853,1781616414.637121,5.79612922668457,-0.004095465410500765,10.139780044555664,0.001198041602037847,0.010806492529809475,-0.0010704289888963103,0.0,0.5,30
766.3532270416617,1781616414.6466286,5.793246746063232,-0.004980778321623802,10.1609468460083,0.0011703040217980742,0.007357955910265446,-0.0011222119210287929,0.0,0.51,30
766.3632270414382,1781616414.6567786,5.792911052703857,-0.0067171938717365265,10.17410659790039,0.001122744521126151,0.004036494996398687,-0.0011636525159701705,0.0,0.52,30
766.3732270412147,1781616414.6669724,5.791001319885254,-0.006656951736658812,10.179484367370605,0.0010576274944469333,0.0008755841408856213,-0.0011961752315983176,0.0,0.53,30
766.3832270409912,1781616414.6772,5.789988994598389,-0.007335516158491373,10.17745304107666,0.0009767551673576236,-0.002095557516440749,-0.001221880316734314,0.0,0.54,30
766.3932270407677,1781616414.6867166,5.788347244262695,-0.006041287444531918,10.168571472167969,0.0008819501381367445,-0.004851886071264744,-0.0012429766356945038,0.0,0.55,30
766.4032270405442,1781616414.6969948,5.788304805755615,-0.006504095625132322,10.153483390808105,0.000774555781390518,-0.0073724426329135895,-0.0012603782815858722,0.0,0.56,30
766.4132270403206,1781616414.706237,5.787140369415283,-0.005295159295201302,10.13292121887207,0.0006564561044797301,-0.009640277363359928,-0.0012743754778057337,0.0,0.5700000000000001,30
766.4232270400971,1781616414.715771,5.78811502456665,-0.006714213639497757,10.107748985290527,0.0005293267895467579,-0.011642295867204666,-0.0012853990774601698,0.0,0.58,30
766.4332270398736,1781616414.7269068,5.7867231369018555,-0.005764134228229523,10.078778266906738,0.00039584844489581883,-0.013369261287152767,-0.0012951315147802234,0.0,0.59,30
766.4432270396501,1781616414.7364042,5.787814617156982,-0.0062285494059324265,10.046903610229492,0.0002579711435828358,-0.014815454371273518,-0.0013028794201090932,0.0,0.6,30
766.4532270394266,1781616414.7469177,5.786683559417725,-0.005396359600126743,10.012965202331543,0.00011827849084511399,-0.015978803858160973,-0.0013095951871946454,0.0,0.61,30
766.463227039203,1781616414.7560053,5.787519454956055,-0.00615910068154335,9.97783374786377,-2.1136185750947334e-05,-0.016860606148838997,-0.0013144173426553607,0.0,0.62,30
766.4732270389795,1781616414.7660391,5.788145542144775,-0.005935337394475937,9.942293167114258,-0.00015760227688588202,-0.017465243116021156,-0.0013183769769966602,0.0,0.63,30
766.483227038756,1781616414.7753193,5.787223815917969,-0.00522661441937089,9.907062530517578,-0.0002889145689550787,-0.01780024729669094,-0.0013228022726252675,0.0,0.64,30
766.4932270385325,1781616414.7858264,5.789270877838135,-0.006859102286398411,9.87280559539795,-0.00041334013803862035,-0.017875993624329567,-0.0013282721629366279,0.0,0.65,30
766.503227038309,1781616414.7949479,5.787896156311035,-0.006498743314296007,9.84011173248291,-0.0005287342937663198,-0.017705384641885757,-0.0013338593998923898,0.0,0.66,30
766.5132270380855,1781616414.8039477,5.788401126861572,-0.005522628780454397,9.809494972229004,-0.0006332966731861234,-0.01730375550687313,-0.0013395182322710752,0.0,0.67,30
766.523227037862,1781616414.8138084,5.789311408996582,-0.006666761357337236,9.781347274780273,-0.0007261547725647688,-0.016688549891114235,-0.0013454655418172479,0.0,0.68,30
766.5332270376384,1781616414.8248465,5.789661407470703,-0.008076529949903488,9.756037712097168,-0.000805891293566674,-0.015878930687904358,-0.0013509935233741999,0.0,0.6900000000000001,30
766.5432270374149,1781616414.8349247,5.788908958435059,-0.006534482818096876,9.733763694763184,-0.0008710334077477455,-0.014895807951688766,-0.0013561616651713848,0.0,0.7000000000000001,30
766.5532270371914,1781616414.8444285,5.789149284362793,-0.008009878918528557,9.71469497680664,-0.0009212367003783584,-0.013761311769485474,-0.0013622534461319447,0.0,0.71,30
766.5632270369679,1781616414.8524296,5.789650917053223,-0.008298640139400959,9.698927879333496,-0.0009560920298099518,-0.012498442083597183,-0.0013675180962309241,0.0,0.72,30
766.5732270367444,1781616414.8619342,5.7890801429748535,-0.008956314995884895,9.686457633972168,-0.0009753608028404415,-0.011130856350064278,-0.0013726915931329131,0.0,0.73,30
766.5832270365208,1781616414.8724484,5.789443492889404,-0.00923245120793581,9.67725658416748,-0.000979136093519628,-0.009682467207312584,-0.0013780315639451146,0.0,0.74,30
766.5932270362973,1781616414.8829627,5.788064956665039,-0.009085459634661674,9.671191215515137,-0.0009679185459390283,-0.008177247829735279,-0.0013828363735228777,0.0,0.75,30
766.6032270360738,1781616414.8924584,5.789633750915527,-0.011109924875199795,9.668107032775879,-0.0009424512390978634,-0.006638852413743734,-0.001387657830491662,0.0,0.76,30
766.6132270358503,1781616414.9019642,5.7874369621276855,-0.010059410706162453,9.667815208435059,-0.0009033550741150975,-0.005090171005576849,-0.0013922778889536858,0.0,0.77,30
766.6232270356268,1781616414.9116654,5.787636756896973,-0.01142112910747528,9.67008113861084,-0.0008518601534888148,-0.0035533078480511904,-0.0013967559207230806,0.0,0.78,30
766.6332270354033,1781616414.92209,5.788235664367676,-0.012533925473690033,9.674670219421387,-0.0007891952409408987,-0.002049084985628724,-0.0014010070590302348,0.0,0.79,30
766.6432270351797,1781616414.9315968,5.785832405090332,-0.011393112130463123,9.681283950805664,-0.0007164710550568998,-0.0005969404010102153,-0.001405317452736199,0.0,0.8,30
766.6532270349562,1781616414.9426577,5.78577184677124,-0.012684282846748829,9.689674377441406,-0.0006355533259920776,0.0007853242568671703,-0.001409568707458675,0.0,0.81,30
766.6632270347327,1781616414.9526916,5.785510540008545,-0.012877565808594227,9.699533462524414,-0.0005479426472447813,0.002081720856949687,-0.0014136863173916936,0.0,0.8200000000000001,30
766.6732270345092,1781616414.961948,5.784204006195068,-0.013402185402810574,9.710610389709473,-0.0004553820181172341,0.0032783423084765673,-0.0014179112622514367,0.0,0.8300000000000001,30
766.6832270342857,1781616414.9724278,5.783242225646973,-0.013719812035560608,9.722596168518066,-0.00035942051908932626,0.004363222513347864,-0.0014223402831703424,0.0,0.84,30
766.6932270340621,1781616414.984439,5.782113075256348,-0.01293858326971531,9.735264778137207,-0.00026178229018114507,0.005326717626303434,-0.0014273305423557758,0.0,0.85,30
766.7032270338386,1781616414.9939418,5.781926155090332,-0.015117605216801167,9.748360633850098,-0.00016440570470876992,0.0061613828875124454,-0.0014323878567665815,0.0,0.86,30
766.7132270336151,1781616415.004459,5.77947473526001,-0.013585560023784637,9.761636734008789,-6.851718353573233e-05,0.006861903704702854,-0.0014374717138707638,0.0,0.87,30
766.7232270333916,1781616415.0139878,5.7795090675354,-0.014462935738265514,9.774895668029785,2.416239476588089e-05,0.007425321731716394,-0.0014422186650335789,0.0,0.88,30
766.7332270331681,1781616415.023987,5.777799606323242,-0.014776509255170822,9.787952423095703,0.00011243039625696838,0.007850796915590763,-0.001447763410396874,0.0,0.89,30
766.7432270329446,1781616415.0351038,5.7771196365356445,-0.0146834971383214,9.800612449645996,0.00019488240650389344,0.008139434270560741,-0.0014536736998707056,0.0,0.9,30
766.753227032721,1781616415.0456223,5.774721622467041,-0.01410814467817545,9.812747955322266,0.00027049961499869823,0.008294480852782726,-0.0014590818900614977,0.0,0.91,30
766.7632270324975,1781616415.0560544,5.774600505828857,-0.014867754653096199,9.824210166931152,0.0003382606082595885,0.008320788852870464,-0.0014652122044935822,0.0,0.92,30
766.773227032274,1781616415.0645497,5.772819995880127,-0.015083326026797295,9.834917068481445,0.00039738701889291406,0.008224991150200367,-0.0014715163270011544,0.0,0.93,30
766.7832270320505,1781616415.0740626,5.771995544433594,-0.014913706108927727,9.844745635986328,0.00044747526408173144,0.008015098981559277,-0.0014779623597860336,0.0,0.9400000000000001,30
766.793227031827,1781616415.0845835,5.769515037536621,-0.014225360937416553,9.853655815124512,0.000488033372676,0.007700471673160791,-0.001484564272686839,0.0,0.9500000000000001,30
766.8032270316035,1781616415.094088,5.768970489501953,-0.015036892145872116,9.861581802368164,0.0005186378839425743,0.007291467394679785,-0.0014908219454810023,0.0,0.96,30
766.8132270313799,1781616415.1046093,5.768156051635742,-0.014822454191744328,9.86849308013916,0.0005394502659328282,0.006799344904720783,-0.0014979832340031862,0.0,0.97,30
766.8232270311564,1781616415.114132,5.765704154968262,-0.014115985482931137,9.87437629699707,0.0005504910950548947,0.006235878448933363,-0.0015050478978082538,0.0,0.98,30
766.8332270309329,1781616415.126794,5.765697002410889,-0.014738069847226143,9.879213333129883,0.0005518549587577581,0.005613370332866907,-0.0015126081416383386,0.0,0.99,30
766.8432270307094,1781616415.1337903,5.7632975578308105,-0.014021232724189758,9.8829927444458,0.0005441213143058121,0.004944200161844492,-0.0015201540663838387,0.0,1.0,30
766.8532270304859,1781616415.1421967,5.763248920440674,-0.014696227386593819,9.885775566101074,0.000527581141795963,0.004240867216140032,-0.0015274409670382738,0.0,1.01,30
766.8632270302624,1781616415.1537051,5.761600494384766,-0.014832034707069397,9.887574195861816,0.0005030746688134968,0.0035156868398189545,-0.0015346984146162868,0.0,1.02,30
766.8732270300388,1781616415.1640012,5.760378837585449,-0.013716879300773144,9.888442993164062,0.00047149587771855295,0.002780576003715396,-0.0015426898607984185,0.0,1.03,30
766.8832270298153,1781616415.1745424,5.759456157684326,-0.014745961874723434,9.888422012329102,0.00043327457387931645,0.00204693921841681,-0.0015503488248214126,0.0,1.04,30
766.8932270295918,1781616415.184054,5.758223056793213,-0.013704711571335793,9.887542724609375,0.00038954507908783853,0.001325440825894475,-0.001557716866955161,0.0,1.05,30
766.9032270293683,1781616415.1930692,5.757403373718262,-0.014766288921236992,9.885894775390625,0.0003410984936635941,0.0006260394584387541,-0.0015652653528377414,0.0,1.06,30
766.9132270291448,1781616415.2025654,5.756260395050049,-0.013767389580607414,9.88353443145752,0.00028913564165122807,-4.22692064603325e-05,-0.0015727400314062834,0.0,1.07,30
766.9232270289212,1781616415.2111473,5.7563042640686035,-0.01565963588654995,9.880558967590332,0.00023422906815540045,-0.0006713796756230295,-0.001580022624693811,0.0,1.08,30
766.9332270286977,1781616415.2216735,5.753992557525635,-0.014013445936143398,9.877004623413086,0.00017812672012951225,-0.001254357979632914,-0.0015871126670390368,0.0,1.09,30
766.9432270284742,1781616415.231781,5.75372314453125,-0.013871042057871819,9.872974395751953,0.00012133651034673676,-0.0017852161545306444,-0.0015942298341542482,0.0,1.1,30
766.9532270282507,1781616415.242049,5.752995014190674,-0.015050085261464119,9.86854362487793,6.455559196183458e-05,-0.0022592099849134684,-0.001601511612534523,0.0,1.11,30
766.9632270280272,1781616415.2525618,5.752720832824707,-0.01497484091669321,9.863778114318848,8.792716471361928e-06,-0.0026727719232439995,-0.001608502701856196,0.0,1.12,30
766.9732270278037,1781616415.2620757,5.750838756561279,-0.014426699839532375,9.85876750946045,-4.489210550673306e-05,-0.0030232775025069714,-0.0016155659686774015,0.0,1.1300000000000001,30
766.9832270275801,1781616415.2715712,5.751288414001465,-0.01527289766818285,9.853602409362793,-9.618249896448106e-05,-0.0033092733938246965,-0.00162250897847116,0.0,1.1400000000000001,30
766.9932270273566,1781616415.2810843,5.74936056137085,-0.014814003370702267,9.848325729370117,-0.00014420287334360182,-0.0035303193144500256,-0.0016287964535877109,0.0,1.1500000000000001,30
767.0032270271331,1781616415.2905908,5.749858379364014,-0.015681849792599678,9.843050956726074,-0.00018856622045859694,-0.00368699012324214,-0.0016350920777767897,0.0,1.16,30
767.0132270269096,1781616415.3000946,5.748656749725342,-0.016120251268148422,9.8378267288208,-0.00022846895444672555,-0.0037807472981512547,-0.001641024718992412,0.0,1.17,30
767.0232270266861,1781616415.3101053,5.748403072357178,-0.016154292970895767,9.832723617553711,-0.0002634074189700186,-0.0038139342796057463,-0.0016471907729282975,0.0,1.18,30
767.0332270264626,1781616415.3196187,5.746634483337402,-0.01569657027721405,9.82778549194336,-0.0002932131465058774,-0.0037896663416177034,-0.001653568004257977,0.0,1.19,30
767.043227026239,1781616415.3301437,5.747076511383057,-0.016672151163220406,9.823094367980957,-0.0003178428451064974,-0.0037117197643965483,-0.001659333473071456,0.0,1.2,30
767.0532270260155,1781616415.3386607,5.745894432067871,-0.017121238633990288,9.818679809570312,-0.00033706496469676495,-0.0035843602381646633,-0.0016647481825202703,0.0,1.21,30
767.063227025792,1781616415.348079,5.744619369506836,-0.016492022201418877,9.814620971679688,-0.0003507660876493901,-0.0034123004879802465,-0.001670300611294806,0.0,1.22,30
767.0732270255685,1781616415.3584733,5.745064735412598,-0.017493827268481255,9.810914039611816,-0.00035917951026931405,-0.0032007747795432806,-0.0016753203235566616,0.0,1.23,30
767.083227025345,1781616415.3679755,5.744551658630371,-0.018811840564012527,9.8076171875,-0.000362333346856758,-0.00295517616905272,-0.0016806978965178132,0.0,1.24,30
767.0932270251215,1781616415.3782036,5.742477893829346,-0.017345013096928596,9.804737091064453,-0.000360116217052564,-0.002681103767827153,-0.0016864219214767218,0.0,1.25,30
767.1032270248979,1781616415.3877385,5.742197036743164,-0.017469434067606926,9.802311897277832,-0.00035306933568790555,-0.002384197898209095,-0.0016909929690882564,0.0,1.26,30
767.1132270246744,1781616415.3980005,5.7424235343933105,-0.019628016278147697,9.800333023071289,-0.00034183767274953425,-0.0020701580215245485,-0.0016957896295934916,0.0,1.27,30
767.1232270244509,1781616415.407313,5.740800857543945,-0.017996694892644882,9.798818588256836,-0.0003263514954596758,-0.0017444721888750792,-0.0017009798903018236,0.0,1.28,30
767.1332270242274,1781616415.4168532,5.740199089050293,-0.019344814121723175,9.797747611999512,-0.0003073803964070976,-0.00141271878965199,-0.0017060081008821726,0.0,1.29,30
767.1432270240039,1781616415.4263568,5.73939847946167,-0.01960514299571514,9.79713249206543,-0.00028531666612252593,-0.0010799325536936522,-0.0017106917221099138,0.0,1.3,30
767.1532270237803,1781616415.4368844,5.739049434661865,-0.01966306008398533,9.796957015991211,-0.0002605660993140191,-0.0007510464056394994,-0.0017157747643068433,0.0,1.31,30
767.1632270235568,1781616415.4453797,5.737060070037842,-0.019273562356829643,9.797194480895996,-0.00023354211589321494,-0.00043052679393440485,-0.0017208278877660632,0.0,1.32,30
767.1732270233333,1781616415.4549172,5.737643241882324,-0.021198514848947525,9.797820091247559,-0.00020522417617030442,-0.00012257035996299237,-0.001725513837300241,0.0,1.33,30
767.1832270231098,1781616415.4639125,5.73590612411499,-0.019516199827194214,9.798799514770508,-0.0001754915138008073,0.00016912678256630898,-0.001730574294924736,0.0,1.34,30
767.1932270228863,1781616415.4740574,5.7351884841918945,-0.0208204984664917,9.800117492675781,-0.00014516070950776339,0.0004413622082211077,-0.0017354738665744662,0.0,1.35,30
767.2032270226628,1781616415.4866335,5.733588218688965,-0.020174231380224228,9.801726341247559,-0.00011474559869384393,0.000691389141138643,-0.0017403014935553074,0.0,1.36,30
767.2132270224392,1781616415.495129,5.734473705291748,-0.021935978904366493,9.803589820861816,-8.484263526042923e-05,0.0009168543037958443,-0.0017454037442803383,0.0,1.37,30
767.2232270222157,1781616415.5046341,5.731801986694336,-0.020540768280625343,9.805655479431152,-5.564145976677537e-05,0.001115957973524928,-0.0017505933064967394,0.0,1.3800000000000001,30
767.2332270219922,1781616415.5206647,5.731963634490967,-0.021414076909422874,9.807914733886719,-2.7772544854087755e-05,0.001287449966184795,-0.0017557272221893072,0.0,1.3900000000000001,30
767.2432270217687,1781616415.5281732,5.730501651763916,-0.02178560197353363,9.810290336608887,-1.5492105376324616e-06,0.001430497970432043,-0.0017610518261790276,0.0,1.4000000000000001,30
767.2532270215452,1781616415.5376832,5.728949546813965,-0.021089890971779823,9.812759399414062,2.287359347974416e-05,0.0015447273617610335,-0.001766146277077496,0.0,1.41,30
767.2632270213217,1781616415.5482085,5.7297539710998535,-0.02279016748070717,9.81529426574707,4.4995511416345835e-05,0.001630155136808753,-0.0017712472472339869,0.0,1.42,30
767.2732270210981,1781616415.556712,5.726894855499268,-0.021366169676184654,9.817825317382812,6.488667713711038e-05,0.001687325886450708,-0.001776542398147285,0.0,1.43,30
767.2832270208746,1781616415.5672247,5.726645469665527,-0.022367937490344048,9.820334434509277,8.2094942627009e-05,0.0017170136561617255,-0.001781497267074883,0.0,1.44,30
767.2932270206511,1781616415.5767303,5.725411415100098,-0.021469825878739357,9.822797775268555,9.66644729487598e-05,0.0017204759642481804,-0.0017867395654320717,0.0,1.45,30
767.3032270204276,1781616415.5889149,5.7252349853515625,-0.02353571355342865,9.825156211853027,0.00010820527677424252,0.0016991428565233946,-0.001792087103240192,0.0,1.46,30
767.3132270202041,1781616415.5984292,5.72295618057251,-0.02187911793589592,9.827393531799316,0.00011718979658326134,0.0016548165585845709,-0.0017974055372178555,0.0,1.47,30
767.3232270199805,1781616415.6079483,5.723042964935303,-0.02268773876130581,9.829485893249512,0.00012325476564001292,0.0015895050019025803,-0.0018028814811259508,0.0,1.48,30
767.333227019757,1781616415.6176965,5.721632480621338,-0.022968001663684845,9.831414222717285,0.00012652309669647366,0.0015053574461489916,-0.0018086557975038886,0.0,1.49,30
767.3432270195335,1781616415.6297698,5.720399856567383,-0.022074107080698013,9.833148002624512,0.0001271759538212791,0.0014046818250790238,-0.001814666436985135,0.0,1.5,30
767.35322701931,1781616415.6392837,5.719557762145996,-0.02329321950674057,9.834688186645508,0.00012520558084361255,0.0012898904969915748,-0.0018205606611445546,0.0,1.51,30
767.3632270190865,1781616415.649822,5.718639850616455,-0.023378999903798103,9.836009979248047,0.00012073097605025396,0.0011634333059191704,-0.0018261425429955125,0.0,1.52,30
767.373227018863,1781616415.661323,5.717422008514404,-0.022477461025118828,9.837099075317383,0.0001141396933235228,0.0010278250556439161,-0.0018317137146368623,0.0,1.53,30
767.3832270186394,1781616415.6708324,5.717247486114502,-0.024496061727404594,9.837981224060059,0.00010544231918174773,0.0008855381747707725,-0.0018372503109276295,0.0,1.54,30
767.3932270184159,1781616415.6803467,5.714888572692871,-0.022874128073453903,9.838621139526367,9.526823123451322e-05,0.0007389642996713519,-0.0018427070463076234,0.0,1.55,30
767.4032270181924,1781616415.6898692,5.715129375457764,-0.023650944232940674,9.839064598083496,8.350836287718266e-05,0.000590530049521476,-0.001848468673415482,0.0,1.56,30
767.4132270179689,1781616415.6999862,5.712979793548584,-0.0231317225843668,9.83926773071289,7.04681224306114e-05,0.0004423756035976112,-0.0018541273893788457,0.0,1.57,30
767.4232270177454,1781616415.7100062,5.713147163391113,-0.02398580312728882,9.839272499084473,5.630734813166782e-05,0.000296615093247965,-0.0018595780711621046,0.0,1.58,30
767.4332270175219,1781616415.7205195,5.711710453033447,-0.024347178637981415,9.83908462524414,4.137400537729263e-05,0.00015520575107075274,-0.0018652310827746987,0.0,1.59,30
767.4432270172983,1781616415.7310157,5.711332321166992,-0.024271462112665176,9.83871078491211,2.5976813049055636e-05,1.9917952158721164e-05,-0.0018705048132687807,0.0,1.6,30
767.4532270170748,1781616415.74052,5.70921516418457,-0.023751331493258476,9.838170051574707,1.0395993740530685e-05,-0.00010770186054287478,-0.0018760435050353408,0.0,1.61,30
767.4632270168513,1781616415.750048,5.708934307098389,-0.02479516714811325,9.837486267089844,-5.229801445238991e-06,-0.00022625333804171532,-0.0018813075730577111,0.0,1.62,30
767.4732270166278,1781616415.7601454,5.708489418029785,-0.024795660749077797,9.836671829223633,-2.0569366824929602e-05,-0.00033462344435974956,-0.0018864631420001388,0.0,1.6300000000000001,30
767.4832270164043,1781616415.7716503,5.706393718719482,-0.024284807965159416,9.835737228393555,-3.532171103870496e-05,-0.0004318126302678138,-0.0018919178983196616,0.0,1.6400000000000001,30
767.4932270161808,1781616415.7801542,5.706830024719238,-0.026219656690955162,9.834711074829102,-4.952666859026067e-05,-0.0005171537050046027,-0.0018973287660628557,0.0,1.6500000000000001,30
767.5032270159572,1781616415.7896588,5.704575538635254,-0.024660266935825348,9.833623886108398,-6.256472261156887e-05,-0.0005900501273572445,-0.0019026010995730758,0.0,1.6600000000000001,30
767.5132270157337,1781616415.7987857,5.704782962799072,-0.025490202009677887,9.832472801208496,-7.460653432644904e-05,-0.0006502073956653476,-0.0019078623736277223,0.0,1.67,30
767.5232270155102,1781616415.8090057,5.703404903411865,-0.02587217278778553,9.83130168914795,-8.55468533700332e-05,-0.0006975306896492839,-0.0019132046727463603,0.0,1.68,30
767.5332270152867,1781616415.8178651,5.70231819152832,-0.025045229122042656,9.830109596252441,-9.506660717306659e-05,-0.0007320353761315346,-0.0019184129778295755,0.0,1.69,30
767.5432270150632,1781616415.8280067,5.701598644256592,-0.02628946490585804,9.8289155960083,-0.00010346059571020305,-0.0007540314691141248,-0.0019233431667089462,0.0,1.7,30
767.5532270148396,1781616415.8405023,5.700710773468018,-0.02647867612540722,9.827749252319336,-0.00011053591151721776,-0.000763928284868598,-0.0019282837165519595,0.0,1.71,30
767.5632270146161,1781616415.8500278,5.7003045082092285,-0.026496106758713722,9.826621055603027,-0.00011618217831710353,-0.0007622865377925336,-0.001933345920406282,0.0,1.72,30
767.5732270143926,1781616415.8595417,5.6982645988464355,-0.026042290031909943,9.825528144836426,-0.00012036188854835927,-0.0007497776532545686,-0.0019385983468964696,0.0,1.73,30
767.5832270141691,1781616415.8700595,5.69853401184082,-0.026966631412506104,9.824514389038086,-0.0001233453513123095,-0.0007271937793120742,-0.0019435770809650421,0.0,1.74,30
767.5932270139456,1781616415.8805513,5.69716739654541,-0.02734948694705963,9.823561668395996,-0.00012505911581683904,-0.0006955210701562464,-0.0019485458033159375,0.0,1.75,30
767.6032270137221,1781616415.8920794,5.696191310882568,-0.02762278914451599,9.822705268859863,-0.00012542262265924364,-0.0006556391599588096,-0.0019532074220478535,0.0,1.76,30
767.6132270134985,1781616415.9015749,5.694629192352295,-0.02697240561246872,9.821938514709473,-0.00012430624337866902,-0.0006086447392590344,-0.001958170672878623,0.0,1.77,30
767.623227013275,1781616415.9113595,5.695544719696045,-0.028697844594717026,9.82125473022461,-0.00012215673632454127,-0.0005556289688684046,-0.001962750218808651,0.0,1.78,30
767.6332270130515,1781616415.9218643,5.692822456359863,-0.027333881705999374,9.820685386657715,-0.00011873629409819841,-0.0004976761993020773,-0.001966874347999692,0.0,1.79,30
767.643227012828,1781616415.9309583,5.692602157592773,-0.028426818549633026,9.82021713256836,-0.00011435325723141432,-0.0004358795122243464,-0.0019708096515387297,0.0,1.8,30
767.6532270126045,1781616415.940009,5.692183971405029,-0.028441106900572777,9.819859504699707,-0.00010902516078203917,-0.0003713435144163668,-0.001974967774003744,0.0,1.81,30
767.663227012381,1781616415.950424,5.6899919509887695,-0.027979355305433273,9.819587707519531,-0.00010294307867297903,-0.0003051756648346782,-0.0019789543002843857,0.0,1.82,30
767.6732270121574,1781616415.9599285,5.690435409545898,-0.029914969578385353,9.819413185119629,-9.648543345974758e-05,-0.0002384050894761458,-0.0019835843704640865,0.0,1.83,30
767.6832270119339,1781616415.9704351,5.688178062438965,-0.028367701917886734,9.819355010986328,-8.932536002248526e-05,-0.0001719876891002059,-0.00198789918795228,0.0,1.84,30
767.6932270117104,1781616415.9799488,5.688397407531738,-0.029238209128379822,9.81938648223877,-8.194736437872052e-05,-0.0001068584606400691,-0.0019927152898162603,0.0,1.85,30
767.7032270114869,1781616415.9894557,5.6870012283325195,-0.02962493896484375,9.819490432739258,-7.445314258802682e-05,-4.390918184071779e-05,-0.001997158396989107,0.0,1.86,30
767.7132270112634,1781616415.9989834,5.685775279998779,-0.028824802488088608,9.819679260253906,-6.678605132037774e-05,1.6123487512231804e-05,-0.002001558430492878,0.0,1.87,30
767.7232270110399,1781616416.0074878,5.685720443725586,-0.030948642641305923,9.819948196411133,-5.928193058934994e-05,7.252178329508752e-05,-0.0020060581155121326,0.0,1.8800000000000001,30
767.7332270108163,1781616416.0192304,5.683445453643799,-0.02939104102551937,9.820276260375977,-5.1906950830016285e-05,0.00012473097012843937,-0.0020102846901863813,0.0,1.8900000000000001,30
767.7432270105928,1781616416.027745,5.683167457580566,-0.030432624742388725,9.820671081542969,-4.4772888941224664e-05,0.00017226806085091084,-0.0020147382747381926,0.0,1.9000000000000001,30
767.7532270103693,1781616416.0378168,5.682602405548096,-0.030478453263640404,9.821112632751465,-3.791719791479409e-05,0.00021471634681802243,-0.0020188975613564253,0.0,1.9100000000000001,30
767.7632270101458,1781616416.0500648,5.680488586425781,-0.029965249821543694,9.821599960327148,-3.146649032714777e-05,0.0002518304972909391,-0.0020232570823282003,0.0,1.92,30
767.7732270099223,1781616416.0595794,5.680683135986328,-0.03083271160721779,9.822100639343262,-2.5761197321116924e-05,0.00028328225016593933,-0.0020274347625672817,0.0,1.93,30
767.7832270096987,1781616416.0690904,5.679262638092041,-0.03120356611907482,9.822624206542969,-2.081434467982035e-05,0.00030895229429006577,-0.0020314345601946115,0.0,1.94,30
767.7932270094752,1781616416.0796056,5.678208351135254,-0.031417712569236755,9.823158264160156,-1.6388903532060795e-05,0.00032883501262404025,-0.0020355619490146637,0.0,1.95,30
767.8032270092517,1781616416.0890064,5.67726469039917,-0.03160061314702034,9.823691368103027,-1.2579731446749065e-05,0.0003430078795645386,-0.0020399345085024834,0.0,1.96,30
767.8132270090282,1781616416.0990796,5.676777362823486,-0.03156275302171707,9.824239730834961,-9.277848221245222e-06,0.0003516429278533906,-0.0020443142857402563,0.0,1.97,30
767.8232270088047,1781616416.1090777,5.67465353012085,-0.03104976937174797,9.824763298034668,-6.5862354858836625e-06,0.0003548850945662707,-0.00204865843988955,0.0,1.98,30
767.8332270085812,1781616416.1191046,5.674246311187744,-0.03212456405162811,9.82528018951416,-4.690319656219799e-06,0.0003529879031702876,-0.002053138567134738,0.0,1.99,30
767.8432270083576,1781616416.1296322,5.67378044128418,-0.032127752900123596,9.825764656066895,-3.459958406892838e-06,0.00034626934211701155,-0.0020574210211634636,0.0,2.0,30
767.8532270081341,1781616416.1401482,5.672329902648926,-0.032452743500471115,9.826225280761719,-2.8878080229333136e-06,0.00033515100949443877,-0.00206175958737731,0.0,2.0100000000000002,30
767.8632270079106,1781616416.150653,5.670573711395264,-0.03178298845887184,9.826626777648926,-2.875842255889438e-06,0.0003199976636096835,-0.0020661461167037487,0.0,2.02,30
767.8732270076871,1781616416.161123,5.670759677886963,-0.032644882798194885,9.827016830444336,-3.7280021842889255e-06,0.000301300548017025,-0.002070459071546793,0.0,2.0300000000000002,30
767.8832270074636,1781616416.1706202,5.6693339347839355,-0.03301388397812843,9.827359199523926,-5.185916961636394e-06,0.000279518571915105,-0.0020747727248817682,0.0,2.04,30
767.8932270072401,1781616416.181134,5.668277263641357,-0.03322916850447655,9.827659606933594,-7.068763352435781e-06,0.000255148479482159,-0.002079740632325411,0.0,2.05,30
767.9032270070165,1781616416.1896608,5.667311191558838,-0.03337235003709793,9.827912330627441,-9.35483149078209e-06,0.00022864891798235476,-0.002084306674078107,0.0,2.06,30
767.913227006793,1781616416.1991665,5.6668500900268555,-0.03337038308382034,9.828110694885254,-1.1830374205601402e-05,0.00020054074411746114,-0.0020887942519038916,0.0,2.07,30
767.9232270065695,1781616416.207681,5.664595603942871,-0.03284876048564911,9.828269004821777,-1.4560390809492674e-05,0.0001713095116429031,-0.0020934860222041607,0.0,2.08,30
767.933227006346,1781616416.218711,5.664308547973633,-0.0338907465338707,9.828378677368164,-1.776737735781353e-05,0.00014146915054880083,-0.002098193159326911,0.0,2.09,30
767.9432270061225,1781616416.2282116,5.663851737976074,-0.033893078565597534,9.828450202941895,-2.114282142429147e-05,0.00011149043712066486,-0.002102914731949568,0.0,2.1,30
767.953227005899,1781616416.2387297,5.661648273468018,-0.033461131155490875,9.828465461730957,-2.460088398947846e-05,8.175258699338883e-05,-0.002107459818944335,0.0,2.11,30
767.9632270056754,1781616416.249252,5.662520885467529,-0.035164061933755875,9.828441619873047,-2.8401051167747937e-05,5.26671574334614e-05,-0.0021120046731084585,0.0,2.12,30
767.9732270054519,1781616416.2587626,5.659165859222412,-0.034006111323833466,9.828380584716797,-3.206292967661284e-05,2.4619608666398562e-05,-0.0021166421938687563,0.0,2.13,30
767.9832270052284,1781616416.2690997,5.659848213195801,-0.0346791110932827,9.828278541564941,-3.5787528759101406e-05,-2.0416198367456673e-06,-0.002121269004419446,0.0,2.14,30
767.9932270050049,1781616416.2796042,5.658325672149658,-0.03508985415101051,9.828143119812012,-3.939081580028869e-05,-2.7043573936680332e-05,-0.0021255125757306814,0.0,2.15,30
768.0032270047814,1781616416.2901192,5.6571807861328125,-0.034204769879579544,9.82798957824707,-4.276336039765738e-05,-5.007558866054751e-05,-0.002129723783582449,0.0,2.16,30
768.0132270045578,1781616416.301625,5.657011032104492,-0.03636184334754944,9.82779312133789,-4.615169018507004e-05,-7.102332165231928e-05,-0.002133617177605629,0.0,2.17,30
768.0232270043343,1781616416.3111737,5.6547369956970215,-0.034796327352523804,9.827600479125977,-4.910320058115758e-05,-8.961515413830057e-05,-0.0021377846132963896,0.0,2.18,30
768.0332270041108,1781616416.3206928,5.65435266494751,-0.035878948867321014,9.827374458312988,-5.178304490982555e-05,-0.00010573031613603234,-0.0021419073455035686,0.0,2.19,30
768.0432270038873,1781616416.3309977,5.6538872718811035,-0.03584042191505432,9.827140808105469,-5.416881322162226e-05,-0.00011932782217627391,-0.0021456568501889706,0.0,2.2,30
768.0532270036638,1781616416.3415017,5.651698112487793,-0.035408277064561844,9.826889038085938,-5.626674828818068e-05,-0.00013033834693487734,-0.002149525098502636,0.0,2.21,30
768.0632270034403,1781616416.352021,5.652104377746582,-0.037294015288352966,9.826638221740723,-5.825979678775184e-05,-0.0001387766096740961,-0.0021533335093408823,0.0,2.22,30
768.0732270032167,1781616416.361525,5.650396347045898,-0.036611173301935196,9.826383590698242,-5.970339407213032e-05,-0.00014466576976701617,-0.002157206181436777,0.0,2.23,30
768.0832270029932,1781616416.3710418,5.649259567260742,-0.035733334720134735,9.82613468170166,-6.057782957213931e-05,-0.0001480429491493851,-0.002161117037758231,0.0,2.24,30
768.0932270027697,1781616416.3805556,5.646661281585693,-0.03700683265924454,9.826044082641602,-6.129861139925197e-05,-0.00014530985208693892,-0.0021648036781698465,0.0,2.25,30
768.1032270025462,1781616416.3900757,5.640500545501709,-0.03717609494924545,9.826284408569336,-6.170923734316602e-05,-0.00012930015509482473,-0.0021682532969862223,0.0,2.2600000000000002,30
768.1132270023227,1781616416.3995986,5.634266376495361,-0.03735988587141037,9.826386451721191,-6.183207733556628e-05,-0.00010147486318601295,-0.0021714987233281136,0.0,2.27,30
768.1232270020992,1781616416.4089983,5.6273579597473145,-0.036702319979667664,9.826366424560547,-6.158436735859141e-05,-6.326790025923401e-05,-0.0021747013088315725,0.0,2.2800000000000002,30
768.1332270018756,1781616416.4186673,5.622955322265625,-0.038455814123153687,9.826223373413086,-6.122551712905988e-05,-1.621644878468942e-05,-0.0021774566266685724,0.0,2.29,30
768.1432270016521,1781616416.4281628,5.614892482757568,-0.03708495572209358,9.825984954833984,-6.040753214620054e-05,3.811283750110306e-05,-0.002180166309699416,0.0,2.3000000000000003,30
768.1532270014286,1781616416.437668,5.609312534332275,-0.038130346685647964,9.825632095336914,-5.951044295215979e-05,9.816286183195189e-05,-0.0021825905423611403,0.0,2.31,30
768.1632270012051,1781616416.4480064,5.603580951690674,-0.038181133568286896,9.825227737426758,-5.8356119552627206e-05,0.0001623744610697031,-0.00218505528755486,0.0,2.32,30
768.1732270009816,1781616416.4580867,5.596842288970947,-0.0385163351893425,9.824748992919922,-5.7101067795883864e-05,0.00022926880046725273,-0.0021872061770409346,0.0,2.33,30
768.183227000758,1781616416.4676094,5.590605735778809,-0.038700297474861145,9.824246406555176,-5.567685730056837e-05,0.000297557475278154,-0.002189536578953266,0.0,2.34,30
768.1932270005345,1781616416.481704,5.583691120147705,-0.038047581911087036,9.82373332977295,-5.397307177190669e-05,0.00036593430559150875,-0.0021917172707617283,0.0,2.35,30
768.203227000311,1781616416.4919112,5.578798770904541,-0.03997860848903656,9.823223114013672,-5.230104216025211e-05,0.00043318449752405286,-0.0021936760749667883,0.0,2.36,30
768.2132270000875,1781616416.5020044,5.571878910064697,-0.039260268211364746,9.82274055480957,-5.028429950471036e-05,0.0004983950057066977,-0.002195680048316717,0.0,2.37,30
768.223226999864,1781616416.5211248,5.565718650817871,-0.03936665132641792,9.822304725646973,-4.804459967999719e-05,0.0005605692858807743,-0.00219770148396492,0.0,2.38,30
768.2332269996405,1781616416.526636,5.558769702911377,-0.038668058812618256,9.821937561035156,-4.561847890727222e-05,0.0006190375424921513,-0.0021995496936142445,0.0,2.39,30
768.243226999417,1781616416.5351336,5.553645610809326,-0.03953397646546364,9.821632385253906,-4.33316599810496e-05,0.0006732122274115682,-0.0022014547139406204,0.0,2.4,30
768.2532269991934,1781616416.5456407,5.547695159912109,-0.04071779176592827,9.821417808532715,-4.1119230445474386e-05,0.0007225170847959816,-0.002202940173447132,0.0,2.41,30
768.2632269989699,1781616416.5551457,5.5400824546813965,-0.03915625065565109,9.821293830871582,-3.8744485209463164e-05,0.0007666085148230195,-0.002204745076596737,0.0,2.42,30
768.2732269987464,1781616416.5656517,5.5344696044921875,-0.04020451754331589,9.821270942687988,-3.6447378079174086e-05,0.0008053201017901301,-0.002206596313044429,0.0,2.43,30
768.2832269985229,1781616416.578166,5.528314590454102,-0.0403544083237648,9.821330070495605,-3.42588136845734e-05,0.000838504929561168,-0.0022084414958953857,0.0,2.44,30
768.2932269982994,1781616416.5846815,5.522042274475098,-0.04054113104939461,9.821486473083496,-3.2131447369465604e-05,0.0008660797611810267,-0.0022102969232946634,0.0,2.45,30
768.3032269980758,1781616416.5949903,5.515769958496094,-0.040728405117988586,9.821727752685547,-3.0079034331720322e-05,0.0008881275425665081,-0.0022120457142591476,0.0,2.46,30
768.3132269978523,1781616416.605494,5.510064125061035,-0.04065276309847832,9.822053909301758,-2.796744229272008e-05,0.0009047579951584339,-0.002213818486779928,0.0,2.47,30
768.3232269976288,1781616416.616138,5.50282621383667,-0.041211146861314774,9.822437286376953,-2.6005489417002536e-05,0.0009161647176370025,-0.0022156054619699717,0.0,2.48,30
768.3332269974053,1781616416.6296434,5.496922016143799,-0.04010244086384773,9.822876930236816,-2.404655060672667e-05,0.0009225992835126817,-0.002217106055468321,0.0,2.49,30
768.3432269971818,1781616416.637158,5.491512775421143,-0.042223554104566574,9.823373794555664,-2.244391907879617e-05,0.0009243413223885,-0.002218561712652445,0.0,2.5,30
768.3532269969583,1781616416.6466644,5.4839935302734375,-0.04062703251838684,9.823884010314941,-2.0859069991274737e-05,0.0009217181941494346,-0.002220081863924861,0.0,2.5100000000000002,30
768.3632269967347,1781616416.6551695,5.479152202606201,-0.042475879192352295,9.824440002441406,-1.9720584532478824e-05,0.0009151445119641721,-0.0022212888579815626,0.0,2.52,30
768.3732269965112,1781616416.664685,5.471519947052002,-0.040914200246334076,9.824978828430176,-1.8521059246268123e-05,0.0009049616637639701,-0.002222601091489196,0.0,2.5300000000000002,30
768.3832269962877,1781616416.679905,5.466678142547607,-0.04276338964700699,9.825535774230957,-1.762581268849317e-05,0.0008915949729271233,-0.0022238995879888535,0.0,2.54,30
768.3932269960642,1781616416.6872017,5.4591827392578125,-0.04121347516775131,9.826070785522461,-1.6677789972163737e-05,0.0008754223235882819,-0.0022249999456107616,0.0,2.5500000000000003,30
768.4032269958407,1781616416.698701,5.454012870788574,-0.04203224182128906,9.826577186584473,-1.597891423443798e-05,0.0008568328921683133,-0.002226433949545026,0.0,2.56,30
768.4132269956172,1781616416.7092707,5.447363376617432,-0.04237699508666992,9.827048301696777,-1.560236887598876e-05,0.0008362478110939264,-0.0022275331430137157,0.0,2.57,30
768.4232269953936,1781616416.720792,5.44119930267334,-0.04252276197075844,9.827471733093262,-1.5529067241004668e-05,0.0008140399004332721,-0.0022289645858108997,0.0,2.58,30
768.4332269951701,1781616416.7373657,5.435033798217773,-0.04267493635416031,9.82785415649414,-1.5707852071500383e-05,0.0007905934471637011,-0.0022298251278698444,0.0,2.59,30
768.4432269949466,1781616416.7413652,5.42875862121582,-0.0428566075861454,9.8281831741333,-1.5988776794984005e-05,0.0007663065916858613,-0.002231081249192357,0.0,2.6,30
768.4532269947231,1781616416.7508621,5.422597885131836,-0.043010443449020386,9.82846450805664,-1.6416486687376164e-05,0.0007415377767756581,-0.0022321317810565233,0.0,2.61,30
768.4632269944996,1781616416.7600665,5.416006088256836,-0.04321916028857231,9.825101852416992,5.101380793348653e-06,0.0006968594971112907,-0.0022308072075247765,0.0,2.62,30
768.473226994276,1781616416.7695708,5.410733222961426,-0.047669198364019394,9.829378128051758,-1.9512686776579358e-05,0.0006747163715772331,-0.0022426832001656294,0.0,2.63,30
768.4832269940525,1781616416.7790911,5.40410041809082,-0.04261622577905655,9.829571723937988,-1.659785812080372e-05,0.0006532587576657534,-0.0022436133585870266,0.0,2.64,30
768.493226993829,1781616416.7906182,5.397322177886963,-0.04205946624279022,9.829626083374023,-1.4737295714439824e-05,0.0006325489957816899,-0.0022444776259362698,0.0,2.65,30
768.5032269936055,1781616416.8011315,5.392828941345215,-0.04733921214938164,9.829559326171875,-3.5937951906817034e-05,0.0006128038512542844,-0.0022560928482562304,0.0,2.66,30
768.513226993382,1781616416.8111463,5.385179042816162,-0.04284818097949028,9.829505920410156,-3.0512572266161442e-05,0.0005941455601714551,-0.0022566590923815966,0.0,2.67,30
768.5232269931585,1781616416.820651,5.379997253417969,-0.045230843126773834,9.829336166381836,-3.7817517295479774e-05,0.0005766738904640079,-0.0022626074496656656,0.0,2.68,30
768.5332269929349,1781616416.8321545,5.372791767120361,-0.04220552742481232,9.82914924621582,-3.261564779677428e-05,0.0005605029873549938,-0.002262858673930168,0.0,2.69,30
768.5432269927114,1781616416.84366,5.367840766906738,-0.047635648399591446,9.828853607177734,-5.002565012546256e-05,0.0005456972867250443,-0.0022732154466211796,0.0,2.7,30
768.5532269924879,1781616416.8530066,5.361245632171631,-0.04769008979201317,9.828582763671875,-6.459393625846133e-05,0.0005324342055246234,-0.0022839216981083155,0.0,2.71,30
768.5632269922644,1781616416.8620596,5.355121612548828,-0.04285607114434242,9.82833194732666,-5.3492542065214366e-05,0.0005207009962759912,-0.0022836027201265097,0.0,2.72,30
768.5732269920409,1781616416.874076,5.3487467765808105,-0.0468493290245533,9.827966690063477,-6.602513894904405e-05,0.0005105769960209727,-0.0022932011634111404,0.0,2.73,30
768.5832269918174,1781616416.8830786,5.342902183532715,-0.04552709683775902,9.827670097351074,-6.518113514175639e-05,0.0005021249526180327,-0.0022974966559559107,0.0,2.74,30
768.5932269915938,1781616416.8957415,5.336627006530762,-0.04691339284181595,9.827330589294434,-7.440824992954731e-05,0.00049536710139364,-0.002306549344211817,0.0,2.75,30
768.6032269913703,1781616416.9052565,5.331141471862793,-0.04776519164443016,9.82702922821045,-8.14683226053603e-05,0.0004903225926682353,-0.0023152953945100307,0.0,2.7600000000000002,30
768.6132269911468,1781616416.9168205,5.324586391448975,-0.04342938959598541,9.826766967773438,-6.472232053056359e-05,0.0004868987016379833,-0.002312673954293132,0.0,2.77,30
768.6232269909233,1781616416.9253259,5.318525791168213,-0.048251520842313766,9.82643985748291,-7.10858657839708e-05,0.0004851659759879112,-0.0023191245272755623,0.0,2.7800000000000002,30
768.6332269906998,1781616416.9368312,5.312440395355225,-0.04824606701731682,9.826196670532227,-7.538311911048368e-05,0.0004850737750530243,-0.002325366949662566,0.0,2.79,30
768.6432269904763,1781616416.945028,5.306149005889893,-0.04718439280986786,9.825966835021973,-7.768790237605572e-05,0.000486523233121261,-0.0023313260171562433,0.0,2.8000000000000003,30
768.6532269902527,1781616416.955308,5.300381183624268,-0.048208240419626236,9.825758934020996,-7.853524584788829e-05,0.0004894339945167303,-0.0023368997499346733,0.0,2.81,30
768.6632269900292,1781616416.9668376,5.29433012008667,-0.04826641455292702,9.825582504272461,-7.798102888045833e-05,0.0004936903133057058,-0.002342091640457511,0.0,2.82,30
768.6732269898057,1781616416.9743338,5.288758754730225,-0.04814625158905983,9.825435638427734,-7.608635496580973e-05,0.0004991493769921362,-0.0023466499987989664,0.0,2.83,30
768.6832269895822,1781616416.9838367,5.281551361083984,-0.047545094043016434,9.825321197509766,-7.302471931325272e-05,0.0005057043163105845,-0.002350432798266411,0.0,2.84,30
768.6932269893587,1781616416.993839,5.27685022354126,-0.049309637397527695,9.825225830078125,-6.900168227730319e-05,0.0005132309161126614,-0.0023539129178971052,0.0,2.85,30
768.7032269891351,1781616417.0030262,5.269357204437256,-0.04775046557188034,9.825153350830078,-6.411660433514044e-05,0.0005215539713390172,-0.002356458455324173,0.0,2.86,30
768.7132269889116,1781616417.0125084,5.26446008682251,-0.048492614179849625,9.8251314163208,-5.8554840506985784e-05,0.0005305283702909946,-0.0023585588205605745,0.0,2.87,30
768.7232269886881,1781616417.0292654,5.256378650665283,-0.04873475432395935,9.8252592086792,-5.256344593362883e-05,0.0005433521582745016,-0.0023598605766892433,0.0,2.88,30
768.7332269884646,1781616417.0347736,5.248602390289307,-0.04874829947948456,9.825406074523926,-4.618633465724997e-05,0.0005602681776508689,-0.0023603802546858788,0.0,2.89,30
768.7432269882411,1781616417.0449994,5.240699291229248,-0.04882992431521416,9.825531959533691,-3.950174868805334e-05,0.0005806920817121863,-0.0023605315946042538,0.0,2.9,30
768.7532269880176,1781616417.0575113,5.232776641845703,-0.04886704683303833,9.825616836547852,-3.2781877962406725e-05,0.0006039738073013723,-0.0023595967795699835,0.0,2.91,30
768.763226987794,1781616417.0710151,5.224648952484131,-0.04902901500463486,9.82567024230957,-2.5992578230216168e-05,0.0006294707418419421,-0.0023584894370287657,0.0,2.92,30
768.7732269875705,1781616417.080511,5.216244220733643,-0.049247365444898605,9.825702667236328,-1.9327537302160636e-05,0.0006565907970070839,-0.0023563532158732414,0.0,2.93,30
768.783226987347,1781616417.0900166,5.209723472595215,-0.049894534051418304,9.825695037841797,-1.2757445801980793e-05,0.0006846596952527761,-0.0023537534289062023,0.0,2.94,30
768.7932269871235,1781616417.1024842,5.200446605682373,-0.04821684584021568,9.82564640045166,-6.253247647691751e-06,0.0007130130543373525,-0.002350631169974804,0.0,2.95,30
768.8032269869,1781616417.1125102,5.193871021270752,-0.0499640591442585,9.825601577758789,-1.6398199420564197e-07,0.0007411223486997187,-0.0023467163555324078,0.0,2.96,30
768.8132269866765,1781616417.1254184,5.185267448425293,-0.049122028052806854,9.825543403625488,5.6792391660565045e-06,0.0007685937453061342,-0.0023427032865583897,0.0,2.97,30
768.8232269864529,1781616417.1339204,5.176857948303223,-0.049341946840286255,9.825468063354492,1.1080157491960563e-05,0.0007948580314405262,-0.002338460413739085,0.0,2.98,30
768.8332269862294,1781616417.1439235,5.169408321380615,-0.04919489100575447,9.825407028198242,1.604625504114665e-05,0.0008196234120987356,-0.002333614742383361,0.0,2.99,30
768.8432269860059,1781616417.1545124,5.162379264831543,-0.0499831885099411,9.825348854064941,2.0535393559839576e-05,0.0008424989064224064,-0.002328378614038229,0.0,3.0,30
768.8532269857824,1781616417.1670215,5.153289794921875,-0.049327339977025986,9.825309753417969,2.458454400766641e-05,0.0008633664692752063,-0.002322948072105646,0.0,3.0100000000000002,30
768.8632269855589,1781616417.1771944,5.145161151885986,-0.048340193927288055,9.825277328491211,2.824537477863487e-05,0.0008818775531835854,-0.0023172900546342134,0.0,3.02,30
768.8732269853354,1781616417.187702,5.138803482055664,-0.05000673979520798,9.825278282165527,3.118936365353875e-05,0.0008979304111562669,-0.0023110746406018734,0.0,3.0300000000000002,30
768.8832269851118,1781616417.196011,5.130387783050537,-0.05018915981054306,9.82529067993164,3.366269447724335e-05,0.0009114732965826988,-0.0023046862334012985,0.0,3.04,30
768.8932269848883,1781616417.2065022,5.121999740600586,-0.04926610365509987,9.825335502624512,3.570368789951317e-05,0.0009224549867212772,-0.002297803293913603,0.0,3.0500000000000003,30
768.9032269846648,1781616417.2248132,5.115196704864502,-0.04990585148334503,9.825390815734863,3.7473506381502375e-05,0.0009308147127740085,-0.0022907708771526814,0.0,3.06,30
768.9132269844413,1781616417.2298126,5.106326580047607,-0.04917025566101074,9.825506210327148,3.8912054151296616e-05,0.0009367445600219071,-0.0022840616293251514,0.0,3.0700000000000003,30
768.9232269842178,1781616417.2381914,5.099069595336914,-0.04889734461903572,9.825614929199219,3.996209488832392e-05,0.0009402454597875476,-0.00227736565284431,0.0,3.08,30
768.9332269839942,1781616417.2486956,5.090651035308838,-0.04912222549319267,9.825759887695312,4.059551429236308e-05,0.0009414500091224909,-0.002270554192364216,0.0,3.09,30
768.9432269837707,1781616417.258014,5.0840678215026855,-0.04968368262052536,9.825920104980469,4.087968045496382e-05,0.0009405622258782387,-0.002263817936182022,0.0,3.1,30
768.9532269835472,1781616417.268518,5.075677871704102,-0.048774320632219315,9.826111793518066,4.0891904063755646e-05,0.0009377165697515011,-0.0022568621207028627,0.0,3.11,30
768.9632269833237,1781616417.2800355,5.067481517791748,-0.04891179874539375,9.826295852661133,4.044868910568766e-05,0.0009330782922916114,-0.0022499957121908665,0.0,3.12,30
768.9732269831002,1781616417.2905495,5.060698509216309,-0.04961523041129112,9.826498031616211,3.9788912545191124e-05,0.0009268578141927719,-0.0022430038079619408,0.0,3.13,30
768.9832269828767,1781616417.300054,5.051826477050781,-0.04888356849551201,9.826699256896973,3.894351175404154e-05,0.0009192319703288376,-0.0022360689472407103,0.0,3.14,30
768.9932269826531,1781616417.311467,5.044112205505371,-0.04884034022688866,9.826894760131836,3.7909332604613155e-05,0.0009103634511120617,-0.0022288146428763866,0.0,3.15,30
769.0032269824296,1781616417.3209953,5.03755521774292,-0.049453914165496826,9.827099800109863,3.675397238112055e-05,0.0009005239116959274,-0.0022214760538190603,0.0,3.16,30
769.0132269822061,1781616417.3314884,5.028660774230957,-0.04867316409945488,9.827293395996094,3.547018422977999e-05,0.0008899391395971179,-0.0022141665685921907,0.0,3.17,30
769.0232269819826,1781616417.3410025,5.022103786468506,-0.0492933914065361,9.827457427978516,3.413223384995945e-05,0.0008786838734522462,-0.0022065145894885063,0.0,3.18,30
769.0332269817591,1781616417.3550127,5.013235569000244,-0.048561930656433105,9.827627182006836,3.286339415353723e-05,0.0008670447859913111,-0.002199424197897315,0.0,3.19,30
769.0432269815356,1781616417.3662393,5.006003379821777,-0.048350606113672256,9.827770233154297,3.165589441778138e-05,0.0008551517385058105,-0.0021923568565398455,0.0,3.2,30
769.053226981312,1781616417.378746,4.998037338256836,-0.048411451280117035,9.827893257141113,3.0320026780827902e-05,0.0008431610185652971,-0.0021852306090295315,0.0,3.21,30
769.0632269810885,1781616417.3927832,4.99148416519165,-0.049032773822546005,9.827988624572754,2.8907857995363884e-05,0.0008312457357533276,-0.002177851740270853,0.0,3.22,30
769.073226980865,1781616417.4009151,4.983098030090332,-0.05223127827048302,9.828041076660156,7.849786925362423e-06,0.0008195425616577268,-0.002180656651034951,0.0,3.23,30
769.0832269806415,1781616417.409429,4.974788188934326,-0.04700654372572899,9.828134536743164,9.36994456424145e-06,0.0008081941632553935,-0.0021744573023170233,0.0,3.24,30
769.093226980418,1781616417.418011,4.968535900115967,-0.05291322246193886,9.828141212463379,-9.352745109936222e-06,0.0007972985622473061,-0.002177482470870018,0.0,3.25,30
769.1032269801944,1781616417.4271688,4.960275173187256,-0.04766327887773514,9.82819938659668,-5.28119744558353e-06,0.0007868896354921162,-0.0021710870787501335,0.0,3.2600000000000002,30
769.1132269799709,1781616417.4376779,4.9526472091674805,-0.05193238705396652,9.82816219329834,-2.1791869585285895e-05,0.000777118606492877,-0.0021744139958173037,0.0,3.27,30
769.1232269797474,1781616417.4509375,4.944210529327393,-0.05081133916974068,9.82813549041748,-3.482973261270672e-05,0.0007680290145799518,-0.0021783867850899696,0.0,3.2800000000000002,30
769.1332269795239,1781616417.4604428,4.937990188598633,-0.04830073192715645,9.828141212463379,-2.608117210911587e-05,0.000759688438847661,-0.0021724470425397158,0.0,3.29,30
769.1432269793004,1781616417.4699807,4.929758071899414,-0.05183834582567215,9.828042984008789,-3.841904617729597e-05,0.0007521723746322095,-0.002176182810217142,0.0,3.3000000000000003,30
769.1532269790769,1781616417.4814196,4.921596050262451,-0.0507204532623291,9.827972412109375,-4.776407513418235e-05,0.0007454974111169577,-0.0021800778340548277,0.0,3.31,30
769.1632269788533,1781616417.4919245,4.91522741317749,-0.051263563334941864,9.827898025512695,-5.4838510550325736e-05,0.0007396704750135541,-0.002183877397328615,0.0,3.3200000000000003,30
769.1732269786298,1781616417.5019712,4.90772008895874,-0.05228952318429947,9.827807426452637,-5.9903897636104375e-05,0.0007346589700318873,-0.0021873158402740955,0.0,3.33,30
769.1832269784063,1781616417.5116637,4.898890972137451,-0.05045726150274277,9.827710151672363,-6.285963900154456e-05,0.0007304847822524607,-0.0021909831557422876,0.0,3.34,30
769.1932269781828,1781616417.520881,4.892114639282227,-0.05132288858294487,9.827628135681152,-6.431650399463251e-05,0.000727202626876533,-0.002194260712713003,0.0,3.35,30
769.2032269779593,1781616417.531264,4.884460926055908,-0.05140712112188339,9.827510833740234,-6.436542753363028e-05,0.0007247031317092478,-0.0021978148724883795,0.0,3.36,30
769.2132269777358,1781616417.5407827,4.877031326293945,-0.051418088376522064,9.827425956726074,-6.32956507615745e-05,0.0007230360643006861,-0.002200694987550378,0.0,3.37,30
769.2232269775122,1781616417.5512972,4.869182109832764,-0.050480034202337265,9.827316284179688,-6.115320138633251e-05,0.000722056080121547,-0.0022030735854059458,0.0,3.38,30
769.2332269772887,1781616417.5608032,4.861972808837891,-0.05162757635116577,9.827225685119629,-5.84909830649849e-05,0.0007218325627036393,-0.0022050586994737387,0.0,3.39,30
769.2432269770652,1781616417.5719225,4.855268478393555,-0.05256757140159607,9.827142715454102,-5.549700290430337e-05,0.0007222709828056395,-0.0022068037651479244,0.0,3.4,30
769.2532269768417,1781616417.5814362,4.846306324005127,-0.051003895699977875,9.827065467834473,-5.169936048332602e-05,0.0007233438664115965,-0.002208246383816004,0.0,3.41,30
769.2632269766182,1781616417.5909405,4.840257167816162,-0.052799686789512634,9.82699203491211,-4.7741363232489675e-05,0.0007249157060869038,-0.0022094205487519503,0.0,3.42,30
769.2732269763947,1781616417.6004548,4.8315205574035645,-0.05115678533911705,9.826910972595215,-4.3361520511098206e-05,0.000726939644664526,-0.0022105274256318808,0.0,3.43,30
769.2832269761711,1781616417.6104767,4.824569225311279,-0.052191972732543945,9.826854705810547,-3.895193731295876e-05,0.000729372026398778,-0.002211323706433177,0.0,3.44,30
769.2932269759476,1781616417.6199822,4.817666530609131,-0.05211155489087105,9.826811790466309,-3.460520747466944e-05,0.0007321792072616518,-0.002211917657405138,0.0,3.45,30
769.3032269757241,1781616417.629497,4.809828758239746,-0.05245264992117882,9.826772689819336,-3.0397161026485264e-05,0.0007352062966674566,-0.0022124398965388536,0.0,3.46,30
769.3132269755006,1781616417.6390254,4.801966667175293,-0.052732113748788834,9.826740264892578,-2.6372154025011696e-05,0.0007384737255051732,-0.0022125805262476206,0.0,3.47,30
769.3232269752771,1781616417.64954,4.795568943023682,-0.052504029124975204,9.82673454284668,-2.246178155473899e-05,0.0007418391760438681,-0.00221253396011889,0.0,3.48,30
769.3332269750535,1781616417.6580548,4.78767728805542,-0.053896963596343994,9.826726913452148,-1.879592309705913e-05,0.0007452706922776997,-0.0022122799418866634,0.0,3.49,30
769.34322697483,1781616417.66816,4.779421806335449,-0.05205972120165825,9.826738357543945,-1.5072509086166974e-05,0.0007487580296583474,-0.0022118038032203913,0.0,3.5,30
769.3532269746065,1781616417.677697,4.772918224334717,-0.05293339863419533,9.826750755310059,-1.1680010175041389e-05,0.000752181513234973,-0.002211236860603094,0.0,3.5100000000000002,30
769.363226974383,1781616417.6867447,4.766236782073975,-0.053921520709991455,9.826764106750488,-8.621238521300256e-06,0.0007554933545179665,-0.0022106843534857035,0.0,3.52,30
769.3732269741595,1781616417.6950152,4.757500171661377,-0.052279889583587646,9.826793670654297,-5.6534286159148905e-06,0.0007586303981952369,-0.002210090635344386,0.0,3.5300000000000002,30
769.383226973936,1781616417.704015,4.7514472007751465,-0.05407518148422241,9.82683277130127,-3.1885022053756984e-06,0.000761556439101696,-0.0022093155421316624,0.0,3.54,30
769.3932269737124,1781616417.7126954,4.742734909057617,-0.05247965082526207,9.826875686645508,-8.340542194673617e-07,0.0007642246200703084,-0.0022086126264184713,0.0,3.5500000000000003,30
769.4032269734889,1781616417.723835,4.736681938171387,-0.05427601933479309,9.826918601989746,9.394481139679556e-07,0.0007666316232644022,-0.0022079902701079845,0.0,3.56,30
769.4132269732654,1781616417.7322237,4.728193283081055,-0.05260288342833519,9.826976776123047,2.4772573397058295e-06,0.0007687383331358433,-0.0022071064449846745,0.0,3.5700000000000003,30
769.4232269730419,1781616417.7427301,4.722163677215576,-0.05444425716996193,9.827018737792969,3.5053362807957456e-06,0.000770414771977812,-0.0022062500938773155,0.0,3.58,30
769.4332269728184,1781616417.7518535,4.713451385498047,-0.05285094678401947,9.827080726623535,4.378309768071631e-06,0.0007717559346929193,-0.0022051064297556877,0.0,3.59,30
769.4432269725949,1781616417.7613575,4.706969738006592,-0.053772371262311935,9.827133178710938,4.701768830273068e-06,0.0007727209012955427,-0.0022039860486984253,0.0,3.6,30
769.4532269723713,1781616417.770873,4.700285911560059,-0.054761841893196106,9.827191352844238,4.6129634938552044e-06,0.0007732592639513314,-0.0022026358637958765,0.0,3.61,30
769.4632269721478,1781616417.7793865,4.691573619842529,-0.053167495876550674,9.82723617553711,4.441384135134285e-06,0.0007733556558378041,-0.0022013161797076464,0.0,3.62,30
769.4732269719243,1781616417.7908914,4.685769081115723,-0.05493238568305969,9.827296257019043,3.849603672279045e-06,0.0007730936049483716,-0.0021998377051204443,0.0,3.63,30
769.4832269717008,1781616417.800406,4.677250862121582,-0.054359350353479385,9.827342987060547,3.189656808899599e-06,0.0007724562892690301,-0.002198220230638981,0.0,3.64,30
769.4932269714773,1781616417.8089228,4.670574188232422,-0.054186929017305374,9.82740306854248,2.5573531274858397e-06,0.000771468912716955,-0.0021968407090753317,0.0,3.65,30
769.5032269712538,1781616417.8187659,4.663415908813477,-0.054212745279073715,9.8274564743042,1.8250839275424369e-06,0.0007700657588429749,-0.002195939654484391,0.0,3.66,30
769.5132269710302,1781616417.8282418,4.656033039093018,-0.054320212453603745,9.827498435974121,1.0034221986643388e-06,0.0007683758158236742,-0.0021951745729893446,0.0,3.67,30
769.5232269708067,1781616417.837747,4.649576187133789,-0.055233798921108246,9.827546119689941,9.181670179714274e-08,0.0007663923315703869,-0.00219426560215652,0.0,3.68,30
769.5332269705832,1781616417.8472524,4.6410651206970215,-0.053515318781137466,9.827576637268066,-6.331775921353255e-07,0.0007641089614480734,-0.0021935482509434223,0.0,3.69,30
769.5432269703597,1781616417.8577785,4.634583473205566,-0.05444391444325447,9.827622413635254,-1.5925052139209583e-06,0.0007616283837705851,-0.0021926285699009895,0.0,3.7,30
769.5532269701362,1781616417.868299,4.627248287200928,-0.05464331433176994,9.827644348144531,-2.6255934244545642e-06,0.0007588958833366632,-0.002191796898841858,0.0,3.71,30
769.5632269699126,1781616417.8787963,4.620092391967773,-0.054669346660375595,9.827676773071289,-3.771201363633736e-06,0.0007559788646176457,-0.0021906138863414526,0.0,3.72,30
769.5732269696891,1781616417.8880327,4.612981796264648,-0.05478845164179802,9.8277006149292,-4.964663276041392e-06,0.0007529384456574917,-0.0021891698706895113,0.0,3.73,30
769.5832269694656,1781616417.897359,4.605849266052246,-0.05486053228378296,9.827733039855957,-6.186785412864992e-06,0.0007498140912503004,-0.002187842270359397,0.0,3.74,30
769.5932269692421,1781616417.9088647,4.599416732788086,-0.0558244027197361,9.827731132507324,-7.432056918332819e-06,0.0007465434027835727,-0.0021862173452973366,0.0,3.75,30
769.6032269690186,1781616417.9176111,4.590449810028076,-0.05433492362499237,9.827762603759766,-8.380446161027066e-06,0.0007432799902744591,-0.0021848115138709545,0.0,3.7600000000000002,30
769.6132269687951,1781616417.9279773,4.585585117340088,-0.055683813989162445,9.8277587890625,-9.394831067766063e-06,0.0007399715832434595,-0.002183513715863228,0.0,3.77,30
769.6232269685715,1781616417.9380286,4.576184272766113,-0.054488878697156906,9.827779769897461,-1.014250756270485e-05,0.0007367534562945366,-0.0021821153350174427,0.0,3.7800000000000002,30
769.633226968348,1781616417.9480832,4.570888996124268,-0.05611196160316467,9.82776927947998,-1.0947795090032741e-05,0.0007335598929785192,-0.0021805595606565475,0.0,3.79,30
769.6432269681245,1781616417.956598,4.563078880310059,-0.05528528243303299,9.827776908874512,-1.1415335393394344e-05,0.0007304344908334315,-0.0021789674647152424,0.0,3.8000000000000003,30
769.653226967901,1781616417.9666605,4.556172847747803,-0.05528195574879646,9.82777214050293,-1.166064066637773e-05,0.0007274337694980204,-0.002177561167627573,0.0,3.81,30
769.6632269676775,1781616417.9777262,4.549040794372559,-0.05536056309938431,9.827773094177246,-1.170272571471287e-05,0.0007245547021739185,-0.002176332287490368,0.0,3.8200000000000003,30
769.673226967454,1781616417.9880855,4.541910648345947,-0.0554395467042923,9.827764511108398,-1.1592436749197077e-05,0.0007218140526674688,-0.0021750093437731266,0.0,3.83,30
769.6832269672304,1781616417.998603,4.534327983856201,-0.05459630861878395,9.827756881713867,-1.1524475667101797e-05,0.0007192535558715463,-0.0021737057249993086,0.0,3.84,30
769.6932269670069,1781616418.0091066,4.528552055358887,-0.05641557648777962,9.827740669250488,-1.1721647751983255e-05,0.0007168155279941857,-0.002171803032979369,0.0,3.85,30
769.7032269667834,1781616418.0186286,4.520791053771973,-0.055684030055999756,9.827727317810059,-1.187550606118748e-05,0.0007145822746679187,-0.0021699070930480957,0.0,3.86,30
769.7132269665599,1781616418.0281425,4.514130115509033,-0.05679844319820404,9.827719688415527,-1.1920536053366959e-05,0.0007125490228645504,-0.0021678446792066097,0.0,3.87,30
769.7232269663364,1781616418.0366492,4.506124973297119,-0.05493972450494766,9.827709197998047,-1.1476003237476107e-05,0.0007107268902473152,-0.00216591521166265,0.0,3.88,30
769.7332269661129,1781616418.0457966,4.500576496124268,-0.05668136849999428,9.827696800231934,-1.0975169061566703e-05,0.0007090709987096488,-0.002164229052141309,0.0,3.89,30
769.7432269658893,1781616418.0553012,4.492091178894043,-0.05502122640609741,9.827669143676758,-1.0250719242321793e-05,0.0007075968896970153,-0.0021627619862556458,0.0,3.9,30
769.7532269656658,1781616418.0658057,4.486541748046875,-0.056763675063848495,9.82766056060791,-9.714676707517356e-06,0.0007063020602799952,-0.002160977106541395,0.0,3.91,30
769.7632269654423,1781616418.07492,4.478104114532471,-0.05519567430019379,9.82765007019043,-8.8955566752702e-06,0.0007052036817185581,-0.0021594169083982706,0.0,3.92,30
769.7732269652188,1781616418.0844228,4.472556114196777,-0.05693870410323143,9.82764720916748,-8.340266504092142e-06,0.0007042661309242249,-0.0021575819700956345,0.0,3.93,30
769.7832269649953,1781616418.0949452,4.464540004730225,-0.05631093308329582,9.827628135681152,-7.613997240696335e-06,0.0007034401060082018,-0.0021558785811066628,0.0,3.94,30
769.7932269647717,1781616418.105457,4.457891941070557,-0.05619778484106064,9.827619552612305,-6.702416612824891e-06,0.0007027565152384341,-0.0021544466726481915,0.0,3.95,30
769.8032269645482,1781616418.1151888,4.451035022735596,-0.05629695951938629,9.827604293823242,-5.738007530453615e-06,0.0007022016798146069,-0.002153170295059681,0.0,3.96,30
769.8132269643247,1781616418.1256943,4.4448089599609375,-0.05713815242052078,9.82760238647461,-4.727593022835208e-06,0.0007017695461399853,-0.0021520897280424833,0.0,3.97,30
769.8232269641012,1781616418.136977,4.436549186706543,-0.055398788303136826,9.827587127685547,-3.5171340186934685e-06,0.0007014129660092294,-0.002151020336896181,0.0,3.98,30
769.8332269638777,1781616418.1480687,4.430371284484863,-0.05639826878905296,9.827590942382812,-2.553064632593305e-06,0.0007011811248958111,-0.0021496806293725967,0.0,3.99,30
776.843226807192,1781616425.1718774,-0.2500412166118622,0.0315244235098362,9.336616516113281,-0.0002973877126350999,-0.026414746418595314,0.0008869795128703117,0.0,0.0,60
776.8532268069685,1781616425.1823816,-0.07117745280265808,0.02807716466486454,9.41234302520752,-0.0003860936558339745,-0.0363299734890461,0.0007299418793991208,0.0,0.01,60
776.8632268067449,1781616425.1928864,0.22766466438770294,0.02419898472726345,9.490792274475098,-0.0004741899319924414,-0.04543614387512207,0.0005839918158017099,0.0,0.02,60
776.8732268065214,1781616425.2020218,0.6455665826797485,0.02617902308702469,9.568910598754883,-0.0005311773857101798,-0.05386894568800926,0.0004552068712655455,0.0,0.03,60
776.8832268062979,1781616425.2111902,1.1839401721954346,0.022618791088461876,9.643982887268066,-0.0005930342013016343,-0.06177126243710518,0.00032203071168623865,0.0,0.04,60
776.8932268060744,1781616425.220283,1.8432906866073608,0.018428415060043335,9.714093208312988,-0.0006570544792339206,-0.06928899139165878,0.00017726043006405234,0.0,0.05,60
776.9032268058509,1781616425.2297938,2.62060546875,0.012648879550397396,9.777687072753906,-0.0007376413559541106,-0.07656776160001755,3.219120480935089e-05,0.0,0.06,60
776.9132268056273,1781616425.2410934,3.5202438831329346,0.013427790254354477,9.833820343017578,-0.0007968002464622259,-0.08374948054552078,-0.00015785251162014902,0.0,0.07,60
776.9232268054038,1781616425.2506022,4.537230491638184,0.017594756558537483,9.88182544708252,-0.0008353794110007584,-0.09096941351890564,-0.00039894948713481426,0.0,0.08,60
776.9332268051803,1781616425.2596877,5.676392555236816,0.00476160878315568,9.921303749084473,-0.0009122818009927869,-0.09835394471883774,-0.0006341946427710354,0.0,0.09,60
776.9432268049568,1781616425.27077,5.677515506744385,-0.00026843082741834223,10.064933776855469,-0.00099551968742162,-0.10333561897277832,-0.0008420531521551311,0.0,0.1,60
776.9532268047333,1781616425.279284,5.681758403778076,-0.0003437525883782655,10.183808326721191,-0.0010392548283562064,-0.10603145509958267,-0.0010058407206088305,0.0,0.11,60
776.9632268045098,1781616425.288789,5.684657096862793,-0.0043434989638626575,10.274456024169922,-0.0010816341964527965,-0.10659567266702652,-0.001144146895967424,0.0,0.12,60
776.9732268042862,1781616425.299882,5.68809700012207,-0.0061588953249156475,10.335131645202637,-0.0011216585990041494,-0.10521180182695389,-0.00126116001047194,0.0,0.13,60
776.9832268040627,1781616425.3091717,5.692039489746094,-0.008868989534676075,10.365495681762695,-0.0011594450334087014,-0.10208521783351898,-0.0013604947598651052,0.0,0.14,60
776.9932268038392,1781616425.320207,5.696579456329346,-0.012475661933422089,10.36636734008789,-0.001195268938317895,-0.09743596613407135,-0.0014446256682276726,0.0,0.15,60
777.0032268036157,1781616425.3287125,5.69934606552124,-0.013339070603251457,10.33971881866455,-0.0012289949227124453,-0.09149197489023209,-0.001516388263553381,0.0,0.16,60
777.0132268033922,1781616425.3382282,5.704400062561035,-0.01673233136534691,10.288427352905273,-0.0012607175158336759,-0.08448313921689987,-0.001577927847392857,0.0,0.17,60
777.0232268031687,1781616425.3477552,5.706863880157471,-0.01746094413101673,10.216039657592773,-0.0012896682601422071,-0.07663597166538239,-0.0016305743483826518,0.0,0.18,60
777.0332268029451,1781616425.3569708,5.709494590759277,-0.018030237406492233,10.126632690429688,-0.001315152971073985,-0.0681690201163292,-0.001675849431194365,0.0,0.19,60
777.0432268027216,1781616425.366191,5.712886810302734,-0.019320068880915642,10.02457332611084,-0.0013366371858865023,-0.059289220720529556,-0.0017151954816654325,0.0,0.2,60
777.0532268024981,1781616425.3746986,5.715843677520752,-0.021499797701835632,9.914347648620605,-0.0013530964497476816,-0.0501888282597065,-0.001748453825712204,0.0,0.21,60
777.0632268022746,1781616425.384775,5.716839790344238,-0.020872633904218674,9.800376892089844,-0.0013627330772578716,-0.041043274104595184,-0.001777271623723209,0.0,0.22,60
777.0732268020511,1781616425.3937747,5.719579219818115,-0.02274138107895851,9.686873435974121,-0.0013644491555169225,-0.03200962021946907,-0.0018023870652541518,0.0,0.23,60
777.0832268018275,1781616425.4053853,5.720818519592285,-0.023679593577980995,9.577774047851562,-0.001356635708361864,-0.02322559803724289,-0.0018233642913401127,0.0,0.24,60
777.093226801604,1781616425.4138975,5.7222580909729,-0.024406133219599724,9.476500511169434,-0.0013375642010942101,-0.014809484593570232,-0.0018415970262140036,0.0,0.25,60
777.1032268013805,1781616425.4249942,5.722850799560547,-0.025112774223089218,9.386007308959961,-0.0013058085460215807,-0.006860140711069107,-0.0018575165886431932,0.0,0.26,60
777.113226801157,1781616425.4340022,5.723367214202881,-0.024726372212171555,9.308697700500488,-0.0012600530171766877,0.0005423736292868853,-0.001871558022685349,0.0,0.27,60
777.1232268009335,1781616425.443749,5.7242817878723145,-0.027101755142211914,9.24632740020752,-0.0011998172849416733,0.00733573455363512,-0.0018829345935955644,0.0,0.28,60
777.13322680071,1781616425.4537518,5.723644733428955,-0.02668282575905323,9.200116157531738,-0.0011241007596254349,0.01347427163273096,-0.001893273671157658,0.0,0.29,60
777.1432268004864,1781616425.4637215,5.576770782470703,-0.02806161344051361,9.185529708862305,-0.0010329342912882566,0.019246939569711685,-0.001881760312244296,0.0,0.3,60
777.1532268002629,1781616425.4737246,5.540582656860352,-0.028110148385167122,9.172821044921875,-0.0009251823066733778,0.024363398551940918,-0.0018695059698075056,0.0,0.31,60
777.1632268000394,1781616425.4838223,5.512625694274902,-0.030089059844613075,9.174553871154785,-0.000801927293650806,0.028789859265089035,-0.00185636174865067,0.0,0.32,60
777.1732267998159,1781616425.4938169,5.490696430206299,-0.028385762125253677,9.19018840789795,-0.000663947721477598,0.03250610828399658,-0.0018433845834806561,0.0,0.33,60
777.1832267995924,1781616425.503828,5.477893829345703,-0.02936866693198681,9.218886375427246,-0.0005133891245350242,0.03550446778535843,-0.001829838496632874,0.0,0.34,60
777.1932267993689,1781616425.5129445,5.472153186798096,-0.030305378139019012,9.259489059448242,-0.0003520989266689867,0.03778930380940437,-0.0018156843725591898,0.0,0.35000000000000003,60
777.2032267991453,1781616425.52145,5.469798564910889,-0.02867240272462368,9.310614585876465,-0.00018216694297734648,0.0393756665289402,-0.0018013052176684141,0.0,0.36,60
777.2132267989218,1781616425.5319552,5.475869655609131,-0.03048810549080372,9.370641708374023,-6.626337381021585e-06,0.04028809443116188,-0.0017862459644675255,0.0,0.37,60
777.2232267986983,1781616425.5414665,5.484774112701416,-0.030537087470293045,9.437859535217285,0.0001720127183943987,0.040559493005275726,-0.0017706018406897783,0.0,0.38,60
777.2332267984748,1781616425.5509734,5.49522066116333,-0.028897937387228012,9.51041316986084,0.0003509450179990381,0.04022996872663498,-0.0017546556191518903,0.0,0.39,60
777.2432267982513,1781616425.56048,5.5130767822265625,-0.03143419697880745,9.58646011352539,0.0005267190863378346,0.03934518247842789,-0.0017381194047629833,0.0,0.4,60
777.2532267980278,1781616425.5699856,5.528737545013428,-0.029632525518536568,9.664154052734375,0.0006969253299757838,0.03795583173632622,-0.0017204908654093742,0.0,0.41000000000000003,60
777.2632267978042,1781616425.5794895,5.546712398529053,-0.02859480120241642,9.741707801818848,0.0008583365706726909,0.03611578792333603,-0.0017024284461513162,0.0,0.42,60
777.2732267975807,1781616425.5890176,5.620835781097412,-0.03790215775370598,9.812252044677734,0.0010066264076158404,0.0337647907435894,-0.001543021178804338,0.0,0.43,60
777.2832267973572,1781616425.5981407,5.627565383911133,-0.03075099177658558,9.88706111907959,0.0011519751278683543,0.03111337125301361,-0.0014386990806087852,0.0,0.44,60
777.2932267971337,1781616425.6076553,5.687408447265625,-0.020305251702666283,9.952028274536133,0.0012877443805336952,0.028108173981308937,-0.001519136712886393,0.0,0.45,60
777.3032267969102,1781616425.617729,5.683328151702881,-0.02164541557431221,10.017813682556152,0.001394905848428607,0.024947596713900566,-0.001588623970746994,0.0,0.46,60
777.3132267966866,1781616425.6282187,5.680263042449951,-0.02357088215649128,10.076021194458008,0.0014732351992279291,0.02168148383498192,-0.001648327219299972,0.0,0.47000000000000003,60
777.3232267964631,1781616425.6397347,5.677358150482178,-0.023295540362596512,10.125798225402832,0.0015229640994220972,0.01835652068257332,-0.0017004606779664755,0.0,0.48,60
777.3332267962396,1781616425.657149,5.674803733825684,-0.0257375817745924,10.166565895080566,0.0015440313145518303,0.015016370452940464,-0.001746710273437202,0.0,0.49,60
777.3432267960161,1781616425.6636522,5.672314643859863,-0.025148922577500343,10.197997093200684,0.0015372842317447066,0.011701262556016445,-0.0017870347946882248,0.0,0.5,60
777.3532267957926,1781616425.6706553,5.669159889221191,-0.025523345917463303,10.220053672790527,0.0015035952674224973,0.008448283188045025,-0.0018226824468001723,0.0,0.51,60
777.3632267955691,1781616425.6811702,5.669307231903076,-0.02733183652162552,10.232938766479492,0.0014440941158682108,0.005291441455483437,-0.0018546433420851827,0.0,0.52,60
777.3732267953455,1781616425.693676,5.6657209396362305,-0.02572685293853283,10.23698616027832,0.0013609292218461633,0.0022614391054958105,-0.0018833763897418976,0.0,0.53,60
777.383226795122,1781616425.7038236,5.664880275726318,-0.026653528213500977,10.232766151428223,0.0012557634618133307,-0.000614259741269052,-0.001909092185087502,0.0,0.54,60
777.3932267948985,1781616425.710328,5.664163589477539,-0.02756594493985176,10.220993041992188,0.0011310362024232745,-0.0033112596720457077,-0.0019328180933371186,0.0,0.55,60
777.403226794675,1781616425.720929,5.663195610046387,-0.02654821053147316,10.202454566955566,0.000989530817605555,-0.0058083427138626575,-0.001954745501279831,0.0,0.56,60
777.4132267944515,1781616425.7300484,5.662069320678711,-0.02756515145301819,10.178084373474121,0.0008340204367414117,-0.00808736588805914,-0.0019748953636735678,0.0,0.5700000000000001,60
777.423226794228,1781616425.7395632,5.661478042602539,-0.026559215039014816,10.14881706237793,0.000667543790768832,-0.010133394971489906,-0.0019930386915802956,0.0,0.58,60
777.4332267940044,1781616425.7488794,5.662614345550537,-0.02825911156833172,10.115623474121094,0.0004931954899802804,-0.011934579350054264,-0.0020097754895687103,0.0,0.59,60
777.4432267937809,1781616425.7580776,5.660390377044678,-0.026632508262991905,10.079488754272461,0.00031447544461116195,-0.013482153415679932,-0.0020254794508218765,0.0,0.6,60
777.4532267935574,1781616425.7675924,5.661242961883545,-0.027513498440384865,10.041341781616211,0.00013413523265626281,-0.014770600944757462,-0.0020401536021381617,0.0,0.61,60
777.4632267933339,1781616425.7789493,5.661733150482178,-0.02852676622569561,10.00210952758789,-4.46665653726086e-05,-0.01579730585217476,-0.0020538466051220894,0.0,0.62,60
777.4732267931104,1781616425.7859912,5.661240577697754,-0.02777031436562538,9.962651252746582,-0.00021871630451641977,-0.016562728211283684,-0.002066272310912609,0.0,0.63,60
777.4832267928869,1781616425.7952144,5.6607232093811035,-0.02804599702358246,9.923699378967285,-0.00038519507506862283,-0.017070308327674866,-0.0020779315382242203,0.0,0.64,60
777.4932267926633,1781616425.8047214,5.661829948425293,-0.029141603037714958,9.885980606079102,-0.0005416878848336637,-0.017326228320598602,-0.0020883148536086082,0.0,0.65,60
777.5032267924398,1781616425.813721,5.661839962005615,-0.029452254995703697,9.850068092346191,-0.0006855933461338282,-0.01733948290348053,-0.0020980897825211287,0.0,0.66,60
777.5132267922163,1781616425.822898,5.66096305847168,-0.028943540528416634,9.816455841064453,-0.0008150060893967748,-0.017121698707342148,-0.0021071205846965313,0.0,0.67,60
777.5232267919928,1781616425.8330152,5.661945819854736,-0.030195029452443123,9.785590171813965,-0.0009282341925427318,-0.016686683520674706,-0.0021154782734811306,0.0,0.68,60
777.5332267917693,1781616425.8425202,5.6620330810546875,-0.03062620759010315,9.757742881774902,-0.0010238868417218328,-0.016050558537244797,-0.002123043639585376,0.0,0.6900000000000001,60
777.5432267915457,1781616425.8530252,5.6609697341918945,-0.030300118029117584,9.733173370361328,-0.0011009291047230363,-0.015231256373226643,-0.002129378030076623,0.0,0.7000000000000001,60
777.5532267913222,1781616425.8623085,5.661851406097412,-0.03168288618326187,9.712020874023438,-0.0011589484056457877,-0.01424834318459034,-0.0021352958865463734,0.0,0.71,60
777.5632267910987,1781616425.871822,5.661223411560059,-0.032328348606824875,9.694321632385254,-0.0011975723318755627,-0.013122809119522572,-0.0021399897523224354,0.0,0.72,60
777.5732267908752,1781616425.8808687,5.661595821380615,-0.03283105418086052,9.680106163024902,-0.0012167644454166293,-0.011876502074301243,-0.002144324127584696,0.0,0.73,60
777.5832267906517,1781616425.890382,5.660843849182129,-0.033506523817777634,9.669280052185059,-0.0012169253313913941,-0.010532200336456299,-0.0021477648988366127,0.0,0.74,60
777.5932267904282,1781616425.9008958,5.660958290100098,-0.034029677510261536,9.661718368530273,-0.0011986687313765287,-0.009112896397709846,-0.0021510706283152103,0.0,0.75,60
777.6032267902046,1781616425.911401,5.660061359405518,-0.03470136225223541,9.65727424621582,-0.001163091859780252,-0.007641671225428581,-0.0021539591252803802,0.0,0.76,60
777.6132267899811,1781616425.9214303,5.659038066864014,-0.03443071246147156,9.65573501586914,-0.0011113977525383234,-0.006141419522464275,-0.002156005008146167,0.0,0.77,60
777.6232267897576,1781616425.931936,5.659509658813477,-0.03682783246040344,9.656868934631348,-0.0010453428840264678,-0.004634341225028038,-0.0021575556602329016,0.0,0.78,60
777.6332267895341,1781616425.94144,5.65833044052124,-0.03647138923406601,9.660433769226074,-0.0009661443182267249,-0.0031417275313287973,-0.0021594699937850237,0.0,0.79,60
777.6432267893106,1781616425.9509447,5.658057689666748,-0.03694237768650055,9.666166305541992,-0.0008757440373301506,-0.0016837668372318149,-0.002160771517083049,0.0,0.8,60
777.6532267890871,1781616425.9600775,5.6563029289245605,-0.037602342665195465,9.673754692077637,-0.0007760142325423658,-0.00027929971111007035,-0.002162028569728136,0.0,0.81,60
777.6632267888635,1781616425.9705825,5.656336784362793,-0.03791920840740204,9.682981491088867,-0.0006690060254186392,0.0010546494740992785,-0.0021625349763780832,0.0,0.8200000000000001,60
777.67322678864,1781616425.9797037,5.650081634521484,-0.03843340650200844,9.694021224975586,-0.0005567699554376304,0.002313113771378994,-0.0021629889961332083,0.0,0.8300000000000001,60
777.6832267884165,1781616425.9912176,5.644247055053711,-0.03884681686758995,9.706014633178711,-0.0004412335983943194,0.0034816910047084093,-0.0021629014518111944,0.0,0.84,60
777.693226788193,1781616426.0007224,5.638236045837402,-0.03921208530664444,9.71871566772461,-0.0003244873078074306,0.0045479657128453255,-0.0021628625690937042,0.0,0.85,60
777.7032267879695,1781616426.009227,5.632278919219971,-0.03952778875827789,9.731882095336914,-0.00020841820514760911,0.00550165306776762,-0.0021627771202474833,0.0,0.86,60
777.713226787746,1781616426.018295,5.626140117645264,-0.039823491126298904,9.745294570922852,-9.48341257753782e-05,0.006334641017019749,-0.002163453260436654,0.0,0.87,60
777.7232267875224,1781616426.0278132,5.620465278625488,-0.04094737395644188,9.758753776550293,1.4592544175684452e-05,0.0070409020408988,-0.0021641715429723263,0.0,0.88,60
777.7332267872989,1781616426.0369365,5.613168239593506,-0.039348240941762924,9.772073745727539,0.00011849316797452047,0.0076166195794939995,-0.002164698438718915,0.0,0.89,60
777.7432267870754,1781616426.047034,5.60750675201416,-0.04039149731397629,9.785118103027344,0.00021521587041206658,0.008060272783041,-0.0021652530413120985,0.0,0.9,60
777.7532267868519,1781616426.0555415,5.602165222167969,-0.041334450244903564,9.797741889953613,0.0003035550471395254,0.008372293785214424,-0.002165691228583455,0.0,0.91,60
777.7632267866284,1781616426.06705,5.593808174133301,-0.03975267335772514,9.809802055358887,0.00038283804315142334,0.008555051870644093,-0.00216631474904716,0.0,0.92,60
777.7732267864048,1781616426.075556,5.588868141174316,-0.04057434946298599,9.821248054504395,0.0004519707872532308,0.008612824603915215,-0.0021678523626178503,0.0,0.93,60
777.7832267861813,1781616426.084787,5.581986427307129,-0.0406961590051651,9.831957817077637,0.000510183977894485,0.008551509119570255,-0.0021694316528737545,0.0,0.9400000000000001,60
777.7932267859578,1781616426.0958157,5.575566291809082,-0.040726661682128906,9.841872215270996,0.0005572767113335431,0.008378570899367332,-0.002170909196138382,0.0,0.9500000000000001,60
777.8032267857343,1781616426.104852,5.569136142730713,-0.040703874081373215,9.850922584533691,0.000593052536714822,0.008102601394057274,-0.0021728137508034706,0.0,0.96,60
777.8132267855108,1781616426.1154792,5.562704563140869,-0.04065863415598869,9.859102249145508,0.0006175690214149654,0.007733440026640892,-0.0021752682514488697,0.0,0.97,60
777.8232267852873,1781616426.1259887,5.556285381317139,-0.04061264917254448,9.866347312927246,0.000631008530035615,0.007281703874468803,-0.0021777136716991663,0.0,0.98,60
777.8332267850637,1781616426.1350791,5.549877643585205,-0.04053546488285065,9.872658729553223,0.0006337101804092526,0.006758727133274078,-0.002179984701797366,0.0,0.99,60
777.8432267848402,1781616426.1455863,5.543491840362549,-0.04045630618929863,9.877999305725098,0.0006262481329031289,0.00617621373385191,-0.0021826671436429024,0.0,1.0,60
777.8532267846167,1781616426.1546683,5.536594390869141,-0.0394558310508728,9.882380485534668,0.0006092637195251882,0.005546115804463625,-0.0021861905697733164,0.0,1.01,60
777.8632267843932,1781616426.1641731,5.531254768371582,-0.040239524096250534,9.885793685913086,0.0005831735907122493,0.004880321212112904,-0.002189439022913575,0.0,1.02,60
777.8732267841697,1781616426.1747012,5.524380207061768,-0.04030550643801689,9.888298988342285,0.0005488984170369804,0.004190817940980196,-0.0021927491761744022,0.0,1.03,60
777.8832267839462,1781616426.1859329,5.518120288848877,-0.040235694497823715,9.889880180358887,0.0005075481021776795,0.0034890081733465195,-0.002196137560531497,0.0,1.04,60
777.8932267837226,1781616426.196439,5.511371612548828,-0.0392916165292263,9.89057445526123,0.0004600608954206109,0.00278590084053576,-0.002199477283284068,0.0,1.05,60
777.9032267834991,1781616426.2059443,5.505592346191406,-0.040192026644945145,9.890421867370605,0.00040734646609053016,0.0020919195376336575,-0.002202423056587577,0.0,1.06,60
777.9132267832756,1781616426.2165682,5.499928951263428,-0.04011082649230957,9.889472007751465,0.00035057502100244164,0.0014165951870381832,-0.002205573720857501,0.0,1.07,60
777.9232267830521,1781616426.2260742,5.493244171142578,-0.040205806493759155,9.887765884399414,0.000290898751700297,0.000768733792938292,-0.0022087160032242537,0.0,1.08,60
777.9332267828286,1781616426.235581,5.486068248748779,-0.039395228028297424,9.885367393493652,0.00022945954697206616,0.00015615577285643667,-0.002212588209658861,0.0,1.09,60
777.943226782605,1781616426.245618,5.48151159286499,-0.040212638676166534,9.882338523864746,0.0001670136407483369,-0.00041431651334278286,-0.0022164827678352594,0.0,1.1,60
777.9532267823815,1781616426.2558248,5.474949836730957,-0.04037425294518471,9.87873649597168,0.00010460667544975877,-0.0009368244209326804,-0.002220210852101445,0.0,1.11,60
777.963226782158,1781616426.2649777,5.468890190124512,-0.04046487435698509,9.87462329864502,4.3299725803080946e-05,-0.0014066905714571476,-0.0022235431242734194,0.0,1.12,60
777.9732267819345,1781616426.2739778,5.4629225730896,-0.0395931713283062,9.870104789733887,-1.5893792806309648e-05,-0.001820211997255683,-0.00222665979526937,0.0,1.1300000000000001,60
777.983226781711,1781616426.2836084,5.456980228424072,-0.04071826860308647,9.865230560302734,-7.256601384142414e-05,-0.0021747758146375418,-0.002229338977485895,0.0,1.1400000000000001,60
777.9932267814875,1781616426.2926111,5.451019287109375,-0.04089907929301262,9.860081672668457,-0.00012577588495332748,-0.002468821592628956,-0.002231393940746784,0.0,1.1500000000000001,60
778.003226781264,1781616426.3027368,5.445075511932373,-0.041060689836740494,9.85474681854248,-0.00017478689551353455,-0.002701611490920186,-0.0022335664834827185,0.0,1.16,60
778.0132267810404,1781616426.3128757,5.439149379730225,-0.04123622924089432,9.849287033081055,-0.0002191377425333485,-0.0028736090753227472,-0.0022356498520821333,0.0,1.17,60
778.0232267808169,1781616426.324096,5.433243751525879,-0.04143872112035751,9.84380054473877,-0.0002582455053925514,-0.002985841827467084,-0.002237595384940505,0.0,1.18,60
778.0332267805934,1781616426.3346045,5.427345275878906,-0.041622094810009,9.838335037231445,-0.00029182262369431555,-0.0030403409618884325,-0.002239355118945241,0.0,1.19,60
778.0432267803699,1781616426.3448324,5.421457767486572,-0.041833214461803436,9.83297061920166,-0.0003195888421032578,-0.003039841540157795,-0.002241086680442095,0.0,1.2,60
778.0532267801464,1781616426.352832,5.415170669555664,-0.04115207493305206,9.827791213989258,-0.00034152824082411826,-0.002987572690472007,-0.002242657821625471,0.0,1.21,60
778.0632267799228,1781616426.362941,5.410693168640137,-0.04314162954688072,9.822847366333008,-0.000357880286173895,-0.0028874280396848917,-0.0022442571353167295,0.0,1.22,60
778.0732267796993,1781616426.3720121,5.402952194213867,-0.04171544313430786,9.818203926086426,-0.0003683578397613019,-0.002743612742051482,-0.0022457304876297712,0.0,1.23,60
778.0832267794758,1781616426.382518,5.398943901062012,-0.04365742206573486,9.813879013061523,-0.00037336029345169663,-0.0025609186850488186,-0.0022469491232186556,0.0,1.24,60
778.0932267792523,1781616426.3920228,5.391667366027832,-0.04448982700705528,9.809913635253906,-0.00038391532143577933,-0.0023442141246050596,-0.002253314945846796,0.0,1.25,60
778.1032267790288,1781616426.4015265,5.386341571807861,-0.042930204421281815,9.806436538696289,-0.0003754542558453977,-0.0020986043382436037,-0.002253696322441101,0.0,1.26,60
778.1132267788053,1781616426.4110315,5.380268573760986,-0.04683034121990204,9.803339004516602,-0.00038426159881055355,-0.0018292831955477595,-0.002264536451548338,0.0,1.27,60
778.1232267785817,1781616426.421561,5.374906539916992,-0.04383647441864014,9.800799369812012,-0.00036229807301424444,-0.0015415236121043563,-0.002264722716063261,0.0,1.28,60
778.1332267783582,1781616426.4310672,5.36856746673584,-0.046863388270139694,9.798667907714844,-0.00035887639387510717,-0.0012404590379446745,-0.0022752226796001196,0.0,1.29,60
778.1432267781347,1781616426.4405866,5.362667083740234,-0.04314897581934929,9.797111511230469,-0.00032656616531312466,-0.0009311142493970692,-0.0022746575996279716,0.0,1.3,60
778.1532267779112,1781616426.4501007,5.356136798858643,-0.04710226133465767,9.795948028564453,-0.00031380090513266623,-0.00061841681599617,-0.002283755224198103,0.0,1.31,60
778.1632267776877,1781616426.4606197,5.351130485534668,-0.04788646847009659,9.795326232910156,-0.0002957187534775585,-0.00030689212144352496,-0.00229292712174356,0.0,1.32,60
778.1732267774642,1781616426.4701235,5.345208168029785,-0.047893159091472626,9.795165061950684,-0.0002731728891376406,-9.132579634751892e-07,-0.0023017169442027807,0.0,1.33,60
778.1832267772406,1781616426.4796517,5.338329315185547,-0.04348808154463768,9.795490264892578,-0.00022498751059174538,0.00029558053938671947,-0.0022994878236204386,0.0,1.34,60
778.1932267770171,1781616426.4901557,5.33270263671875,-0.047311678528785706,9.796147346496582,-0.00019895278092008084,0.0005789718125015497,-0.0023064562119543552,0.0,1.35,60
778.2032267767936,1781616426.4996743,5.326690673828125,-0.048296380788087845,9.79723072052002,-0.00017060809477698058,0.0008460221579298377,-0.002313244389370084,0.0,1.36,60
778.2132267765701,1781616426.510189,5.321174621582031,-0.04824366047978401,9.798689842224121,-0.00014072164776735008,0.0010939836502075195,-0.0023194896057248116,0.0,1.37,60
778.2232267763466,1781616426.5202112,5.314711570739746,-0.048352643847465515,9.80044174194336,-0.00010982911044266075,0.0013204858405515552,-0.002325315959751606,0.0,1.3800000000000001,60
778.233226776123,1781616426.529318,5.308176040649414,-0.04750922694802284,9.802477836608887,-7.861028279876336e-05,0.0015236468752846122,-0.0023307357914745808,0.0,1.3900000000000001,60
778.2432267758995,1781616426.539815,5.302910804748535,-0.04842580854892731,9.804746627807617,-4.7811525291763246e-05,0.0017020044615492225,-0.002335285535082221,0.0,1.4000000000000001,60
778.253226775676,1781616426.5483232,5.296417713165283,-0.048576973378658295,9.80720329284668,-1.77877282112604e-05,0.0018545418279245496,-0.0023391081485897303,0.0,1.41,60
778.2632267754525,1781616426.5578442,5.290379047393799,-0.04862861707806587,9.809774398803711,1.085601525119273e-05,0.0019805545452982187,-0.0023427270352840424,0.0,1.42,60
778.273226775229,1781616426.567948,5.284798622131348,-0.04861603304743767,9.812471389770508,3.788399772020057e-05,0.0020798877812922,-0.0023458553478121758,0.0,1.43,60
778.2832267750055,1781616426.5781994,5.277272701263428,-0.04790401831269264,9.815194129943848,6.275810301303864e-05,0.0021526613272726536,-0.002348267240449786,0.0,1.44,60
778.2932267747819,1781616426.588708,5.272674083709717,-0.04871751740574837,9.817940711975098,8.517828973708674e-05,0.002199494745582342,-0.0023498276714235544,0.0,1.45,60
778.3032267745584,1781616426.5978773,5.266669273376465,-0.04973924532532692,9.820659637451172,0.00010485015081940219,0.002221190370619297,-0.002350765047594905,0.0,1.46,60
778.3132267743349,1781616426.6079626,5.258406162261963,-0.047992028295993805,9.823412895202637,0.00012184630759293213,0.002221351955085993,-0.00235103745944798,0.0,1.47,60
778.3232267741114,1781616426.6176531,5.250835418701172,-0.04893163591623306,9.8261079788208,0.00013582171231973916,0.002202819101512432,-0.0023508938029408455,0.0,1.48,60
778.3332267738879,1781616426.6289732,5.24276876449585,-0.049003008753061295,9.828624725341797,0.0001468421978643164,0.0021668304689228535,-0.0023499783128499985,0.0,1.49,60
778.3432267736644,1781616426.6383517,5.23493766784668,-0.04900018870830536,9.830920219421387,0.00015480731963180006,0.0021146456710994244,-0.002348564565181732,0.0,1.5,60
778.3532267734408,1781616426.647862,5.227396488189697,-0.049921371042728424,9.833005905151367,0.0001598570088390261,0.0020478800870478153,-0.002347373403608799,0.0,1.51,60
778.3632267732173,1781616426.6579864,5.218329429626465,-0.049106478691101074,9.834820747375488,0.00016210880130529404,0.001968084368854761,-0.002345637883991003,0.0,1.52,60
778.3732267729938,1781616426.6681926,5.210972785949707,-0.0490061491727829,9.836390495300293,0.00016179197700694203,0.0018770095193758607,-0.002343683270737529,0.0,1.53,60
778.3832267727703,1781616426.6777112,5.202911853790283,-0.049026306718587875,9.837696075439453,0.00015889870701357722,0.0017764333169907331,-0.0023413607850670815,0.0,1.54,60
778.3932267725468,1781616426.6882331,5.195096969604492,-0.04900258406996727,9.838735580444336,0.00015378753596451133,0.0016681792913004756,-0.0023387062828987837,0.0,1.55,60
778.4032267723233,1781616426.6977313,5.187041282653809,-0.04899439960718155,9.839515686035156,0.00014652741083409637,0.0015540436143055558,-0.002335818950086832,0.0,1.56,60
778.4132267720997,1781616426.7068098,5.178771018981934,-0.049044832587242126,9.840048789978027,0.00013734758249484003,0.0014358743792399764,-0.002332404488697648,0.0,1.57,60
778.4232267718762,1781616426.7166147,5.1719136238098145,-0.0488775260746479,9.840359687805176,0.0001265369646716863,0.0013155057094991207,-0.0023287185467779636,0.0,1.58,60
778.4332267716527,1781616426.7256606,5.163474082946777,-0.04992315173149109,9.840429306030273,0.00011436548084020615,0.0011946645099669695,-0.0023245932534337044,0.0,1.59,60
778.4432267714292,1781616426.7367241,5.155633926391602,-0.048918865621089935,9.840290069580078,0.00010117994679603726,0.0010750273941084743,-0.0023202623706310987,0.0,1.6,60
778.4532267712057,1781616426.7478762,5.14738655090332,-0.04894690588116646,9.83997917175293,8.73209282872267e-05,0.0009581950725987554,-0.0023157228715717793,0.0,1.61,60
778.4632267709821,1781616426.7573817,5.14037561416626,-0.04978080093860626,9.839491844177246,7.30031679267995e-05,0.000845570582896471,-0.002310708165168762,0.0,1.62,60
778.4732267707586,1781616426.7678866,5.131554126739502,-0.04794689267873764,9.838850021362305,5.86156384088099e-05,0.0007385304197669029,-0.0023057914804667234,0.0,1.6300000000000001,60
778.4832267705351,1781616426.777057,5.124845027923584,-0.049676790833473206,9.838080406188965,4.429814362083562e-05,0.0006381944986060262,-0.0023006789851933718,0.0,1.6400000000000001,60
778.4932267703116,1781616426.7855716,5.116106986999512,-0.04885488003492355,9.837214469909668,3.0280141800176352e-05,0.0005456224898807704,-0.0022955681197345257,0.0,1.6500000000000001,60
778.5032267700881,1781616426.795651,5.108829021453857,-0.04874981939792633,9.836264610290527,1.6743742889957502e-05,0.0004617416416294873,-0.002290072152391076,0.0,1.6600000000000001,60
778.5132267698646,1781616426.8051467,5.100911617279053,-0.04973220080137253,9.835232734680176,3.904283403244335e-06,0.0003872521047014743,-0.0022839766461402178,0.0,1.67,60
778.523226769641,1781616426.8146532,5.093116283416748,-0.048709314316511154,9.83417797088623,-7.909686246421188e-06,0.00032266989001072943,-0.002278062282130122,0.0,1.68,60
778.5332267694175,1781616426.8237562,5.085384368896484,-0.04868539795279503,9.833067893981934,-1.872312896011863e-05,0.00026835835888050497,-0.002271997509524226,0.0,1.69,60
778.543226769194,1781616426.8338118,5.077719211578369,-0.04963432624936104,9.83195686340332,-2.8376389309414662e-05,0.00022450022515840828,-0.002265743212774396,0.0,1.7,60
778.5532267689705,1781616426.843594,5.069934844970703,-0.04862203821539879,9.830852508544922,-3.6679495678981766e-05,0.00019111315486952662,-0.0022594493348151445,0.0,1.71,60
778.563226768747,1781616426.8526008,5.062739849090576,-0.04947752505540848,9.829752922058105,-4.3601332436082885e-05,0.00016813403635751456,-0.0022530527785420418,0.0,1.72,60
778.5732267685235,1781616426.86179,5.053740978240967,-0.04772040992975235,9.828688621520996,-4.9120219046017155e-05,0.00015524881018791348,-0.00224639056250453,0.0,1.73,60
778.5832267682999,1781616426.872003,5.047077178955078,-0.049482569098472595,9.827665328979492,-5.337798211257905e-05,0.00015210710989777,-0.002239256864413619,0.0,1.74,60
778.5932267680764,1781616426.8821337,5.039834499359131,-0.04937683790922165,9.826704978942871,-5.619477087748237e-05,0.00015821843408048153,-0.0022320877760648727,0.0,1.75,60
778.6032267678529,1781616426.8916476,5.03159236907959,-0.0484735444188118,9.825799942016602,-5.7531877246219665e-05,0.00017296394798904657,-0.002224768977612257,0.0,1.76,60
778.6132267676294,1781616426.8998907,5.023406982421875,-0.04852350801229477,9.82496452331543,-5.751952267019078e-05,0.00019565314869396389,-0.0022172483149915934,0.0,1.77,60
778.6232267674059,1781616426.9104137,5.016397476196289,-0.048387493938207626,9.82421588897705,-5.629359293379821e-05,0.0002254985593026504,-0.002209755824878812,0.0,1.78,60
778.6332267671824,1781616426.9204273,5.0092620849609375,-0.05019946023821831,9.823540687561035,-5.3998221119400114e-05,0.0002616529236547649,-0.002201890340074897,0.0,1.79,60
778.6432267669588,1781616426.930934,5.000497817993164,-0.04840639606118202,9.822952270507812,-5.042006159783341e-05,0.0003032235836144537,-0.0021940628066658974,0.0,1.8,60
778.6532267667353,1781616426.9409945,4.993479251861572,-0.048248544335365295,9.822460174560547,-4.5817901991540566e-05,0.0003493243712000549,-0.0021861649584025145,0.0,1.81,60
778.6632267665118,1781616426.951507,4.985811233520508,-0.04918120801448822,9.822043418884277,-4.0281793189933524e-05,0.0003990029217675328,-0.0021784533746540546,0.0,1.82,60
778.6732267662883,1781616426.9630177,4.978207111358643,-0.05135508254170418,9.82168197631836,-5.395457264967263e-05,0.0004513051826506853,-0.002180791925638914,0.0,1.83,60
778.6832267660648,1781616426.9724915,4.970691204071045,-0.04878874495625496,9.817704200744629,-2.098426193697378e-05,0.00048446684377267957,-0.002177683636546135,0.0,1.84,60
778.6932267658412,1781616426.9839966,4.962945938110352,-0.051307979971170425,9.821942329406738,-3.404199378564954e-05,0.0005422937101684511,-0.002180161653086543,0.0,1.85,60
778.7032267656177,1781616426.994024,4.955329895019531,-0.0519038625061512,9.821914672851562,-4.362177787697874e-05,0.0006003119633533061,-0.002182962605729699,0.0,1.86,60
778.7132267653942,1781616427.0022886,4.947781085968018,-0.0476795993745327,9.821992874145508,-3.113853381364606e-05,0.0006576889427378774,-0.002176585840061307,0.0,1.87,60
778.7232267651707,1781616427.013808,4.940249919891357,-0.052038054913282394,9.822029113769531,-3.986377123510465e-05,0.000713464745786041,-0.0021793944761157036,0.0,1.8800000000000001,60
778.7332267649472,1781616427.022573,4.933107852935791,-0.05268290266394615,9.822155952453613,-4.563494439935312e-05,0.0007670089835301042,-0.002182617550715804,0.0,1.8900000000000001,60
778.7432267647237,1781616427.0320783,4.92451286315918,-0.050676800310611725,9.822328567504883,-4.876624734606594e-05,0.000817525724414736,-0.002185904886573553,0.0,1.9000000000000001,60
778.7532267645001,1781616427.0425847,4.917503356933594,-0.051459163427352905,9.822554588317871,-4.995765266357921e-05,0.0008644434274174273,-0.0021893519442528486,0.0,1.9100000000000001,60
778.7632267642766,1781616427.051748,4.910446643829346,-0.05130283161997795,9.822816848754883,-4.954121322953142e-05,0.0009072953253053129,-0.00219253683462739,0.0,1.92,60
778.7732267640531,1781616427.0612636,4.9019365310668945,-0.05046185106039047,9.823104858398438,-4.776229980052449e-05,0.0009456343250349164,-0.0021957193966954947,0.0,1.93,60
778.7832267638296,1781616427.0707788,4.894952774047852,-0.05139382556080818,9.823451042175293,-4.530368096311577e-05,0.000979235745035112,-0.002198086818680167,0.0,1.94,60
778.7932267636061,1781616427.0809987,4.8879876136779785,-0.052353981882333755,9.823817253112793,-4.2155290429946035e-05,0.001007839455269277,-0.002200335031375289,0.0,1.95,60
778.8032267633826,1781616427.0903764,4.8791937828063965,-0.05063122510910034,9.824206352233887,-3.821796417469159e-05,0.0010313037782907486,-0.002202566247433424,0.0,1.96,60
778.813226763159,1781616427.0998821,4.872743606567383,-0.05249166488647461,9.82462215423584,-3.399745764909312e-05,0.001049622893333435,-0.0022043196950107813,0.0,1.97,60
778.8232267629355,1781616427.108396,4.864190578460693,-0.05075220391154289,9.825052261352539,-2.9229140636743978e-05,0.001062813214957714,-0.0022059737239032984,0.0,1.98,60
778.833226762712,1781616427.1180208,4.857677936553955,-0.05166120082139969,9.825501441955566,-2.444471283524763e-05,0.0010710404021665454,-0.00220710807479918,0.0,1.99,60
778.8432267624885,1781616427.1290994,4.849247932434082,-0.05191710591316223,9.825937271118164,-1.9760902432608418e-05,0.0010744123719632626,-0.0022083597723394632,0.0,2.0,60
778.853226762265,1781616427.1386168,4.842691421508789,-0.051881078630685806,9.826391220092773,-1.5216897736536339e-05,0.0010732320370152593,-0.0022093672305345535,0.0,2.0100000000000002,60
778.8632267620414,1781616427.1478748,4.834968090057373,-0.05202966555953026,9.826833724975586,-1.0937899787677452e-05,0.0010677791433408856,-0.0022100734058767557,0.0,2.02,60
778.8732267618179,1781616427.156956,4.827473163604736,-0.05213802307844162,9.827266693115234,-6.974363259359961e-06,0.0010583936236798763,-0.0022105372045189142,0.0,2.0300000000000002,60
778.8832267615944,1781616427.1683733,4.819511890411377,-0.0523177832365036,9.827682495117188,-3.362529696460115e-06,0.0010454015573486686,-0.0022107246331870556,0.0,2.04,60
778.8932267613709,1781616427.178894,4.812426567077637,-0.05139891058206558,9.828058242797852,-1.307607675471445e-07,0.0010292096994817257,-0.002211538143455982,0.0,2.05,60
778.9032267611474,1781616427.1869788,4.805521488189697,-0.05341420695185661,9.828426361083984,2.3171444354375126e-06,0.001010265201330185,-0.0022118568886071444,0.0,2.06,60
778.9132267609239,1781616427.198056,4.797224521636963,-0.051709748804569244,9.828755378723145,4.393890321807703e-06,0.0009889506036415696,-0.002212106715887785,0.0,2.07,60
778.9232267607003,1781616427.2075524,4.7907891273498535,-0.05364231765270233,9.829055786132812,5.709016932087252e-06,0.0009657419286668301,-0.0022121663205325603,0.0,2.08,60
778.9332267604768,1781616427.2171578,4.782782077789307,-0.05285787209868431,9.82931900024414,6.696031505271094e-06,0.0009410270722582936,-0.002212087856605649,0.0,2.09,60
778.9432267602533,1781616427.226654,4.775005340576172,-0.052050091326236725,9.829536437988281,7.398526577162556e-06,0.0009152748971246183,-0.0022118492051959038,0.0,2.1,60
778.9532267600298,1781616427.2368653,4.7685699462890625,-0.05395691841840744,9.829700469970703,7.4263548413000535e-06,0.0008887801668606699,-0.0022116287145763636,0.0,2.11,60
778.9632267598063,1781616427.2473016,4.760805130004883,-0.053136520087718964,9.829855918884277,7.162610472732922e-06,0.0008621016750112176,-0.002211183775216341,0.0,2.12,60
778.9732267595828,1781616427.2568073,4.75279426574707,-0.052367448806762695,9.829947471618652,6.610343916690908e-06,0.0008355317986570299,-0.0022105413954705,0.0,2.13,60
778.9832267593592,1781616427.2668824,4.746602535247803,-0.05423601344227791,9.830002784729004,5.480029358295724e-06,0.0008094006334431469,-0.002209756290540099,0.0,2.14,60
778.9932267591357,1781616427.2759924,4.7386040687561035,-0.05345359444618225,9.830011367797852,4.237517259753076e-06,0.000784054456744343,-0.0022092019207775593,0.0,2.15,60
779.0032267589122,1781616427.2861822,4.7313642501831055,-0.053529541939496994,9.82999324798584,2.8700642360490747e-06,0.0007598030497319996,-0.002208559075370431,0.0,2.16,60
779.0132267586887,1781616427.2946894,4.723651885986328,-0.053649336099624634,9.829927444458008,1.287433406105265e-06,0.0007368644583038986,-0.0022077688481658697,0.0,2.17,60
779.0232267584652,1781616427.303697,4.71664571762085,-0.053683772683143616,9.829829216003418,-4.0420349023406743e-07,0.0007154340855777264,-0.002206776523962617,0.0,2.18,60
779.0332267582417,1781616427.3128018,4.7099385261535645,-0.054636236280202866,9.829710006713867,-2.113892378474702e-06,0.0006957393488846719,-0.002205833327025175,0.0,2.19,60
779.0432267580181,1781616427.3224463,4.701648712158203,-0.05289039388298988,9.829545021057129,-3.587111677916255e-06,0.0006778959068469703,-0.0022045974619686604,0.0,2.2,60
779.0532267577946,1781616427.332951,4.694934368133545,-0.05385751649737358,9.829368591308594,-5.215978490014095e-06,0.0006620463100261986,-0.0022035622969269753,0.0,2.21,60
779.0632267575711,1781616427.3424637,4.6887054443359375,-0.05476865917444229,9.829180717468262,-6.899742402310949e-06,0.0006482668104581535,-0.0022023373749107122,0.0,2.22,60
779.0732267573476,1781616427.3529716,4.678952693939209,-0.05229213088750839,9.828973770141602,-8.442970283795148e-06,0.0006366149173118174,-0.0022012649569660425,0.0,2.23,60
779.0832267571241,1781616427.3620887,4.674768924713135,-0.05584094300866127,9.828736305236816,-1.038736263581086e-05,0.0006270947051234543,-0.0022000721655786037,0.0,2.24,60
779.0932267569005,1781616427.3725944,4.665041446685791,-0.05340256169438362,9.828516006469727,-1.199698272102978e-05,0.0006197228794917464,-0.0021988775115460157,0.0,2.25,60
779.103226756677,1781616427.3826404,4.65880012512207,-0.054295770823955536,9.828292846679688,-1.3603006664197892e-05,0.0006144632934592664,-0.0021977792493999004,0.0,2.2600000000000002,60
779.1132267564535,1781616427.3927057,4.651583194732666,-0.0544263981282711,9.828052520751953,-1.5217915461107623e-05,0.0006112068076618016,-0.002196435583755374,0.0,2.27,60
779.12322675623,1781616427.40221,4.644890785217285,-0.05540771782398224,9.827836990356445,-1.6771060472819954e-05,0.0006098651792854071,-0.002195081440731883,0.0,2.2800000000000002,60
779.1332267560065,1781616427.4127154,4.6366143226623535,-0.0536903515458107,9.827616691589355,-1.7876476704259403e-05,0.0006103806663304567,-0.0021937135607004166,0.0,2.29,60
779.143226755783,1781616427.421368,4.630437850952148,-0.05556776002049446,9.827401161193848,-1.9009046809514984e-05,0.0006125640356913209,-0.002192168030887842,0.0,2.3000000000000003,60
779.1532267555594,1781616427.4298875,4.622226715087891,-0.054825566709041595,9.827207565307617,-1.977096871996764e-05,0.0006163047510199249,-0.002190522849559784,0.0,2.31,60
779.1632267553359,1781616427.4393911,4.615703582763672,-0.05476372316479683,9.827040672302246,-2.016695543716196e-05,0.000621496350504458,-0.0021891873329877853,0.0,2.32,60
779.1732267551124,1781616427.448896,4.609005928039551,-0.055726535618305206,9.826879501342773,-2.0261608369764872e-05,0.0006279069930315018,-0.0021877915132790804,0.0,2.33,60
779.1832267548889,1781616427.456944,4.600722312927246,-0.053985897451639175,9.826733589172363,-1.980310662474949e-05,0.0006354212528094649,-0.0021866189781576395,0.0,2.34,60
779.1932267546654,1781616427.4670582,4.594252586364746,-0.054923780262470245,9.82659912109375,-1.9303661247249693e-05,0.000643755542114377,-0.0021854708902537823,0.0,2.35,60
779.2032267544419,1781616427.4765656,4.587559700012207,-0.05591003596782684,9.826504707336426,-1.8660864952835254e-05,0.0006528196390718222,-0.0021839565597474575,0.0,2.36,60
779.2132267542183,1781616427.4876754,4.579518795013428,-0.05415439233183861,9.826415061950684,-1.7607084373594262e-05,0.0006623825756832957,-0.002182384952902794,0.0,2.37,60
779.2232267539948,1781616427.4978733,4.572815895080566,-0.05515512451529503,9.826361656188965,-1.667336437094491e-05,0.0006723009864799678,-0.002180831041187048,0.0,2.38,60
779.2332267537713,1781616427.5069642,4.566365718841553,-0.05612858012318611,9.82632064819336,-1.5727022400824353e-05,0.0006823868025094271,-0.0021792470943182707,0.0,2.39,60
779.2432267535478,1781616427.5166087,4.558382987976074,-0.05532607436180115,9.826287269592285,-1.4535193258780055e-05,0.0006924766348674893,-0.002177543006837368,0.0,2.4,60
779.2532267533243,1781616427.5257208,4.552093029022217,-0.055259525775909424,9.826301574707031,-1.316457837674534e-05,0.0007024609367363155,-0.002175975823774934,0.0,2.41,60
779.2632267531008,1781616427.5361917,4.543635845184326,-0.054575636982917786,9.826310157775879,-1.1653750334517099e-05,0.0007121985545381904,-0.0021747208666056395,0.0,2.42,60
779.2732267528772,1781616427.5467072,4.538640022277832,-0.05629555508494377,9.826354026794434,-1.043938482325757e-05,0.0007215011864900589,-0.002173203509300947,0.0,2.43,60
779.2832267526537,1781616427.558202,4.530426979064941,-0.055588364601135254,9.826394081115723,-9.151875929092057e-06,0.0007302454323507845,-0.002171512460336089,0.0,2.44,60
779.2932267524302,1781616427.5677073,4.5224385261535645,-0.054824937134981155,9.826458930969238,-7.904955054982565e-06,0.0007384083000943065,-0.0021700896322727203,0.0,2.45,60
779.3032267522067,1781616427.577202,4.516977310180664,-0.05664132162928581,9.826539993286133,-6.9660554800066166e-06,0.0007458116742782295,-0.0021683741360902786,0.0,2.46,60
779.3132267519832,1781616427.5907247,4.510001182556152,-0.05669638141989708,9.826624870300293,-5.9818930822075345e-06,0.0007523942040279508,-0.0021667717956006527,0.0,2.47,60
779.3232267517596,1781616427.5988731,4.501949310302734,-0.05492077022790909,9.826720237731934,-4.771274234371958e-06,0.0007581286481581628,-0.002165206242352724,0.0,2.48,60
779.3332267515361,1781616427.6081161,4.495480060577393,-0.05588461458683014,9.826831817626953,-3.6800643101742025e-06,0.0007629894535057247,-0.002163456054404378,0.0,2.49,60
779.3432267513126,1781616427.617741,4.48849630355835,-0.055980317294597626,9.826933860778809,-2.7708379093382973e-06,0.0007668953621760011,-0.0021616951562464237,0.0,2.5,60
779.3532267510891,1781616427.6278977,4.481507301330566,-0.056051742285490036,9.827042579650879,-2.098605818900978e-06,0.0007698387489654124,-0.0021600762847810984,0.0,2.5100000000000002,60
779.3632267508656,1781616427.6371171,4.475053310394287,-0.05702850595116615,9.82715892791748,-1.5450640376002411e-06,0.0007718091364949942,-0.002158182905986905,0.0,2.52,60
779.3732267506421,1781616427.6466327,4.467066287994385,-0.05622703582048416,9.827277183532715,-9.823626214711112e-07,0.0007728597847744823,-0.0021563495974987745,0.0,2.5300000000000002,60
779.3832267504185,1781616427.656839,4.460546493530273,-0.05622147396206856,9.827387809753418,-2.447987696996279e-07,0.0007729358621872962,-0.0021547055803239346,0.0,2.54,60
779.393226750195,1781616427.6663458,4.45379114151001,-0.056230995804071426,9.82750415802002,5.199094630370382e-07,0.0007721913862042129,-0.002153117908164859,0.0,2.5500000000000003,60
779.4032267499715,1781616427.6758516,4.44679594039917,-0.05627843737602234,9.827597618103027,1.2900475212518359e-06,0.0007706157048232853,-0.0021514480467885733,0.0,2.56,60
779.413226749748,1781616427.6859899,4.43980073928833,-0.05632557347416878,9.827714920043945,1.8743364762485726e-06,0.0007682805880904198,-0.0021498212590813637,0.0,2.57,60
779.4232267495245,1781616427.695116,4.4328179359436035,-0.05642394348978996,9.82781982421875,2.544740482335328e-06,0.0007650724146515131,-0.002148394240066409,0.0,2.58,60
779.433226749301,1781616427.7046208,4.426063537597656,-0.05643508583307266,9.827881813049316,2.8231988835614175e-06,0.0007613417110405862,-0.002146756974980235,0.0,2.59,60
779.4432267490774,1781616427.722376,4.41908073425293,-0.056531872600317,9.827945709228516,2.985779019581969e-06,0.0007569444715045393,-0.0021450610365718603,0.0,2.6,60
779.4532267488539,1781616427.7328875,4.412866115570068,-0.057470597326755524,9.828023910522461,3.0096678074187366e-06,0.0007521096267737448,-0.0021432130597531796,0.0,2.61,60
779.4632267486304,1781616427.7446382,4.404356956481934,-0.05581962689757347,9.828079223632812,3.029240588148241e-06,0.0007468413677997887,-0.0021417110692709684,0.0,2.62,60
779.4732267484069,1781616427.7547765,4.399599552154541,-0.0575033500790596,9.828139305114746,2.827304115271545e-06,0.0007412183913402259,-0.0021399902179837227,0.0,2.63,60
779.4832267481834,1781616427.76502,4.390622138977051,-0.055930186063051224,9.828178405761719,2.7470464374346193e-06,0.00073538429569453,-0.002138349460437894,0.0,2.64,60
779.4932267479599,1781616427.7740278,4.385395526885986,-0.05768426135182381,9.828221321105957,2.4456146547890967e-06,0.0007293737144209445,-0.0021365531720221043,0.0,2.65,60
779.5032267477363,1781616427.7846732,4.3778862953186035,-0.05684099346399307,9.828222274780273,2.183773403885425e-06,0.0007232007919810712,-0.002134850947186351,0.0,2.66,60
779.5132267475128,1781616427.7950091,4.371132850646973,-0.05685226991772652,9.828255653381348,1.94726703739434e-06,0.0007170634926296771,-0.0021336229983717203,0.0,2.67,60
779.5232267472893,1781616427.8040085,4.364394187927246,-0.05691834166646004,9.82826042175293,1.6620957694613026e-06,0.0007109394646249712,-0.0021326779387891293,0.0,2.68,60
779.5332267470658,1781616427.812394,4.35717248916626,-0.057003214955329895,9.828267097473145,1.2972679996892111e-06,0.0007049674750305712,-0.0021312772296369076,0.0,2.69,60
779.5432267468423,1781616427.822413,4.351131916046143,-0.05695143714547157,9.828283309936523,1.065970195668342e-06,0.0006993498536758125,-0.002129880478605628,0.0,2.7,60
779.5532267466187,1781616427.8329208,4.343923568725586,-0.05709455907344818,9.828234672546387,5.209789719629043e-07,0.0006937949219718575,-0.0021283829119056463,0.0,2.71,60
779.5632267463952,1781616427.8420722,4.337713241577148,-0.05803519859910011,9.828207969665527,-8.122488281969709e-08,0.0006884793983772397,-0.0021268650889396667,0.0,2.72,60
779.5732267461717,1781616427.8515785,4.3294477462768555,-0.056349024176597595,9.828182220458984,-4.643727891107119e-07,0.0006835057283751667,-0.002125612460076809,0.0,2.73,60
779.5832267459482,1781616427.8610916,4.324226379394531,-0.05810702592134476,9.828145980834961,-9.331308206128597e-07,0.0006788934115320444,-0.0021239938214421272,0.0,2.74,60
779.5932267457247,1781616427.8695965,4.316430568695068,-0.05634763091802597,9.828124046325684,-1.3233436675363919e-06,0.0006746542057953775,-0.00212254305370152,0.0,2.75,60
779.6032267455012,1781616427.8791006,4.3107500076293945,-0.058235038071870804,9.828082084655762,-1.8116692217517993e-06,0.0006708475993946195,-0.0021210522390902042,0.0,2.7600000000000002,60
779.6132267452776,1781616427.8886151,4.3034844398498535,-0.057357050478458405,9.828034400939941,-2.2000247099640546e-06,0.0006674629985354841,-0.002119453391060233,0.0,2.77,60
779.6232267450541,1781616427.8988726,4.296748161315918,-0.05742185562849045,9.828003883361816,-2.4578089323767927e-06,0.0006645373650826514,-0.0021178561728447676,0.0,2.7800000000000002,60
779.6332267448306,1781616427.9083874,4.289999008178711,-0.057436298578977585,9.82795524597168,-2.7172447971679503e-06,0.0006620808853767812,-0.0021161034237593412,0.0,2.79,60
779.6432267446071,1781616427.920049,4.283263206481934,-0.05750112235546112,9.827908515930176,-2.881343107219436e-06,0.0006600309861823916,-0.0021145532373338938,0.0,2.8000000000000003,60
779.6532267443836,1781616427.929544,4.276296615600586,-0.05760151520371437,9.827863693237305,-3.0476758183795027e-06,0.0006583790527656674,-0.002112763933837414,0.0,2.81,60
779.66322674416,1781616427.9388053,4.270031452178955,-0.05758826807141304,9.827814102172852,-3.267206011514645e-06,0.0006571310805156827,-0.0021111939568072557,0.0,2.82,60
779.6732267439365,1781616427.9490023,4.263824462890625,-0.05853474140167236,9.827767372131348,-3.4140932712034555e-06,0.0006562343914993107,-0.0021096274722367525,0.0,2.83,60
779.683226743713,1781616427.9575162,4.256041526794434,-0.056832652539014816,9.82773208618164,-3.2303951229550876e-06,0.0006557590095326304,-0.0021080367732793093,0.0,2.84,60
779.6932267434895,1781616427.9670312,4.251060962677002,-0.05855884775519371,9.827686309814453,-3.2008499601943186e-06,0.0006555719301104546,-0.0021063745953142643,0.0,2.85,60
779.703226743266,1781616427.9762516,4.242329120635986,-0.0569547563791275,9.827661514282227,-2.9915997856733156e-06,0.0006557422457262874,-0.002104867482557893,0.0,2.86,60
779.7132267430425,1781616427.9877672,4.2368316650390625,-0.05784943327307701,9.827624320983887,-3.0586825232603587e-06,0.0006561511545442045,-0.002103181555867195,0.0,2.87,60
779.723226742819,1781616427.99681,4.2306365966796875,-0.05884607508778572,9.827595710754395,-3.223977728339378e-06,0.0006568421958945692,-0.0021012043580412865,0.0,2.88,60
779.7332267425954,1781616428.005875,4.223611831665039,-0.05792998522520065,9.827576637268066,-3.222118266421603e-06,0.0006577253225259483,-0.002099157078191638,0.0,2.89,60
779.7432267423719,1781616428.0151868,4.216876029968262,-0.05799876153469086,9.827554702758789,-3.13351551994856e-06,0.0006587453535757959,-0.0020971749909222126,0.0,2.9,60
779.7532267421484,1781616428.0240176,4.209910869598389,-0.05810072645545006,9.827540397644043,-2.9334328246477526e-06,0.0006598690524697304,-0.0020952937193214893,0.0,2.91,60
779.7632267419249,1781616428.0330205,4.203645706176758,-0.058092277497053146,9.827509880065918,-2.648474719535443e-06,0.000661052530631423,-0.002093376824632287,0.0,2.92,60
779.7732267417014,1781616428.0436094,4.1976776123046875,-0.05900071561336517,9.82751178741455,-2.351702278247103e-06,0.0006623187800869346,-0.002091469243168831,0.0,2.93,60
779.7832267414778,1781616428.051612,4.190124034881592,-0.057209618389606476,9.827497482299805,-1.7738640281095286e-06,0.0006635579047724605,-0.002089767949655652,0.0,2.94,60
779.7932267412543,1781616428.0621252,4.18391752243042,-0.05822468176484108,9.827500343322754,-1.3036900554652675e-06,0.0006648040725849569,-0.0020879898220300674,0.0,2.95,60
779.8032267410308,1781616428.0716403,4.178420066833496,-0.05906103923916817,9.827494621276855,-9.711062602946186e-07,0.0006659491336904466,-0.002086211461573839,0.0,2.96,60
779.8132267408073,1781616428.0811362,4.169469356536865,-0.05754536762833595,9.827512741088867,-4.343291095665336e-07,0.0006671056617051363,-0.002084393287077546,0.0,2.97,60
779.8232267405838,1781616428.0916414,4.165428638458252,-0.05911639332771301,9.827508926391602,-1.700010159311205e-07,0.0006681212689727545,-0.0020824612583965063,0.0,2.98,60
779.8332267403603,1781616428.1038797,4.157944202423096,-0.05833439901471138,9.827521324157715,2.2776283969960787e-07,0.0006690038717351854,-0.002080651931464672,0.0,2.99,60
779.8432267401367,1781616428.1123855,4.150979995727539,-0.05843937397003174,9.827529907226562,6.518915256492619e-07,0.0006697276257909834,-0.0020787068642675877,0.0,3.0,60
779.8532267399132,1781616428.1214085,4.144952297210693,-0.05839163437485695,9.827554702758789,1.0734543138823938e-06,0.0006703002145513892,-0.002076745266094804,0.0,3.0100000000000002,60
779.8632267396897,1781616428.1339133,4.138467788696289,-0.05847562104463577,9.827577590942383,1.5117478824322461e-06,0.0006707602296955884,-0.002074850955978036,0.0,3.02,60
779.8732267394662,1781616428.1457915,4.131972312927246,-0.058508776128292084,9.827584266662598,1.8443740827933652e-06,0.0006709907320328057,-0.0020728250965476036,0.0,3.0300000000000002,60
779.8832267392427,1781616428.1568346,4.126005172729492,-0.05941841006278992,9.82761287689209,2.1280793589539826e-06,0.0006710125599056482,-0.002071041613817215,0.0,3.04,60
779.8932267390192,1781616428.16705,4.1184611320495605,-0.05768335238099098,9.827635765075684,2.716929202506435e-06,0.0006709088338539004,-0.002069085370749235,0.0,3.0500000000000003,60
779.9032267387956,1781616428.1775608,4.112483501434326,-0.0586068220436573,9.827657699584961,3.041098807443632e-06,0.0006706031272187829,-0.0020669542718678713,0.0,3.06,60
779.9132267385721,1781616428.186948,4.106527328491211,-0.05956878513097763,9.827678680419922,3.235065605622367e-06,0.0006700552767142653,-0.0020649575162678957,0.0,3.0700000000000003,60
779.9232267383486,1781616428.1971104,4.0990447998046875,-0.05878455191850662,9.8277006149292,3.565274710126687e-06,0.0006693504401482642,-0.0020630359649658203,0.0,3.08,60
779.9332267381251,1781616428.2086082,4.0937275886535645,-0.05862821638584137,9.827722549438477,3.905479388777167e-06,0.000668479478918016,-0.002061256440356374,0.0,3.09,60
779.9432267379016,1781616428.2176175,4.085763454437256,-0.057935815304517746,9.82774543762207,4.282952431822196e-06,0.0006674081669189036,-0.00205938215367496,0.0,3.1,60
779.953226737678,1781616428.232134,4.080796241760254,-0.05971166491508484,9.827764511108398,4.3492091208463535e-06,0.0006661741645075381,-0.0020573765505105257,0.0,3.11,60
779.9632267374545,1781616428.2416396,4.074551105499268,-0.05969265103340149,9.827779769897461,4.365480435808422e-06,0.0006647877162322402,-0.002055141143500805,0.0,3.12,60
779.973226737231,1781616428.2517552,4.067069053649902,-0.0589074045419693,9.82778549194336,4.715634986496298e-06,0.0006632653530687094,-0.0020534053910523653,0.0,3.13,60
779.9832267370075,1781616428.2628353,4.060740947723389,-0.05789680778980255,9.827808380126953,5.23047810929711e-06,0.0006616341997869313,-0.00205164379440248,0.0,3.14,60
779.993226736784,1781616428.2719696,4.055774211883545,-0.059681035578250885,9.827829360961914,5.54835241928231e-06,0.0006598981563001871,-0.0020498312078416348,0.0,3.15,60
780.0032267365605,1781616428.2879033,4.048061370849609,-0.05893681198358536,9.827837944030762,5.934427917964058e-06,0.0006580738699994981,-0.002047828398644924,0.0,3.16,60
780.013226736337,1781616428.2929122,4.0420355796813965,-0.05889217555522919,9.827838897705078,6.417626991606085e-06,0.0006561409099958837,-0.0020459953229874372,0.0,3.17,60
780.0232267361134,1781616428.3020191,4.035781383514404,-0.05888983607292175,9.827851295471191,6.8164090407663025e-06,0.0006541716866195202,-0.0020443592220544815,0.0,3.18,60
780.0332267358899,1781616428.3115237,4.0295257568359375,-0.05888698250055313,9.827863693237305,7.166204795794329e-06,0.0006521830800920725,-0.002042373875156045,0.0,3.19,60
780.0432267356664,1781616428.3225548,4.023031711578369,-0.058920957148075104,9.827859878540039,7.4815884545387235e-06,0.0006501563475467265,-0.002040661871433258,0.0,3.2,60
780.0532267354429,1781616428.3335624,4.016318321228027,-0.05904436483979225,9.827856063842773,7.59136673877947e-06,0.0006481445743702352,-0.0020387102849781513,0.0,3.21,60
780.0632267352194,1781616428.3458705,4.011013984680176,-0.058940038084983826,9.827862739562988,7.589617780467961e-06,0.0006461227312684059,-0.0020368879195302725,0.0,3.22,60
780.0732267349958,1781616428.3538704,4.0040507316589355,-0.05905718356370926,9.827853202819824,7.3592300395830534e-06,0.0006441018776968122,-0.0020349666010588408,0.0,3.23,60
780.0832267347723,1781616428.3638115,3.997807264328003,-0.059105586260557175,9.827858924865723,6.9774027906532865e-06,0.000642152619548142,-0.002032981952652335,0.0,3.24,60
780.0932267345488,1781616428.375856,3.9921066761016846,-0.06008569151163101,9.827860832214355,6.3911525103321765e-06,0.0006402487051673234,-0.0020309793762862682,0.0,3.25,60
780.1032267343253,1781616428.3859117,3.9843344688415527,-0.05838656425476074,9.82785415649414,6.042382210580399e-06,0.000638416560832411,-0.0020290911197662354,0.0,3.2600000000000002,60
780.1132267341018,1781616428.3944156,3.979609966278076,-0.06012742966413498,9.827858924865723,5.589959073404316e-06,0.0006366520537994802,-0.002027027541771531,0.0,3.27,60
780.1232267338783,1781616428.404922,3.9728381633758545,-0.059234313666820526,9.827838897705078,5.233987394603901e-06,0.0006349331815727055,-0.0020251653622835875,0.0,3.2800000000000002,60
780.1332267336547,1781616428.4150128,3.966583251953125,-0.05923442170023918,9.827836036682129,4.925660050503211e-06,0.0006333138444460928,-0.0020230442751199007,0.0,3.29,60
780.1432267334312,1781616428.4240277,3.959873676300049,-0.059356722980737686,9.827803611755371,4.673826879297849e-06,0.0006317476509138942,-0.002021200954914093,0.0,3.3000000000000003,60
780.1532267332077,1781616428.4330308,3.954558849334717,-0.059205975383520126,9.827804565429688,4.439660642674426e-06,0.0006302808178588748,-0.0020191294606775045,0.0,3.31,60
780.1632267329842,1781616428.4436088,3.948376178741455,-0.06021376699209213,9.827790260314941,4.197463113086997e-06,0.0006288977456279099,-0.0020171240903437138,0.0,3.3200000000000003,60
780.1732267327607,1781616428.4536164,3.9406063556671143,-0.05851806700229645,9.827781677246094,4.167045972280903e-06,0.0006276327767409384,-0.002015284728258848,0.0,3.33,60
780.1832267325372,1781616428.463722,3.9353530406951904,-0.059382837265729904,9.82776165008545,4.0863401409296785e-06,0.0006264651310630143,-0.0020135778468102217,0.0,3.34,60
780.1932267323136,1781616428.4738946,3.930349826812744,-0.06020177900791168,9.827753067016602,3.8315256460919045e-06,0.0006253465544432402,-0.002012015786021948,0.0,3.35,60
780.2032267320901,1781616428.4845998,3.922110080718994,-0.05858635902404785,9.827743530273438,3.7258907923387596e-06,0.0006242897361516953,-0.0020104299765080214,0.0,3.36,60
780.2132267318666,1781616428.4936,3.917398691177368,-0.060381289571523666,9.827735900878906,3.4281697480764706e-06,0.0006233507301658392,-0.0020087617449462414,0.0,3.37,60
780.2232267316431,1781616428.5043855,3.9106271266937256,-0.059491001069545746,9.827710151672363,3.3010439892677823e-06,0.0006224519456736743,-0.002007151721045375,0.0,3.38,60
780.2332267314196,1781616428.5138898,3.9041566848754883,-0.0595778189599514,9.82770824432373,3.287495701442822e-06,0.0006216118927113712,-0.002005566842854023,0.0,3.39,60
780.243226731196,1781616428.522397,3.898385524749756,-0.05955253913998604,9.827692031860352,3.41224631483783e-06,0.0006208569975569844,-0.002004047157242894,0.0,3.4,60
780.2532267309725,1781616428.532902,3.8928418159484863,-0.05944244563579559,9.827690124511719,3.421561586947064e-06,0.0006201951764523983,-0.002002120716497302,0.0,3.41,60
780.263226730749,1781616428.5430202,3.886192560195923,-0.06052418425679207,9.82767105102539,3.447558356128866e-06,0.0006195809692144394,-0.0020003211684525013,0.0,3.42,60
780.2732267305255,1781616428.552117,3.879612922668457,-0.05869153141975403,9.827664375305176,3.822667167696636e-06,0.000618980557192117,-0.0019985344260931015,0.0,3.43,60
780.283226730302,1781616428.5616224,3.8744194507598877,-0.060515839606523514,9.827654838562012,3.993993686890462e-06,0.0006184376543387771,-0.0019968796987086535,0.0,3.44,60
780.2932267300785,1781616428.5710905,3.8673598766326904,-0.05871045961976051,9.827651023864746,4.294082373235142e-06,0.0006178694893606007,-0.001994970953091979,0.0,3.45,60
780.3032267298549,1781616428.5816052,3.862168073654175,-0.06053252890706062,9.827645301818848,4.459147930901963e-06,0.000617368146777153,-0.001993226120248437,0.0,3.46,60
780.3132267296314,1781616428.590109,3.855647325515747,-0.0596587099134922,9.827630043029785,4.741831617138814e-06,0.0006168536492623389,-0.0019912440329790115,0.0,3.47,60
780.3232267294079,1781616428.5996292,3.8491787910461426,-0.05974571034312248,9.827628135681152,5.081874405732378e-06,0.0006163222715258598,-0.0019895436707884073,0.0,3.48,60
780.3332267291844,1781616428.6101446,3.8438773155212402,-0.05965174362063408,9.827624320983887,5.395389507611981e-06,0.000615802186075598,-0.001987648895010352,0.0,3.49,60
780.3432267289609,1781616428.6209407,3.83640718460083,-0.058940399438142776,9.827616691589355,5.725239134335425e-06,0.0006152756977826357,-0.0019858151208609343,0.0,3.5,60
780.3532267287374,1781616428.6301515,3.8324666023254395,-0.061576370149850845,9.827613830566406,5.739057996834163e-06,0.0006147571839392185,-0.0019836982246488333,0.0,3.5100000000000002,60
780.3632267285138,1781616428.6396728,3.82488751411438,-0.05887996032834053,9.82761287689209,6.025740731274709e-06,0.0006141834310255945,-0.00198198645375669,0.0,3.52,60
780.3732267282903,1781616428.6488693,3.8196959495544434,-0.060708124190568924,9.827615737915039,6.1775526773999445e-06,0.0006135915755294263,-0.001980071421712637,0.0,3.5300000000000002,60
780.3832267280668,1781616428.6583834,3.8126354217529297,-0.058902956545352936,9.827605247497559,6.485887752205599e-06,0.0006130061810836196,-0.0019780483562499285,0.0,3.54,60
780.3932267278433,1781616428.6698978,3.8071651458740234,-0.05986190587282181,9.827610969543457,6.692296665278263e-06,0.0006124391220510006,-0.0019760748837143183,0.0,3.5500000000000003,60
780.4032267276198,1781616428.6769938,3.8017075061798096,-0.06081034243106842,9.82761001586914,6.664833108516177e-06,0.0006118075107224286,-0.0019739388953894377,0.0,3.56,60
780.4132267273962,1781616428.6870592,3.794708013534546,-0.05995674803853035,9.827603340148926,6.752811259502778e-06,0.0006111013353802264,-0.001971733057871461,0.0,3.5700000000000003,60
780.4232267271727,1781616428.6965635,3.7896454334259033,-0.059821806848049164,9.827611923217773,6.924104582139989e-06,0.0006103983614593744,-0.0019699472468346357,0.0,3.58,60
780.4332267269492,1781616428.7066622,3.782176971435547,-0.05911701172590256,9.827614784240723,7.1067424869397655e-06,0.0006097053410485387,-0.0019680222030729055,0.0,3.59,60
780.4432267267257,1781616428.7149663,3.7782371044158936,-0.06175336614251137,9.827622413635254,7.0060887082945555e-06,0.0006089524831622839,-0.0019658817909657955,0.0,3.6,60
780.4532267265022,1781616428.7259862,3.7706689834594727,-0.059112317860126495,9.827625274658203,7.241529146995163e-06,0.0006081728497520089,-0.00196396978572011,0.0,3.61,60
780.4632267262787,1781616428.737157,3.765428304672241,-0.05998214706778526,9.827613830566406,7.457769697793992e-06,0.0006073270342312753,-0.0019619290251284838,0.0,3.62,60
780.4732267260551,1781616428.7466712,3.759429931640625,-0.060000695288181305,9.827617645263672,7.443186404998414e-06,0.0006064181798137724,-0.001959751360118389,0.0,3.63,60
780.4832267258316,1781616428.7578208,3.7534403800964355,-0.06007103994488716,9.827608108520508,7.3464725574012846e-06,0.0006054879631847143,-0.001957438187673688,0.0,3.64,60
780.4932267256081,1781616428.7680328,3.7479708194732666,-0.060967445373535156,9.827615737915039,7.1747826950741e-06,0.0006044983747415245,-0.0019554977770894766,0.0,3.65,60
780.5032267253846,1781616428.7780874,3.7412235736846924,-0.060131967067718506,9.827610969543457,7.119586371118203e-06,0.0006035464466549456,-0.001953446539118886,0.0,3.66,60
780.5132267251611,1781616428.7875922,3.7356936931610107,-0.06007164344191551,9.827618598937988,7.203165296232328e-06,0.0006025710026733577,-0.0019513092702254653,0.0,3.67,60
780.5232267249376,1781616428.7970984,3.729694128036499,-0.060091327875852585,9.827618598937988,7.4025756475748494e-06,0.0006015854305587709,-0.0019492930732667446,0.0,3.68,60
780.533226724714,1781616428.8066053,3.7239348888397217,-0.060072071850299835,9.827620506286621,7.615621143486351e-06,0.0006005428731441498,-0.0019471426494419575,0.0,3.69,60
780.5432267244905,1781616428.8156934,3.7179360389709473,-0.060091856867074966,9.827600479125977,7.78009598434437e-06,0.0005994396633468568,-0.0019450947875156999,0.0,3.7,60
780.553226724267,1781616428.8257136,3.7121880054473877,-0.06012541800737381,9.827601432800293,7.898359399405308e-06,0.0005983142764307559,-0.0019431028049439192,0.0,3.71,60
780.5632267240435,1781616428.8347456,3.7067196369171143,-0.061024803668260574,9.827596664428711,7.903729056124575e-06,0.0005972232902422547,-0.0019409257220104337,0.0,3.72,60
780.57322672382,1781616428.8448784,3.699441909790039,-0.0593094676733017,9.827591896057129,8.10774236015277e-06,0.0005960490670986474,-0.0019388346699997783,0.0,3.73,60
780.5832267235965,1781616428.854372,3.6954424381256104,-0.06099928915500641,9.827590942382812,8.197340321203228e-06,0.0005949011538177729,-0.001936765038408339,0.0,3.74,60
780.5932267233729,1781616428.8668816,3.6876838207244873,-0.059312764555215836,9.827582359313965,8.429395165876485e-06,0.0005937711102887988,-0.0019347313791513443,0.0,3.75,60
780.6032267231494,1781616428.8749459,3.6834678649902344,-0.06108798831701279,9.827569961547852,8.425941814493854e-06,0.0005925939767621458,-0.001932602608576417,0.0,3.7600000000000002,60
780.6132267229259,1781616428.882945,3.676950454711914,-0.060219358652830124,9.827569007873535,8.553922270948533e-06,0.0005914591602049768,-0.0019305073656141758,0.0,3.77,60
780.6232267227024,1781616428.8920174,3.6707210540771484,-0.06027473136782646,9.827567100524902,8.713098395674024e-06,0.0005903664277866483,-0.001928394311107695,0.0,3.7800000000000002,60
780.6332267224789,1781616428.9015226,3.6659021377563477,-0.06010367348790169,9.827567100524902,8.82861695572501e-06,0.0005892309127375484,-0.0019264945294708014,0.0,3.79,60
780.6432267222553,1781616428.9110417,3.6596856117248535,-0.06021960824728012,9.82756519317627,8.935673577070702e-06,0.000588134687859565,-0.0019244540017098188,0.0,3.8000000000000003,60
780.6532267220318,1781616428.9200528,3.6542181968688965,-0.06111990287899971,9.827560424804688,8.956159035733435e-06,0.0005870608729310334,-0.0019222934497520328,0.0,3.81,60
780.6632267218083,1781616428.932568,3.646939754486084,-0.05940694734454155,9.827544212341309,9.245059118256904e-06,0.0005859986413270235,-0.0019202783005312085,0.0,3.8200000000000003,60
780.6732267215848,1781616428.9425962,3.642714500427246,-0.061131712049245834,9.82754135131836,9.356371265312191e-06,0.000585002766456455,-0.001918284804560244,0.0,3.83,60
780.6832267213613,1781616428.952779,3.6359047889709473,-0.05934707075357437,9.827540397644043,9.620461241865996e-06,0.0005840070080012083,-0.0019161853706464171,0.0,3.84,60
780.6932267211378,1781616428.9622045,3.6312096118927,-0.061150334775447845,9.827519416809082,9.626463906897698e-06,0.0005829408182762563,-0.0019140320364385843,0.0,3.85,60
780.7032267209142,1781616428.973709,3.6249313354492188,-0.06024368107318878,9.827523231506348,9.642577424529009e-06,0.0005819419748149812,-0.0019118955824524164,0.0,3.86,60
780.7132267206907,1781616428.9817786,3.618716239929199,-0.060353368520736694,9.827500343322754,9.741229405335616e-06,0.0005809419089928269,-0.0019097650656476617,0.0,3.87,60
780.7232267204672,1781616428.9909782,3.6144280433654785,-0.06106223538517952,9.827493667602539,9.845550266618375e-06,0.0005799513310194016,-0.0019077954348176718,0.0,3.88,60
780.7332267202437,1781616429.001122,3.6066815853118896,-0.05943310260772705,9.827492713928223,1.0206986189587042e-05,0.0005790027207694948,-0.0019057681784033775,0.0,3.89,60
780.7432267200202,1781616429.0116339,3.601923704147339,-0.060279883444309235,9.827483177185059,1.0443649443914182e-05,0.0005780660430900753,-0.0019038148457184434,0.0,3.9,60
780.7532267197967,1781616429.0204198,3.5971667766571045,-0.06106915697455406,9.827468872070312,1.0609915989334695e-05,0.0005771868745796382,-0.001901885960251093,0.0,3.91,60
780.7632267195731,1781616429.0299382,3.589202404022217,-0.0595255047082901,9.82746696472168,1.0845790711755399e-05,0.0005763298831880093,-0.001899802009575069,0.0,3.92,60
780.7732267193496,1781616429.0404537,3.5859155654907227,-0.06109662726521492,9.827454566955566,1.0881535672524478e-05,0.0005754483281634748,-0.0018979021115228534,0.0,3.93,60
780.7832267191261,1781616429.050967,3.5791683197021484,-0.06027289852499962,9.8274564743042,1.1059220014431048e-05,0.0005746257374994457,-0.0018957311986014247,0.0,3.94,60
780.7932267189026,1781616429.0603144,3.5734124183654785,-0.06025710329413414,9.827442169189453,1.121743753174087e-05,0.0005737850442528725,-0.0018937179120257497,0.0,3.95,60
780.8032267186791,1781616429.070842,3.5674359798431396,-0.06032898649573326,9.827431678771973,1.1359533345967066e-05,0.0005729401600547135,-0.0018917848356068134,0.0,3.96,60
780.8132267184556,1781616429.0810928,3.5621607303619385,-0.06028827279806137,9.827430725097656,1.1472398000478279e-05,0.0005721107008866966,-0.0018896694527938962,0.0,3.97,60
780.823226718232,1781616429.0906134,3.5564160346984863,-0.06032590940594673,9.827421188354492,1.1568047739274334e-05,0.0005713462014682591,-0.0018875648966059089,0.0,3.98,60
780.8332267180085,1781616429.100868,3.551429033279419,-0.0611492283642292,9.827415466308594,1.1569829439395107e-05,0.000570592179428786,-0.0018854218069463968,0.0,3.99,60
787.8432265613228,1781616436.0792937,-0.34538599848747253,0.044464901089668274,9.346858978271484,-0.000303321226965636,-0.027109699323773384,0.0011896664509549737,0.0,0.0,80
787.8532265610993,1781616436.088804,-0.1757701188325882,0.039865873754024506,9.423815727233887,-0.00040822423761710525,-0.037120599299669266,0.0010326988995075226,0.0,0.01,80
787.8632265608758,1781616436.1038218,0.10725007206201553,0.03733617439866066,9.504863739013672,-0.0005133675877004862,-0.04626709967851639,0.0008788618142716587,0.0,0.02,80
787.8732265606523,1781616436.1160314,0.5051306486129761,0.03301054239273071,9.586456298828125,-0.0006157027091830969,-0.054674550890922546,0.0007221939158625901,0.0,0.03,80
787.8832265604287,1781616436.126107,1.0172158479690552,0.030486024916172028,9.665534973144531,-0.000713271030690521,-0.062478337436914444,0.0005572615773417056,0.0,0.04,80
787.8932265602052,1781616436.1396132,1.6424607038497925,0.029483823105692863,9.739740371704102,-0.0008052548510022461,-0.0698196291923523,0.00037904048804193735,0.0,0.05,80
787.9032265599817,1781616436.1480494,2.384977340698242,0.02466529794037342,9.807276725769043,-0.0008920477703213692,-0.07684183865785599,0.00018391170306131244,0.0,0.06,80
787.9132265597582,1781616436.166823,3.239781618118286,0.022007640451192856,9.866852760314941,-0.0009742887341417372,-0.08368685096502304,-3.2254873076453805e-05,0.0,0.07,80
787.9232265595347,1781616436.1779437,4.210759162902832,0.017019206658005714,9.917716979980469,-0.0010635786456987262,-0.09049171209335327,-0.0002619316801428795,0.0,0.08,80
787.9332265593112,1781616436.1873167,5.2974162101745605,0.01869051530957222,9.959583282470703,-0.0011259139282628894,-0.09738606959581375,-0.0005461961263790727,0.0,0.09,80
787.9432265590876,1781616436.1968248,5.29996919631958,0.014251872897148132,10.098801612854004,-0.001179894432425499,-0.10193908959627151,-0.0007706945762038231,0.0,0.1,80
787.9532265588641,1781616436.2053297,5.3053507804870605,0.00788091216236353,10.212703704833984,-0.001235875766724348,-0.1042713150382042,-0.0009671224979683757,0.0,0.11,80
787.9632265586406,1781616436.213842,5.310886859893799,0.0015816260129213333,10.29797649383545,-0.0012933554826304317,-0.10453909635543823,-0.001138116349466145,0.0,0.12,80
787.9732265584171,1781616436.225857,5.315013885498047,-0.0019859864842146635,10.35283374786377,-0.0013513517333194613,-0.10292699933052063,-0.0012869596248492599,0.0,0.13,80
787.9832265581936,1781616436.236362,5.3204026222229,-0.00723296869546175,10.376944541931152,-0.0014097123639658093,-0.09964000433683395,-0.0014164980966597795,0.0,0.14,80
787.99322655797,1781616436.2478676,5.324853897094727,-0.01152714528143406,10.371280670166016,-0.0014678762527182698,-0.09489641338586807,-0.0015289409784600139,0.0,0.15,80
788.0032265577465,1781616436.2583604,5.329028129577637,-0.014736481010913849,10.337911605834961,-0.001524863881058991,-0.08892132341861725,-0.0016266718739643693,0.0,0.16,80
788.013226557523,1781616436.2678733,5.333490371704102,-0.01868804357945919,10.279840469360352,-0.0015797795495018363,-0.08194060623645782,-0.001711411983706057,0.0,0.17,80
788.0232265572995,1781616436.2789228,5.3369598388671875,-0.02153969183564186,10.200767517089844,-0.001631223363801837,-0.07417579740285873,-0.0017849381547421217,0.0,0.18,80
788.033226557076,1781616436.288006,5.338996887207031,-0.023335611447691917,10.104938507080078,-0.0016776289558038116,-0.06583958864212036,-0.0018483339808881283,0.0,0.19,80
788.0432265568525,1781616436.2970734,5.34254789352417,-0.0266221072524786,9.99683952331543,-0.0017175085376948118,-0.05713239312171936,-0.0019030495313927531,0.0,0.2,80
788.0532265566289,1781616436.3075893,5.343942165374756,-0.027962584048509598,9.881121635437012,-0.0017489473102614284,-0.048239342868328094,-0.0019502670038491488,0.0,0.21,80
788.0632265564054,1781616436.3156586,5.345320701599121,-0.029989883303642273,9.762303352355957,-0.0017702281475067139,-0.03932853415608406,-0.0019910531118512154,0.0,0.22,80
788.0732265561819,1781616436.324704,5.346823692321777,-0.03273417055606842,9.644721031188965,-0.0017795779276639223,-0.030549492686986923,-0.0020259725861251354,0.0,0.23,80
788.0832265559584,1781616436.3342183,5.3470306396484375,-0.03436843678355217,9.53232192993164,-0.001774814911186695,-0.02203255333006382,-0.0020557143725454807,0.0,0.24,80
788.0932265557349,1781616436.345742,5.347362995147705,-0.034756410866975784,9.428668022155762,-0.0017540731932967901,-0.013888643123209476,-0.002080792561173439,0.0,0.25,80
788.1032265555114,1781616436.3542452,5.346525192260742,-0.03606579080224037,9.33669662475586,-0.0017160915303975344,-0.006209655664861202,-0.0021024388261139393,0.0,0.26,80
788.1132265552878,1781616436.3667643,5.346193790435791,-0.03809480369091034,9.258774757385254,-0.001659964444115758,0.0009306767024099827,-0.002119994955137372,0.0,0.27,80
788.1232265550643,1781616436.3802278,5.344980716705322,-0.039091918617486954,9.19671630859375,-0.0015847755130380392,0.0074759298004209995,-0.0021348483860492706,0.0,0.28,80
788.1332265548408,1781616436.389746,5.3426995277404785,-0.04009309411048889,9.151620864868164,-0.00149021006654948,0.013385492376983166,-0.0021470473147928715,0.0,0.29,80
788.1432265546173,1781616436.3988633,5.341001987457275,-0.045386094599962234,9.124008178710938,-0.0013985096011310816,0.01863323710858822,-0.0021680286154150963,0.0,0.3,80
788.1532265543938,1781616436.4091804,5.338861465454102,-0.04172014072537422,9.11396598815918,-0.0012601613998413086,0.023206032812595367,-0.0021758307702839375,0.0,0.31,80
788.1632265541703,1781616436.4186866,5.335260391235352,-0.045952972024679184,9.120789527893066,-0.0011259657330811024,0.02710205689072609,-0.0021924099419265985,0.0,0.32,80
788.1732265539467,1781616436.428756,5.331663608551025,-0.04610707238316536,9.143597602844238,-0.0009715214255265892,0.030329296365380287,-0.0022071809507906437,0.0,0.33,80
788.1832265537232,1781616436.438251,5.328119277954102,-0.047213733196258545,9.180909156799316,-0.0007994905463419855,0.03290397301316261,-0.0022207265719771385,0.0,0.34,80
788.1932265534997,1781616436.4477656,5.323757648468018,-0.047423042356967926,9.231061935424805,-0.0006126079242676497,0.03484932705760002,-0.002232039114460349,0.0,0.35000000000000003,80
788.2032265532762,1781616436.4588056,5.318352222442627,-0.046784333884716034,9.292088508605957,-0.000414116628235206,0.036194123327732086,-0.0022415302228182554,0.0,0.36,80
788.2132265530527,1781616436.473771,5.3147454261779785,-0.04873812943696976,9.361871719360352,-0.00020777851750608534,0.03697161003947258,-0.0022495293524116278,0.0,0.37,80
788.2232265528291,1781616436.4807785,5.3069376945495605,-0.04739649221301079,9.43823528289795,2.8519839361251798e-06,0.037218399345874786,-0.002255823463201523,0.0,0.38,80
788.2332265526056,1781616436.4957962,5.303154945373535,-0.04930008575320244,9.518963813781738,0.00021374567586462945,0.03697368502616882,-0.0022600125521421432,0.0,0.39,80
788.2432265523821,1781616436.5037954,5.2972307205200195,-0.04948931559920311,9.601892471313477,0.00042126860353164375,0.036278460174798965,-0.0022631222382187843,0.0,0.4,80
788.2532265521586,1781616436.5147376,5.289435863494873,-0.047990843653678894,9.684985160827637,0.0006215677713043988,0.035174813121557236,-0.0022650964092463255,0.0,0.41000000000000003,80
788.2632265519351,1781616436.5288186,5.284850597381592,-0.04980390891432762,9.766340255737305,0.0008108034962788224,0.03370552882552147,-0.0022660314571112394,0.0,0.42,80
788.2732265517116,1781616436.5413148,5.27671480178833,-0.04825136438012123,9.844210624694824,0.000985580962151289,0.031913530081510544,-0.002266391646116972,0.0,0.43,80
788.283226551488,1781616436.5553472,5.27025032043457,-0.050109054893255234,9.917257308959961,0.0011425679549574852,0.02984415739774704,-0.0022665755823254585,0.0,0.44,80
788.2932265512645,1781616436.56385,5.262178897857666,-0.04924314096570015,9.984058380126953,0.0012790861073881388,0.027539506554603577,-0.0022652996703982353,0.0,0.45,80
788.303226551041,1781616436.5728528,5.253968715667725,-0.048360444605350494,10.043642044067383,0.001392924110405147,0.02504107728600502,-0.002264313632622361,0.0,0.46,80
788.3132265508175,1781616436.582958,5.247467994689941,-0.05007922649383545,10.095205307006836,0.0014819371281191707,0.02238939329981804,-0.0022632977925240993,0.0,0.47000000000000003,80
788.323226550594,1781616436.5959609,5.238325595855713,-0.048308636993169785,10.138263702392578,0.001545037142932415,0.019623935222625732,-0.0022621257230639458,0.0,0.48,80
788.3332265503705,1781616436.6019604,5.232409477233887,-0.04987664520740509,10.172578811645508,0.0015812854981049895,0.016782954335212708,-0.0022616549395024776,0.0,0.49,80
788.3432265501469,1781616436.6138597,5.224130153656006,-0.047940127551555634,10.198074340820312,0.0015905883628875017,0.01390341017395258,-0.0022622686810791492,0.0,0.5,80
788.3532265499234,1781616436.6218624,5.216640472412109,-0.04778280109167099,10.21491527557373,0.0015730381710454822,0.011020648293197155,-0.002263077301904559,0.0,0.51,80
788.3632265496999,1781616436.6328986,5.21107816696167,-0.04833478853106499,10.223447799682617,0.0015293076867237687,0.008168289437890053,-0.002264671493321657,0.0,0.52,80
788.3732265494764,1781616436.6424034,5.203287124633789,-0.04731972888112068,10.224141120910645,0.001460743835195899,0.005378086119890213,-0.002266774419695139,0.0,0.53,80
788.3832265492529,1781616436.6529107,5.196295738220215,-0.04809985309839249,10.217642784118652,0.0013690468622371554,0.0026799023617058992,-0.0022694424260407686,0.0,0.54,80
788.3932265490294,1781616436.6614134,5.190572261810303,-0.046772927045822144,10.204654693603516,0.0012565148063004017,0.00010122459207195789,-0.0022725716698914766,0.0,0.55,80
788.4032265488058,1781616436.8149536,5.183987617492676,-0.047504719346761703,10.185938835144043,0.0011256154393777251,-0.0023328480310738087,-0.0022774033714085817,0.0,0.56,80
788.4132265485823,1781616436.8250113,5.178182601928711,-0.0462530255317688,10.16235065460205,0.0009790025651454926,-0.004599729552865028,-0.0022826394997537136,0.0,0.5700000000000001,80
788.4232265483588,1781616436.8352995,5.171426296234131,-0.04615902900695801,10.134736061096191,0.0008197681745514274,-0.006679610814899206,-0.0022886365186423063,0.0,0.58,80
788.4332265481353,1781616436.8448193,5.165530204772949,-0.04596725106239319,10.103950500488281,0.0006509144441224635,-0.008555637672543526,-0.0022949245758354664,0.0,0.59,80
788.4432265479118,1781616436.8543348,5.160588264465332,-0.04760630056262016,10.070805549621582,0.0004756887792609632,-0.010213860310614109,-0.002301073633134365,0.0,0.6,80
788.4532265476882,1781616436.8638382,5.153646469116211,-0.04567486047744751,10.036130905151367,0.000297672173473984,-0.011643487960100174,-0.00230770674534142,0.0,0.61,80
788.4632265474647,1781616436.8738494,5.148316860198975,-0.04549310356378555,10.000651359558105,0.0001198828176711686,-0.012836986221373081,-0.0023145934101194143,0.0,0.62,80
788.4732265472412,1781616436.883858,5.142127513885498,-0.045495543628931046,9.965062141418457,-5.461485488922335e-05,-0.013789976015686989,-0.0023214807733893394,0.0,0.63,80
788.4832265470177,1781616436.8938606,5.137228488922119,-0.0463409461081028,9.930000305175781,-0.00022295434609986842,-0.014501173980534077,-0.0023282882757484913,0.0,0.64,80
788.4932265467942,1781616436.9037788,5.13090705871582,-0.04646286740899086,9.896001815795898,-0.0003823956358246505,-0.014972586184740067,-0.002334584016352892,0.0,0.65,80
788.5032265465707,1781616436.9117813,5.125547409057617,-0.04644974321126938,9.863545417785645,-0.0005303699290379882,-0.015209118835628033,-0.0023402697406709194,0.0,0.66,80
788.5132265463471,1781616436.9221892,5.118788242340088,-0.04666513577103615,9.833038330078125,-0.000664672174025327,-0.01521863229572773,-0.0023449535947293043,0.0,0.67,80
788.5232265461236,1781616436.9306943,5.113378524780273,-0.04574840888381004,9.80478286743164,-0.0007834060816094279,-0.015011691488325596,-0.0023489869199693203,0.0,0.68,80
788.5332265459001,1781616436.9411993,5.108590602874756,-0.04763946309685707,9.77906608581543,-0.0008853937033563852,-0.014601331204175949,-0.0023520602844655514,0.0,0.6900000000000001,80
788.5432265456766,1781616436.9507024,5.10050630569458,-0.046218931674957275,9.756030082702637,-0.0009691798477433622,-0.014002845622599125,-0.0023538032546639442,0.0,0.7000000000000001,80
788.5532265454531,1781616436.960217,5.095839500427246,-0.047188520431518555,9.735815048217773,-0.0010341769084334373,-0.013233453035354614,-0.0023545119911432266,0.0,0.71,80
788.5632265452296,1781616436.9707222,5.089969158172607,-0.04834098368883133,9.718481063842773,-0.0010800075251609087,-0.012311993166804314,-0.002353718737140298,0.0,0.72,80
788.573226545006,1781616436.980227,5.083226680755615,-0.047696132212877274,9.704044342041016,-0.0011065457947552204,-0.011258579790592194,-0.0023517857771366835,0.0,0.73,80
788.5832265447825,1781616436.9897323,5.076948165893555,-0.047915901988744736,9.692456245422363,-0.0011140243150293827,-0.010094317607581615,-0.002348707290366292,0.0,0.74,80
788.593226544559,1781616436.9988403,5.071141242980957,-0.04904452711343765,9.683629989624023,-0.0011032368056476116,-0.008840970695018768,-0.0023437514901161194,0.0,0.75,80
788.6032265443355,1781616437.0083642,5.063514232635498,-0.04850900545716286,9.677474021911621,-0.0010748808272182941,-0.00752059742808342,-0.002337465528398752,0.0,0.76,80
788.613226544112,1781616437.018877,5.05751371383667,-0.0486517995595932,9.673837661743164,-0.0010302088921889663,-0.006155022885650396,-0.00233008642680943,0.0,0.77,80
788.6232265438884,1781616437.0293849,5.052035331726074,-0.050654903054237366,9.672593116760254,-0.0009707254939712584,-0.004765824880450964,-0.002320973901078105,0.0,0.78,80
788.6332265436649,1781616437.0389135,5.0433807373046875,-0.048252172768116,9.673507690429688,-0.0008978054393082857,-0.003373929765075445,-0.002311158226802945,0.0,0.79,80
788.6432265434414,1781616437.048408,5.038032054901123,-0.051118526607751846,9.676445960998535,-0.0008134265663102269,-0.0019991991575807333,-0.002299882471561432,0.0,0.8,80
788.6532265432179,1781616437.0579267,5.030694961547852,-0.04941675812005997,9.681187629699707,-0.0007192170596681535,-0.0006602685316465795,-0.0022879773750901222,0.0,0.81,80
788.6632265429944,1781616437.067111,5.023674488067627,-0.050526514649391174,9.687535285949707,-0.0006173531292006373,0.0006256635533645749,-0.0022750538773834705,0.0,0.8200000000000001,80
788.6732265427709,1781616437.0766182,5.01677131652832,-0.05062427744269371,9.695289611816406,-0.0005098070832900703,0.0018430502386763692,-0.0022612796165049076,0.0,0.8300000000000001,80
788.6832265425473,1781616437.086657,5.009556770324707,-0.050731007009744644,9.704253196716309,-0.0003984662762377411,0.002978160046041012,-0.002246896270662546,0.0,0.84,80
788.6932265423238,1781616437.0957613,5.002732276916504,-0.0507088229060173,9.714200973510742,-0.00028523310902528465,0.004019103944301605,-0.0022323059383779764,0.0,0.85,80
788.7032265421003,1781616437.106258,4.994625568389893,-0.054042115807533264,9.724932670593262,-0.00019199388043489307,0.004956077318638563,-0.0022273825015872717,0.0,0.86,80
788.7132265418768,1781616437.116764,4.987692356109619,-0.05376356840133667,9.736324310302734,-9.783721907297149e-05,0.00578130641952157,-0.002222934504970908,0.0,0.87,80
788.7232265416533,1781616437.1268153,4.980952262878418,-0.05448970943689346,9.74816608428955,-4.910946245217929e-06,0.0064891306683421135,-0.0022191163152456284,0.0,0.88,80
788.7332265414298,1781616437.1373138,4.972414016723633,-0.053541891276836395,9.760268211364746,8.531014464097098e-05,0.007075774483382702,-0.0022158704232424498,0.0,0.89,80
788.7432265412062,1781616437.1478288,4.965766906738281,-0.0533115491271019,9.772486686706543,0.0001713176752673462,0.007539581507444382,-0.00221309345215559,0.0,0.9,80
788.7532265409827,1781616437.1558716,4.9574480056762695,-0.05332886800169945,9.784651756286621,0.00025154059403575957,0.007880741730332375,-0.0022104550153017044,0.0,0.91,80
788.7632265407592,1781616437.1671638,4.95127534866333,-0.05400823801755905,9.796640396118164,0.0003247927816119045,0.008101236075162888,-0.002208750694990158,0.0,0.92,80
788.7732265405357,1781616437.1776617,4.941616058349609,-0.05225403606891632,9.808306694030762,0.0003903389151673764,0.008204701356589794,-0.002207379089668393,0.0,0.93,80
788.7832265403122,1781616437.1881754,4.935457229614258,-0.05391108989715576,9.81952953338623,0.0004470792191568762,0.008196249604225159,-0.002206196542829275,0.0,0.9400000000000001,80
788.7932265400887,1781616437.1966915,4.927485466003418,-0.052883148193359375,9.83021068572998,0.0004947521374560893,0.008082457818090916,-0.0022049464751034975,0.0,0.9500000000000001,80
788.8032265398651,1781616437.206787,4.919789791107178,-0.052780717611312866,9.840243339538574,0.0005328557454049587,0.007870879955589771,-0.0022042328491806984,0.0,0.96,80
788.8132265396416,1781616437.2168682,4.911561012268066,-0.05177396908402443,9.849543571472168,0.0005612824461422861,0.007570285350084305,-0.002204325282946229,0.0,0.97,80
788.8232265394181,1781616437.2269425,4.90493106842041,-0.053494181483983994,9.85806655883789,0.000579501676838845,0.007190077565610409,-0.002204132964834571,0.0,0.98,80
788.8332265391946,1781616437.2370436,4.89674186706543,-0.052485477179288864,9.865690231323242,0.000588232942391187,0.006740266922861338,-0.002204074990004301,0.0,0.99,80
788.8432265389711,1781616437.2475712,4.8885602951049805,-0.051494840532541275,9.872422218322754,0.0005876422510482371,0.0062313927337527275,-0.0022044098004698753,0.0,1.0,80
788.8532265387475,1781616437.2569616,4.881987571716309,-0.05320657417178154,9.878202438354492,0.0005778876948170364,0.005674057640135288,-0.0022049974650144577,0.0,1.01,80
788.863226538524,1781616437.2669907,4.8735761642456055,-0.05125890672206879,9.883000373840332,0.0005598546704277396,0.005079112946987152,-0.0022056421730667353,0.0,1.02,80
788.8732265383005,1781616437.276496,4.867059230804443,-0.05296902731060982,9.8868408203125,0.0005339853232726455,0.004457269329577684,-0.0022064452059566975,0.0,1.03,80
788.883226538077,1781616437.2860022,4.85847282409668,-0.05106204003095627,9.88967514038086,0.0005012975307181478,0.0038189070764929056,-0.002207225887104869,0.0,1.04,80
788.8932265378535,1781616437.2955072,4.851499080657959,-0.05189702659845352,9.891546249389648,0.0004623692075256258,0.0031741273123770952,-0.002207847312092781,0.0,1.05,80
788.90322653763,1781616437.3050299,4.844040393829346,-0.05181529000401497,9.892477989196777,0.0004181643598712981,0.00253242626786232,-0.002208890626206994,0.0,1.06,80
788.9132265374064,1781616437.314537,4.836623668670654,-0.0517675057053566,9.892504692077637,0.0003696997882798314,0.0019027763046324253,-0.0022102557122707367,0.0,1.07,80
788.9232265371829,1781616437.32404,4.82924747467041,-0.05172377824783325,9.891660690307617,0.0003178866463713348,0.0012933802790939808,-0.0022116077598184347,0.0,1.08,80
788.9332265369594,1781616437.3335552,4.821375370025635,-0.0507778525352478,9.890006065368652,0.00026367028476670384,0.0007117428467608988,-0.0022129323333501816,0.0,1.09,80
788.9432265367359,1781616437.3435724,4.815125942230225,-0.05256335437297821,9.887580871582031,0.0002077650133287534,0.00016434733697678894,-0.002214085543528199,0.0,1.1,80
788.9532265365124,1781616437.3543532,4.80681848526001,-0.05078457295894623,9.884490966796875,0.00015144451754167676,-0.00034304946893826127,-0.0022151009179651737,0.0,1.11,80
788.9632265362889,1781616437.3623548,4.800112247467041,-0.05170165002346039,9.880781173706055,9.536899597151205e-05,-0.0008056442602537572,-0.002216162858530879,0.0,1.12,80
788.9732265360653,1781616437.3718607,4.792919158935547,-0.051732975989580154,9.876544952392578,4.041058855364099e-05,-0.0012195721501484513,-0.0022169267758727074,0.0,1.1300000000000001,80
788.9832265358418,1781616437.381373,4.785760402679443,-0.05179320648312569,9.871864318847656,-1.2651948964048643e-05,-0.0015819217078387737,-0.0022176767233759165,0.0,1.1400000000000001,80
788.9932265356183,1781616437.3908846,4.779154300689697,-0.052740298211574554,9.866820335388184,-6.313321500783786e-05,-0.0018906096229329705,-0.0022182816173881292,0.0,1.1500000000000001,80
789.0032265353948,1781616437.4038718,4.770465850830078,-0.05013705790042877,9.861499786376953,-0.00010998269135598093,-0.0021444675512611866,-0.0022189030423760414,0.0,1.16,80
789.0132265351713,1781616437.4138746,4.764946937561035,-0.05293186381459236,9.855964660644531,-0.0001533290633233264,-0.002343272091820836,-0.002219446236267686,0.0,1.17,80
789.0232265349478,1781616437.4229505,4.757359027862549,-0.052147623151540756,9.850358009338379,-0.00019238410459365696,-0.002487313700839877,-0.0022197512444108725,0.0,1.18,80
789.0332265347242,1781616437.4322445,4.750308513641357,-0.05228549614548683,9.844725608825684,-0.0002267459058202803,-0.0025778948329389095,-0.0022194425109773874,0.0,1.19,80
789.0432265345007,1781616437.442752,4.74350643157959,-0.05238616093993187,9.839132308959961,-0.000256149098277092,-0.002616963582113385,-0.0022187582217156887,0.0,1.2,80
789.0532265342772,1781616437.4522564,4.736469745635986,-0.05253060907125473,9.833677291870117,-0.00028038391610607505,-0.0026069623418152332,-0.0022183035034686327,0.0,1.21,80
789.0632265340537,1781616437.4617622,4.729437828063965,-0.05268304795026779,9.828425407409668,-0.0002993801317643374,-0.002550905803218484,-0.0022173328325152397,0.0,1.22,80
789.0732265338302,1781616437.470274,4.722412586212158,-0.052857737988233566,9.82341480255127,-0.00031313207000494003,-0.0024523979518562555,-0.002216469030827284,0.0,1.23,80
789.0832265336066,1781616437.4797788,4.7153825759887695,-0.053039245307445526,9.81875228881836,-0.00032175180967897177,-0.0023151705972850323,-0.0022152797318995,0.0,1.24,80
789.0932265333831,1781616437.4892752,4.70835542678833,-0.05324423685669899,9.814445495605469,-0.00032537049264647067,-0.0021434519439935684,-0.0022140536457300186,0.0,1.25,80
789.1032265331596,1781616437.4978023,4.701315879821777,-0.053426921367645264,9.810541152954102,-0.00032418433693237603,-0.001941740047186613,-0.0022126666735857725,0.0,1.26,80
789.1132265329361,1781616437.5068648,4.694271087646484,-0.05363430827856064,9.807092666625977,-0.0003184120578225702,-0.0017145074671134353,-0.002211394254118204,0.0,1.27,80
789.1232265327126,1781616437.5159457,4.687456130981445,-0.053806040436029434,9.804107666015625,-0.0003085843054577708,-0.0014664873015135527,-0.0022098058834671974,0.0,1.28,80
789.1332265324891,1781616437.5260382,4.680916786193848,-0.05489026755094528,9.801623344421387,-0.00029492159956134856,-0.0012022447772324085,-0.0022081951610744,0.0,1.29,80
789.1432265322655,1781616437.5355532,4.6728434562683105,-0.054250843822956085,9.79959774017334,-0.00027755933115258813,-0.0009264691034331918,-0.002206588862463832,0.0,1.3,80
789.153226532042,1781616437.5457177,4.666205406188965,-0.05432892590761185,9.798101425170898,-0.000256971747148782,-0.0006436449475586414,-0.0022042912896722555,0.0,1.31,80
789.1632265318185,1781616437.5552223,4.659322738647461,-0.054439444094896317,9.79708194732666,-0.00023374836018774658,-0.00035813116119243205,-0.002202163217589259,0.0,1.32,80
789.173226531595,1781616437.5657403,4.652187824249268,-0.05461828410625458,9.796567916870117,-0.0002084210718749091,-7.396962610073388e-05,-0.0021997878793627024,0.0,1.33,80
789.1832265313715,1781616437.575809,4.645566940307617,-0.05567077547311783,9.796496391296387,-0.0001814566639950499,0.00020486638823058456,-0.0021974267438054085,0.0,1.34,80
789.193226531148,1781616437.5853152,4.637582778930664,-0.053982872515916824,9.796866416931152,-0.00015309563605114818,0.00047489278949797153,-0.0021950947120785713,0.0,1.35,80
789.2032265309244,1781616437.5948238,4.63144588470459,-0.05592557415366173,9.797636985778809,-0.00012420852726791054,0.0007328781648539007,-0.0021926001645624638,0.0,1.36,80
789.2132265307009,1781616437.6053185,4.623959541320801,-0.05511036515235901,9.798795700073242,-9.499477164354175e-05,0.0009759619715623558,-0.002190268598496914,0.0,1.37,80
789.2232265304774,1781616437.6148326,4.616269588470459,-0.05532332509756088,9.800289154052734,-6.599254993489012e-05,0.001201600069180131,-0.002187694888561964,0.0,1.3800000000000001,80
789.2332265302539,1781616437.6243382,4.609740734100342,-0.055317193269729614,9.802085876464844,-3.7595120375044644e-05,0.0014076781226322055,-0.0021853705402463675,0.0,1.3900000000000001,80
789.2432265300304,1781616437.6358461,4.602488040924072,-0.05542882904410362,9.804132461547852,-1.0255040251649916e-05,0.0015924887266010046,-0.0021829402539879084,0.0,1.4000000000000001,80
789.2532265298069,1781616437.6428552,4.595996379852295,-0.056401342153549194,9.80639362335205,1.5617952158208936e-05,0.0017546459566801786,-0.002180597046390176,0.0,1.41,80
789.2632265295833,1781616437.653609,4.588430881500244,-0.05552493408322334,9.80883502960205,3.995497172581963e-05,0.0018932668026536703,-0.0021782992407679558,0.0,1.42,80
789.2732265293598,1781616437.6636198,4.581139087677002,-0.05560283362865448,9.811384201049805,6.255879998207092e-05,0.002007763832807541,-0.002176885260269046,0.0,1.43,80
789.2832265291363,1781616437.6735306,4.573604583740234,-0.05569250136613846,9.814019203186035,8.296316809719428e-05,0.002097905846312642,-0.0021752428729087114,0.0,1.44,80
789.2932265289128,1781616437.6825333,4.567473888397217,-0.0555768720805645,9.81671142578125,0.0001010209962259978,0.0021638376638293266,-0.0021736377384513617,0.0,1.45,80
789.3032265286893,1781616437.6926274,4.559463024139404,-0.05575991049408913,9.819398880004883,0.00011646823986666277,0.002206056844443083,-0.0021722076926380396,0.0,1.46,80
789.3132265284657,1781616437.7037246,4.552858829498291,-0.05574114993214607,9.822035789489746,0.00012923163012601435,0.002225257223471999,-0.0021708777640014887,0.0,1.47,80
789.3232265282422,1781616437.7138908,4.5463080406188965,-0.05665181949734688,9.824618339538574,0.0001392363483319059,0.002222564071416855,-0.0021695084869861603,0.0,1.48,80
789.3332265280187,1781616437.7229364,4.537928104400635,-0.05489859730005264,9.827081680297852,0.00014678873412776738,0.0021992274560034275,-0.002167885424569249,0.0,1.49,80
789.3432265277952,1781616437.73244,4.531362533569336,-0.055818844586610794,9.82943058013916,0.00015155089204199612,0.0021567645017057657,-0.0021665811073035,0.0,1.5,80
789.3532265275717,1781616437.7419546,4.525283336639404,-0.05668332055211067,9.831605911254883,0.0001536597847007215,0.002096819458529353,-0.0021652751602232456,0.0,1.51,80
789.3632265273482,1781616437.751458,4.515741348266602,-0.05511130765080452,9.833616256713867,0.0001534402254037559,0.0020211993250995874,-0.0021638749167323112,0.0,1.52,80
789.3732265271246,1781616437.7619557,4.511363983154297,-0.05667037516832352,9.835421562194824,0.000150722247781232,0.001931814942508936,-0.0021622474305331707,0.0,1.53,80
789.3832265269011,1781616437.7724597,4.502771854400635,-0.054979678243398666,9.837016105651855,0.00014604658645112067,0.001830732449889183,-0.0021606378722935915,0.0,1.54,80
789.3932265266776,1781616437.7819736,4.496750831604004,-0.056781429797410965,9.83838176727295,0.0001391319092363119,0.0017199332360178232,-0.002159139374271035,0.0,1.55,80
789.4032265264541,1781616437.791469,4.48870325088501,-0.05599232390522957,9.839529991149902,0.0001306628400925547,0.0016015337314456701,-0.002157701877877116,0.0,1.56,80
789.4132265262306,1781616437.8019826,4.4821062088012695,-0.05591784790158272,9.840653419494629,0.00012182137288618833,0.0014786471147090197,-0.0021530298981815577,0.0,1.57,80
789.423226526007,1781616437.8114786,4.475063800811768,-0.05590919777750969,9.841097831726074,0.00011067651212215424,0.001350955804809928,-0.002151983790099621,0.0,1.58,80
789.4332265257835,1781616437.8209834,4.468249797821045,-0.055876221507787704,9.841557502746582,9.837491961661726e-05,0.0012217315379530191,-0.00215116492472589,0.0,1.59,80
789.44322652556,1781616437.8305056,4.46122407913208,-0.0559389553964138,9.841794967651367,8.529975457349792e-05,0.0010927645489573479,-0.00215040217153728,0.0,1.6,80
789.4532265253365,1781616437.8400192,4.454199314117432,-0.05597662553191185,9.841835975646973,7.16133727109991e-05,0.0009658457711338997,-0.0021498959977179766,0.0,1.61,80
789.463226525113,1781616437.8485334,4.447950839996338,-0.056856777518987656,9.841652870178223,5.746933675254695e-05,0.0008425145060755312,-0.0021492314990609884,0.0,1.62,80
789.4732265248895,1781616437.8580403,4.439897060394287,-0.05512501671910286,9.84130573272705,4.3528991227503866e-05,0.0007243198342621326,-0.002148629864677787,0.0,1.6300000000000001,80
789.483226524666,1781616437.8665514,4.432943820953369,-0.05613018944859505,9.840818405151367,2.9831497158738784e-05,0.0006124672945588827,-0.0021481451112776995,0.0,1.6400000000000001,80
789.4932265244424,1781616437.8760521,4.427137851715088,-0.056038741022348404,9.840113639831543,1.5977366274455562e-05,0.0005083828582428396,-0.002147620776668191,0.0,1.6500000000000001,80
789.5032265242189,1781616437.885557,4.4196929931640625,-0.05621138960123062,9.839303016662598,2.574537347754813e-06,0.00041288367356173694,-0.0021466792095452547,0.0,1.6600000000000001,80
789.5132265239954,1781616437.894061,4.412952899932861,-0.05621568113565445,9.838396072387695,-1.0367501090513542e-05,0.00032687076600268483,-0.0021457718685269356,0.0,1.67,80
789.5232265237719,1781616437.9045897,4.405988693237305,-0.05631483346223831,9.837373733520508,-2.2622569304076023e-05,0.0002508830220904201,-0.002144747646525502,0.0,1.68,80
789.5332265235484,1781616437.914083,4.399809837341309,-0.057305507361888885,9.836281776428223,-3.3991924283327535e-05,0.0001854141301009804,-0.0021437485702335835,0.0,1.69,80
789.5432265233248,1781616437.9248414,4.3915696144104,-0.05561850965023041,9.835122108459473,-4.412217458593659e-05,0.00013075994502287358,-0.00214249431155622,0.0,1.7,80
789.5532265231013,1781616437.9353461,4.386134147644043,-0.057411860674619675,9.833934783935547,-5.3127754654269665e-05,8.707682718522847e-05,-0.002141279634088278,0.0,1.71,80
789.5632265228778,1781616437.944853,4.3783721923828125,-0.05565585196018219,9.832724571228027,-6.074365956010297e-05,5.428250369732268e-05,-0.002140072174370289,0.0,1.72,80
789.5732265226543,1781616437.953852,4.372713088989258,-0.05749262496829033,9.831523895263672,-6.726497667841613e-05,3.221237784600817e-05,-0.0021386253647506237,0.0,1.73,80
789.5832265224308,1781616437.9647954,4.365724086761475,-0.05663418769836426,9.830333709716797,-7.233367068693042e-05,2.059208054561168e-05,-0.0021371750626713037,0.0,1.74,80
789.5932265222073,1781616437.974304,4.357615947723389,-0.05692384019494057,9.829194068908691,-7.589779124828056e-05,1.8866783648263663e-05,-0.002135579939931631,0.0,1.75,80
789.6032265219837,1781616437.9838183,4.351795673370361,-0.0558854378759861,9.828057289123535,-7.815100980224088e-05,2.659586607478559e-05,-0.002133991103619337,0.0,1.76,80
789.6132265217602,1781616437.9928336,4.345685958862305,-0.05785524100065231,9.826998710632324,-7.954299508128315e-05,4.305518086766824e-05,-0.0021324134431779385,0.0,1.77,80
789.6232265215367,1781616438.002958,4.338469505310059,-0.05703315883874893,9.826006889343262,-7.972457387950271e-05,6.751200271537527e-05,-0.0021308341529220343,0.0,1.78,80
789.6332265213132,1781616438.0119884,4.331299781799316,-0.05717477202415466,9.825093269348145,-7.870977424317971e-05,9.913925896398723e-05,-0.002129042288288474,0.0,1.79,80
789.6432265210897,1781616438.0214853,4.325537204742432,-0.05709388107061386,9.824277877807617,-7.663128053536639e-05,0.00013713716180063784,-0.002127241576090455,0.0,1.8,80
789.6532265208662,1781616438.0364997,4.318424701690674,-0.05819329246878624,9.823545455932617,-7.367496436927468e-05,0.00018058410205412656,-0.002125486731529236,0.0,1.81,80
789.6632265206426,1781616438.046845,4.3111419677734375,-0.05641576647758484,9.82291316986084,-6.957769073778763e-05,0.000228506323765032,-0.002123774727806449,0.0,1.82,80
789.6732265204191,1781616438.055939,4.30548095703125,-0.058257244527339935,9.822389602661133,-6.48727873340249e-05,0.0002799863868858665,-0.0021220804192125797,0.0,1.83,80
789.6832265201956,1781616438.0650337,4.298253536224365,-0.05743642896413803,9.821958541870117,-5.933769716648385e-05,0.00033410830656066537,-0.0021203120704740286,0.0,1.84,80
789.6932265199721,1781616438.0745313,4.291011333465576,-0.056628283113241196,9.821625709533691,-5.319731280906126e-05,0.0003899583243764937,-0.0021183534990996122,0.0,1.85,80
789.7032265197486,1781616438.0835316,4.28535270690918,-0.05851897597312927,9.821407318115234,-4.693620212492533e-05,0.00044662499567493796,-0.0021165143698453903,0.0,1.86,80
789.713226519525,1781616438.0936432,4.278115749359131,-0.057697709649801254,9.821290969848633,-4.0240738599095494e-05,0.0005033102934248745,-0.00211448036134243,0.0,1.87,80
789.7232265193015,1781616438.1038373,4.271163463592529,-0.05779878422617912,9.821252822875977,-3.3354779588989913e-05,0.0005592063535004854,-0.0021126014180481434,0.0,1.8800000000000001,80
789.733226519078,1781616438.1159894,4.265371322631836,-0.05772114545106888,9.821196556091309,-2.7117563149658963e-05,0.0006128886598162353,-0.002116894582286477,0.0,1.8900000000000001,80
789.7432265188545,1781616438.127054,4.258183479309082,-0.05790678411722183,9.821503639221191,-2.031713847827632e-05,0.0006651481380686164,-0.002114618429914117,0.0,1.9000000000000001,80
789.753226518631,1781616438.1405578,4.25122594833374,-0.058016542345285416,9.821712493896484,-1.3740580470766872e-05,0.0007146032294258475,-0.0021120356395840645,0.0,1.9100000000000001,80
789.7632265184075,1781616438.1519313,4.245968341827393,-0.05886230617761612,9.822027206420898,-7.3575315582274925e-06,0.0007607233710587025,-0.002109808847308159,0.0,1.92,80
789.773226518184,1781616438.1619892,4.237232685089111,-0.05726141110062599,9.822381973266602,-9.682039490144234e-07,0.0008029959863051772,-0.002107589039951563,0.0,1.93,80
789.7832265179604,1781616438.1724935,4.231719017028809,-0.058102767914533615,9.822785377502441,4.910357347398531e-06,0.0008410592563450336,-0.0021053648088127375,0.0,1.94,80
789.7932265177369,1781616438.1848257,4.225754737854004,-0.05906078591942787,9.823258399963379,1.0193250091106165e-05,0.0008746543899178505,-0.002102946862578392,0.0,1.95,80
789.8032265175134,1781616438.1953282,4.2184906005859375,-0.058235011994838715,9.823736190795898,1.5232166333589703e-05,0.0009035171824507415,-0.002100597135722637,0.0,1.96,80
789.8132265172899,1781616438.204838,4.211971282958984,-0.05821133032441139,9.824258804321289,1.9856348444591276e-05,0.0009274964686483145,-0.0020983386784791946,0.0,1.97,80
789.8232265170664,1781616438.215002,4.205220699310303,-0.058279041200876236,9.824795722961426,2.393276554357726e-05,0.0009465794428251684,-0.00209602783434093,0.0,1.98,80
789.8332265168428,1781616438.2250538,4.198238849639893,-0.058377619832754135,9.82535171508789,2.7467114705359563e-05,0.0009607357205823064,-0.0020937644876539707,0.0,1.99,80
789.8432265166193,1781616438.235554,4.192196369171143,-0.05832662060856819,9.825906753540039,3.033651773876045e-05,0.0009700431255623698,-0.0020916254725307226,0.0,2.0,80
789.8532265163958,1781616438.2455924,4.186211109161377,-0.05923258140683174,9.826447486877441,3.256433046772145e-05,0.0009746428113430738,-0.0020894568879157305,0.0,2.0100000000000002,80
789.8632265161723,1781616438.2556372,4.178398609161377,-0.05747770145535469,9.826981544494629,3.440616274019703e-05,0.0009747510775923729,-0.002087363973259926,0.0,2.02,80
789.8732265159488,1781616438.2660294,4.172943115234375,-0.059326957911252975,9.827507972717285,3.5524841223377734e-05,0.0009706031414680183,-0.00208536209538579,0.0,2.0300000000000002,80
789.8832265157253,1781616438.2745268,4.165898323059082,-0.05841152369976044,9.827982902526855,3.62676837539766e-05,0.0009624197846278548,-0.002083377679809928,0.0,2.04,80
789.8932265155017,1781616438.285031,4.158385276794434,-0.057633038610219955,9.828437805175781,3.653965177363716e-05,0.0009505752823315561,-0.0020815078169107437,0.0,2.05,80
789.9032265152782,1781616438.2945397,4.153868675231934,-0.059331998229026794,9.828869819641113,3.606824975577183e-05,0.0009354208596050739,-0.0020794039592146873,0.0,2.06,80
789.9132265150547,1781616438.3050547,4.145888328552246,-0.05856580287218094,9.829242706298828,3.5155837394995615e-05,0.0009173388825729489,-0.002077515237033367,0.0,2.07,80
789.9232265148312,1781616438.315561,4.140373229980469,-0.05939524620771408,9.829597473144531,3.378592009539716e-05,0.0008967607282102108,-0.0020754029974341393,0.0,2.08,80
789.9332265146077,1781616438.3260748,4.132814407348633,-0.05765295401215553,9.82989501953125,3.23590575135313e-05,0.0008740992052480578,-0.0020732718985527754,0.0,2.09,80
789.9432265143842,1781616438.3375723,4.1268229484558105,-0.05857286974787712,9.830146789550781,3.0555685953004286e-05,0.0008497500675730407,-0.0020713454578071833,0.0,2.1,80
789.9532265141606,1781616438.3476608,4.120843410491943,-0.059481967240571976,9.83034896850586,2.8319827833911404e-05,0.000824140792246908,-0.00206938898190856,0.0,2.11,80
789.9632265139371,1781616438.3567684,4.113337516784668,-0.05864030867815018,9.8305025100708,2.608149043226149e-05,0.0007976689958013594,-0.002067580819129944,0.0,2.12,80
789.9732265137136,1781616438.3682802,4.107540607452393,-0.058553535491228104,9.830618858337402,2.3742079065414146e-05,0.0007707378827035427,-0.0020657184068113565,0.0,2.13,80
789.9832265134901,1781616438.3797815,4.101505756378174,-0.05851174145936966,9.830696105957031,2.130924076482188e-05,0.0007437821477651596,-0.002063905354589224,0.0,2.14,80
789.9932265132666,1781616438.390305,4.093535900115967,-0.05781592056155205,9.830714225769043,1.8814953364199027e-05,0.0007170960889197886,-0.0020621465519070625,0.0,2.15,80
790.003226513043,1781616438.3998144,4.088562965393066,-0.05959036201238632,9.830699920654297,1.5929686924209818e-05,0.0006910292431712151,-0.0020603931043297052,0.0,2.16,80
790.0132265128195,1781616438.4093192,4.082314968109131,-0.05956979840993881,9.83064079284668,1.30408252516645e-05,0.0006659097853116691,-0.0020585614256560802,0.0,2.17,80
790.023226512596,1781616438.4188347,4.074758052825928,-0.0577804259955883,9.83054256439209,1.0519053830648772e-05,0.000641992490272969,-0.002056544180959463,0.0,2.18,80
790.0332265123725,1781616438.428351,4.069032669067383,-0.058716192841529846,9.830403327941895,7.905272468633484e-06,0.000619472935795784,-0.0020545797888189554,0.0,2.19,80
790.043226512149,1781616438.4388607,4.062597751617432,-0.059700336307287216,9.830254554748535,5.264900210022461e-06,0.0005986698088236153,-0.0020527373999357224,0.0,2.2,80
790.0532265119255,1781616438.4564333,4.056295394897461,-0.05872568115592003,9.830070495605469,2.933638825197704e-06,0.0005797403282485902,-0.0020508829038590193,0.0,2.21,80
790.0632265117019,1781616438.4669302,4.049803733825684,-0.058760371059179306,9.82985782623291,9.225755093211774e-07,0.0005627641803584993,-0.002049089875072241,0.0,2.22,80
790.0732265114784,1781616438.477994,4.043552875518799,-0.05875635892152786,9.829639434814453,-8.65752269874065e-07,0.0005479475948959589,-0.002047365065664053,0.0,2.23,80
790.0832265112549,1781616438.4874456,4.037055492401123,-0.058784350752830505,9.829782485961914,-7.569919802108416e-08,0.0005373067106120288,-0.0020455396734178066,0.0,2.24,80
790.0932265110314,1781616438.4989514,4.0302863121032715,-0.05791646987199783,9.82910442352295,-1.75149966707977e-06,0.0005265829968266189,-0.0020435538608580828,0.0,2.25,80
790.1032265108079,1781616438.509207,4.02510929107666,-0.05977765843272209,9.828836441040039,-3.5701293654710753e-06,0.0005180327570997179,-0.0020414546597748995,0.0,2.2600000000000002,80
790.1132265105844,1781616438.5197222,4.018115043640137,-0.058974478393793106,9.828592300415039,-5.129702913109213e-06,0.000511712278239429,-0.00203965837135911,0.0,2.27,80
790.1232265103608,1781616438.5312388,4.011868000030518,-0.05897361412644386,9.828332901000977,-6.555154868692625e-06,0.0005074447835795581,-0.002037663012742996,0.0,2.2800000000000002,80
790.1332265101373,1781616438.540767,4.00563383102417,-0.05902182683348656,9.828093528747559,-7.81942162575433e-06,0.0005052388296462595,-0.0020357680041342974,0.0,2.29,80
790.1432265099138,1781616438.549844,3.999927520751953,-0.05995045229792595,9.82786750793457,-8.918322237150278e-06,0.0005050348117947578,-0.0020337861496955156,0.0,2.3000000000000003,80
790.1532265096903,1781616438.5593286,3.9919259548187256,-0.05829167738556862,9.82764720916748,-9.583406608726364e-06,0.0005066911689937115,-0.002032066462561488,0.0,2.31,80
790.1632265094668,1781616438.5698338,3.987208127975464,-0.0600338913500309,9.82744312286377,-1.0133383511856664e-05,0.0005100870039314032,-0.0020300468895584345,0.0,2.32,80
790.1732265092432,1781616438.579346,3.9804441928863525,-0.0591399222612381,9.827250480651855,-1.0266501703881659e-05,0.0005150187062099576,-0.0020281379111111164,0.0,2.33,80
790.1832265090197,1781616438.588863,3.9736690521240234,-0.05826146900653839,9.827068328857422,-1.0030090379586909e-05,0.0005212927353568375,-0.0020261146128177643,0.0,2.34,80
790.1932265087962,1781616438.5992734,3.9684927463531494,-0.06013369560241699,9.826930046081543,-9.8606451501837e-06,0.0005288341781124473,-0.0020239106379449368,0.0,2.35,80
790.2032265085727,1781616438.6087923,3.9617276191711426,-0.05924120917916298,9.826781272888184,-9.452140147914179e-06,0.000537312647793442,-0.0020216964185237885,0.0,2.36,80
790.2132265083492,1781616438.6202867,3.9555532932281494,-0.06024390086531639,9.826669692993164,-8.817758498480543e-06,0.0005466431030072272,-0.0020195001270622015,0.0,2.37,80
790.2232265081257,1781616438.631396,3.9487264156341553,-0.058396197855472565,9.826573371887207,-7.692319741181564e-06,0.0005565952742472291,-0.0020176905672997236,0.0,2.38,80
790.2332265079021,1781616438.6419013,3.9437668323516846,-0.06012781709432602,9.826486587524414,-6.548062174260849e-06,0.0005669884849339724,-0.0020156465470790863,0.0,2.39,80
790.2432265076786,1781616438.6569211,3.9364819526672363,-0.058410368859767914,9.826446533203125,-5.112575763632776e-06,0.000577652535866946,-0.0020137319806963205,0.0,2.4,80
790.2532265074551,1781616438.6670358,3.9312920570373535,-0.06023294851183891,9.826404571533203,-3.8125281207612716e-06,0.0005884224083274603,-0.0020119049586355686,0.0,2.41,80
790.2632265072316,1781616438.6815333,3.924522876739502,-0.05934320390224457,9.826397895812988,-2.2848366825201083e-06,0.000599152292124927,-0.002010289579629898,0.0,2.42,80
790.2732265070081,1781616438.693546,3.9177558422088623,-0.05851971358060837,9.826395988464355,-6.49925539164542e-07,0.0006096275174058974,-0.0020089000463485718,0.0,2.43,80
790.2832265067846,1781616438.7025526,3.9128026962280273,-0.0603029727935791,9.826419830322266,6.501402367575793e-07,0.0006196937756612897,-0.0020073470659554005,0.0,2.44,80
790.293226506561,1781616438.712584,3.9060442447662354,-0.05946458876132965,9.826460838317871,1.936498847499024e-06,0.0006292691687121987,-0.002005788264796138,0.0,2.45,80
790.3032265063375,1781616438.725221,3.8993351459503174,-0.05959049612283707,9.82650089263916,3.188497885275865e-06,0.0006381676648743451,-0.0020042038522660732,0.0,2.46,80
790.313226506114,1781616438.7357278,3.8942713737487793,-0.059451617300510406,9.826574325561523,4.457095201360062e-06,0.0006463629542849958,-0.0020026303827762604,0.0,2.47,80
790.3232265058905,1781616438.7472327,3.887092113494873,-0.05965776741504669,9.826642036437988,5.5275377235375345e-06,0.00065373454708606,-0.0020008340943604708,0.0,2.48,80
790.333226505667,1781616438.7557395,3.8825573921203613,-0.06039602309465408,9.826726913452148,6.439800017687958e-06,0.0006601999048143625,-0.001998893916606903,0.0,2.49,80
790.3432265054435,1781616438.7642422,3.874316692352295,-0.0587800070643425,9.82681655883789,7.458482286892831e-06,0.0006657714257016778,-0.0019971204455941916,0.0,2.5,80
790.3532265052199,1781616438.773746,3.8693125247955322,-0.05965885892510414,9.826922416687012,8.214294211938977e-06,0.0006703569088131189,-0.0019952068105340004,0.0,2.5100000000000002,80
790.3632265049964,1781616438.785263,3.863598108291626,-0.060589950531721115,9.827028274536133,8.791775144345593e-06,0.0006739487871527672,-0.0019931478891521692,0.0,2.52,80
790.3732265047729,1781616438.795779,3.857076406478882,-0.059713125228881836,9.827132225036621,9.41338930715574e-06,0.0006765336147509515,-0.001991092227399349,0.0,2.5300000000000002,80
790.3832265045494,1781616438.8058674,3.8505923748016357,-0.059748049825429916,9.82723331451416,9.999048415920697e-06,0.0006780931144021451,-0.001989001641049981,0.0,2.54,80
790.3932265043259,1781616438.8160548,3.8452863693237305,-0.059650447219610214,9.827351570129395,1.0595576895866543e-05,0.0006786957965232432,-0.001987175550311804,0.0,2.5500000000000003,80
790.4032265041023,1781616438.8271136,3.8378138542175293,-0.0589413121342659,9.8274507522583,1.1088683095294982e-05,0.0006783769931644201,-0.0019853319972753525,0.0,2.56,80
790.4132265038788,1781616438.837642,3.8338682651519775,-0.061575647443532944,9.827554702758789,1.1161568181705661e-05,0.0006771744810976088,-0.001983408583328128,0.0,2.57,80
790.4232265036553,1781616438.847834,3.8262860774993896,-0.05887904018163681,9.82766056060791,1.1423347132222261e-05,0.000675144256092608,-0.001981602516025305,0.0,2.58,80
790.4332265034318,1781616438.8569503,3.8213412761688232,-0.06071643903851509,9.827751159667969,1.1546530004125088e-05,0.000672355352435261,-0.0019797785207629204,0.0,2.59,80
790.4432265032083,1781616438.8671424,3.814037561416626,-0.05895114690065384,9.82784366607666,1.1867005014210008e-05,0.000668833265081048,-0.001978049986064434,0.0,2.6,80
790.4532265029848,1781616438.8816676,3.8085525035858154,-0.05985845625400543,9.827919960021973,1.186570261779707e-05,0.0006647301488555968,-0.0019760490395128727,0.0,2.61,80
790.4632265027612,1781616438.8911717,3.803090810775757,-0.06080301105976105,9.827996253967285,1.162544413091382e-05,0.000660038786008954,-0.001974034821614623,0.0,2.62,80
790.4732265025377,1781616438.9006805,3.7965686321258545,-0.059929121285676956,9.828055381774902,1.1418905160098802e-05,0.0006549127283506095,-0.001972150057554245,0.0,2.63,80
790.4832265023142,1781616438.9091842,3.789553642272949,-0.05908861756324768,9.82811164855957,1.1243358130741399e-05,0.0006494057015515864,-0.001970350742340088,0.0,2.64,80
790.4932265020907,1781616438.9177122,3.785081386566162,-0.06084711477160454,9.828156471252441,1.0791854947456159e-05,0.0006436058320105076,-0.001968517666682601,0.0,2.65,80
790.5032265018672,1781616438.9312093,3.7790896892547607,-0.06085205078125,9.828187942504883,1.0312790436728392e-05,0.0006376095116138458,-0.0019662242848426104,0.0,2.66,80
790.5132265016437,1781616438.9407325,3.772279739379883,-0.05905796214938164,9.828210830688477,1.016347323457012e-05,0.0006314543425105512,-0.0019641583785414696,0.0,2.67,80
790.5232265014201,1781616438.9508433,3.7667958736419678,-0.05996730178594589,9.82823657989502,9.940841664501932e-06,0.000625288812443614,-0.0019621432293206453,0.0,2.68,80
790.5332265011966,1781616438.962056,3.760796070098877,-0.059985511004924774,9.82822322845459,9.582562597643118e-06,0.0006190658896230161,-0.001960179302841425,0.0,2.69,80
790.5432265009731,1781616438.9735613,3.7548065185546875,-0.060056280344724655,9.828229904174805,9.143552233581431e-06,0.0006129651446826756,-0.0019580083899199963,0.0,2.7,80
790.5532265007496,1781616438.9835625,3.749335289001465,-0.06095150485634804,9.828211784362793,8.548489859094843e-06,0.0006070383242331445,-0.0019558717031031847,0.0,2.71,80
790.5632265005261,1781616438.9957368,3.742587089538574,-0.060112737119197845,9.828204154968262,8.090693881968036e-06,0.0006013946840539575,-0.0019538262858986855,0.0,2.72,80
790.5732265003026,1781616439.0052433,3.7370569705963135,-0.060052379965782166,9.82817268371582,7.850702786527108e-06,0.0005960013950243592,-0.0019518311601132154,0.0,2.73,80
790.583226500079,1781616439.0147617,3.731058120727539,-0.0600724071264267,9.828142166137695,7.722052941971924e-06,0.0005909233004786074,-0.0019499120535328984,0.0,2.74,80
790.5932264998555,1781616439.02527,3.7252988815307617,-0.06005211919546127,9.828112602233887,7.570286925329128e-06,0.0005862032994627953,-0.0019477911991998553,0.0,2.75,80
790.603226499632,1781616439.034784,3.7193009853363037,-0.060070477426052094,9.828047752380371,7.41847361496184e-06,0.0005818578065373003,-0.001945709576830268,0.0,2.7600000000000002,80
790.6132264994085,1781616439.045842,3.7135531902313232,-0.06010271608829498,9.828018188476562,7.265251952048857e-06,0.0005779396742582321,-0.0019436239963397384,0.0,2.77,80
790.623226499185,1781616439.055341,3.7076170444488525,-0.06107429042458534,9.8279447555542,6.992672751948703e-06,0.0005744188092648983,-0.0019415164133533835,0.0,2.7800000000000002,80
790.6332264989614,1781616439.0638442,3.7018094062805176,-0.060084227472543716,9.827898025512695,6.985655545577174e-06,0.0005713215214200318,-0.001939461100846529,0.0,2.79,80
790.6432264987379,1781616439.0753508,3.6957998275756836,-0.0600527860224247,9.827845573425293,7.202503184089437e-06,0.0005687249940820038,-0.0019376443233340979,0.0,2.8000000000000003,80
790.6532264985144,1781616439.0848742,3.689513683319092,-0.059157002717256546,9.827792167663574,7.528359219577396e-06,0.0005665240460075438,-0.0019358027493581176,0.0,2.81,80
790.6632264982909,1781616439.0963826,3.684816598892212,-0.06095835939049721,9.827730178833008,7.5233319876133464e-06,0.0005647509824484587,-0.0019337870180606842,0.0,2.82,80
790.6732264980674,1781616439.1058877,3.678311347961426,-0.060141194611787796,9.827672958374023,7.596982868562918e-06,0.0005634340923279524,-0.0019316920079290867,0.0,2.83,80
790.6832264978439,1781616439.1150103,3.6725549697875977,-0.06012199446558952,9.82761001586914,7.662421921850182e-06,0.0005624967161566019,-0.0019297425169497728,0.0,2.84,80
790.6932264976203,1781616439.1296878,3.6668097972869873,-0.06015688180923462,9.827552795410156,7.743013156868983e-06,0.000561905384529382,-0.0019279139814898372,0.0,2.85,80
790.7032264973968,1781616439.1392012,3.66111421585083,-0.06109004095196724,9.827512741088867,7.793080840201583e-06,0.0005617361748591065,-0.0019258816028013825,0.0,2.86,80
790.7132264971733,1781616439.1517317,3.6545372009277344,-0.05926372483372688,9.827460289001465,8.124500709527638e-06,0.0005618655704893172,-0.00192396086640656,0.0,2.87,80
790.7232264969498,1781616439.1620536,3.6503121852874756,-0.060994233936071396,9.827425956726074,8.281019290734548e-06,0.0005623381002806127,-0.0019218014786019921,0.0,2.88,80
790.7332264967263,1781616439.174613,3.642566680908203,-0.05935992673039436,9.82736873626709,8.599734428571537e-06,0.0005630255327560008,-0.0019199320813640952,0.0,2.89,80
790.7432264965028,1781616439.1841161,3.638340473175049,-0.061084821820259094,9.827339172363281,8.71307111083297e-06,0.0005639441078528762,-0.00191771169193089,0.0,2.9,80
790.7532264962792,1781616439.197629,3.6315340995788574,-0.05929761379957199,9.82729721069336,8.894835445971694e-06,0.0005650140810757875,-0.001915737520903349,0.0,2.91,80
790.7632264960557,1781616439.207842,3.626838207244873,-0.061102282255887985,9.82727336883545,8.779817108006682e-06,0.0005662804469466209,-0.0019135787151753902,0.0,2.92,80
790.7732264958322,1781616439.2169352,3.620574712753296,-0.06024705246090889,9.827241897583008,8.758624971960671e-06,0.0005676015862263739,-0.0019115902250632644,0.0,2.93,80
790.7832264956087,1781616439.2274325,3.6143479347229004,-0.060304734855890274,9.827228546142578,8.704522770131007e-06,0.0005690557882189751,-0.0019096644828096032,0.0,2.94,80
790.7932264953852,1781616439.2359474,3.610072612762451,-0.06106625124812126,9.82720947265625,8.630825504951645e-06,0.0005705099320039153,-0.0019077971810474992,0.0,2.95,80
790.8032264951617,1781616439.2464604,3.602327346801758,-0.05943567678332329,9.827201843261719,8.872309990692884e-06,0.0005719850887544453,-0.0019057757453992963,0.0,2.96,80
790.8132264949381,1781616439.2569602,3.5975704193115234,-0.06028154119849205,9.827188491821289,9.04419084690744e-06,0.0005733777070418,-0.0019036892335861921,0.0,2.97,80
790.8232264947146,1781616439.267122,3.5925943851470947,-0.06115539371967316,9.827181816101074,9.081001735466998e-06,0.0005747718969359994,-0.0019015255384147167,0.0,2.98,80
790.8332264944911,1781616439.277627,3.585787773132324,-0.05937148258090019,9.827188491821289,9.322988262283616e-06,0.0005760925123468041,-0.0018995711579918861,0.0,2.99,80
790.8432264942676,1781616439.288006,3.581092357635498,-0.06117789447307587,9.827191352844238,9.321029210695997e-06,0.0005772665608674288,-0.0018976652063429356,0.0,3.0,80
790.8532264940441,1781616439.2975135,3.5748159885406494,-0.06027334928512573,9.827199935913086,9.356553164252546e-06,0.0005783503293059766,-0.0018955625128000975,0.0,3.0100000000000002,80
790.8632264938205,1781616439.306721,3.568840503692627,-0.060342442244291306,9.827207565307617,9.468908501730766e-06,0.0005792402080260217,-0.0018934981198981404,0.0,3.02,80
790.873226493597,1781616439.317934,3.5635640621185303,-0.06030093878507614,9.827214241027832,9.608494110580068e-06,0.0005799087230116129,-0.0018913979874923825,0.0,3.0300000000000002,80
790.8832264933735,1781616439.3304393,3.5583372116088867,-0.06116402521729469,9.827229499816895,9.72041925706435e-06,0.0005804724059998989,-0.001889246515929699,0.0,3.04,80
790.89322649315,1781616439.3399541,3.551769971847534,-0.05934121087193489,9.827254295349121,1.0082542758027557e-05,0.0005808326532132924,-0.0018873204244300723,0.0,3.0500000000000003,80
790.9032264929265,1781616439.3494585,3.546543598175049,-0.06027107313275337,9.827245712280273,1.0348026080464479e-05,0.0005809125141240656,-0.0018854347290471196,0.0,3.06,80
790.913226492703,1781616439.3589754,3.541578531265259,-0.06120021641254425,9.827282905578613,1.0435603144287597e-05,0.0005808935966342688,-0.0018835098017007113,0.0,3.0700000000000003,80
790.9232264924794,1781616439.3724787,3.5347723960876465,-0.05941856652498245,9.827289581298828,1.0705508429964539e-05,0.0005806300323456526,-0.0018816192168742418,0.0,3.08,80
790.9332264922559,1781616439.3844986,3.53031587600708,-0.0611848346889019,9.82730770111084,1.075095497071743e-05,0.0005801638471893966,-0.001879796851426363,0.0,3.09,80
790.9432264920324,1781616439.3940015,3.5240509510040283,-0.06033550202846527,9.827320098876953,1.078224704542663e-05,0.0005795404431410134,-0.0018778598168864846,0.0,3.1,80
790.9532264918089,1781616439.4040043,3.517544746398926,-0.0595291368663311,9.827332496643066,1.0874798135773744e-05,0.0005786923575215042,-0.001876224996522069,0.0,3.11,80
790.9632264915854,1781616439.4169364,3.5140891075134277,-0.06209498643875122,9.82736873626709,1.0674261829990428e-05,0.0005777290789410472,-0.0018744714325293899,0.0,3.12,80
790.9732264913619,1781616439.4281833,3.506763219833374,-0.05942479893565178,9.827369689941406,1.0801922144310083e-05,0.0005765947280451655,-0.0018727437127381563,0.0,3.13,80
790.9832264911383,1781616439.4403596,3.5017759799957275,-0.060314204543828964,9.827377319335938,1.0890292287513148e-05,0.0005752573488280177,-0.001871124841272831,0.0,3.14,80
790.9932264909148,1781616439.4508827,3.4962825775146484,-0.06036774441599846,9.827393531799316,1.0848914826055989e-05,0.000573841156437993,-0.0018692977027967572,0.0,3.15,80
791.0032264906913,1781616439.46039,3.4910669326782227,-0.061285097151994705,9.827408790588379,1.0707452020142227e-05,0.0005722899804823101,-0.001867411658167839,0.0,3.16,80
791.0132264904678,1781616439.468921,3.4845614433288574,-0.060415737330913544,9.827410697937012,1.079368212231202e-05,0.0005706071970053017,-0.0018655346939340234,0.0,3.17,80
791.0232264902443,1781616439.4814248,3.4795265197753906,-0.0603361539542675,9.827422142028809,1.11070576167549e-05,0.0005688724922947586,-0.001863593002781272,0.0,3.18,80
791.0332264900208,1781616439.4919314,3.4740092754364014,-0.060284100472927094,9.827417373657227,1.140463791671209e-05,0.0005669940146617591,-0.0018619622569531202,0.0,3.19,80
791.0432264897972,1781616439.502436,3.4685044288635254,-0.060286879539489746,9.827422142028809,1.1678387636493426e-05,0.000565141555853188,-0.0018601181218400598,0.0,3.2,80
791.0532264895737,1781616439.5129418,3.463468074798584,-0.060212671756744385,9.827431678771973,1.200751921714982e-05,0.0005632218671962619,-0.0018584110075607896,0.0,3.21,80
791.0632264893502,1781616439.5236597,3.456493854522705,-0.059491124004125595,9.82742691040039,1.2175145457149483e-05,0.0005613091634586453,-0.0018565523205325007,0.0,3.22,80
791.0732264891267,1781616439.5346825,3.452521324157715,-0.061231277883052826,9.827412605285645,1.1953641660511494e-05,0.0005593347013927996,-0.001854612841270864,0.0,3.23,80
791.0832264889032,1781616439.5448315,3.446507453918457,-0.0603957436978817,9.827414512634277,1.1693714441207703e-05,0.0005574013339355588,-0.0018525916384533048,0.0,3.24,80
791.0932264886796,1781616439.553832,3.441004514694214,-0.060397010296583176,9.82739543914795,1.1360209100530483e-05,0.0005554852541536093,-0.00185041269287467,0.0,3.25,80
791.1032264884561,1781616439.5647433,3.4360427856445312,-0.06132897362112999,9.827385902404785,1.096091182262171e-05,0.0005535826203413308,-0.00184852653183043,0.0,3.2600000000000002,80
791.1132264882326,1781616439.5751183,3.4290053844451904,-0.05958642438054085,9.827380180358887,1.0734022907854524e-05,0.0005517827812582254,-0.0018464468885213137,0.0,3.27,80
791.1232264880091,1781616439.5856242,3.425035238265991,-0.061327431350946426,9.827367782592773,1.0456232303113211e-05,0.0005500270053744316,-0.0018445003079250455,0.0,3.2800000000000002,80
791.1332264877856,1781616439.5967903,3.419011116027832,-0.06044192239642143,9.827353477478027,1.033105218084529e-05,0.0005483367713168263,-0.0018424545414745808,0.0,3.29,80
791.1432264875621,1781616439.6058443,3.4137349128723145,-0.0603499561548233,9.827352523803711,1.0356716302339919e-05,0.0005467752343975008,-0.0018404478905722499,0.0,3.3000000000000003,80
791.1532264873385,1781616439.6149514,3.4082322120666504,-0.060353558510541916,9.827322959899902,1.0454009498062078e-05,0.0005452266777865589,-0.0018383736023679376,0.0,3.31,80
791.163226487115,1781616439.6254647,3.4027280807495117,-0.060356661677360535,9.827300071716309,1.0579666195553727e-05,0.0005438169464468956,-0.0018366154981777072,0.0,3.3200000000000003,80
791.1732264868915,1781616439.6359863,3.3974761962890625,-0.06037430465221405,9.827287673950195,1.0641706467140466e-05,0.0005425015115179121,-0.0018345930147916079,0.0,3.33,80
791.183226486668,1781616439.6454904,3.3920342922210693,-0.06132807955145836,9.827274322509766,1.0531961379456334e-05,0.000541270594112575,-0.0018324749544262886,0.0,3.34,80
791.1932264864445,1781616439.6549983,3.386481523513794,-0.0603615902364254,9.827248573303223,1.0769763321150094e-05,0.0005401283851824701,-0.0018305402481928468,0.0,3.35,80
791.203226486221,1781616439.664001,3.3806755542755127,-0.059395309537649155,9.827221870422363,1.1175260624440853e-05,0.0005390469450503588,-0.0018286561826243997,0.0,3.36,80
791.2132264859974,1781616439.6721432,3.376703977584839,-0.061146751046180725,9.82720947265625,1.1327052561682649e-05,0.0005380912334658206,-0.001826637890189886,0.0,3.37,80
791.2232264857739,1781616439.6826487,3.369450807571411,-0.05949602648615837,9.827189445495605,1.1637436728051398e-05,0.0005371784209273756,-0.0018247163388878107,0.0,3.38,80
791.2332264855504,1781616439.6943233,3.365492582321167,-0.06129440665245056,9.827165603637695,1.1692474799929187e-05,0.0005363842356018722,-0.001822679303586483,0.0,3.39,80
791.2432264853269,1781616439.7038364,3.3597099781036377,-0.060368359088897705,9.827149391174316,1.1810286196123343e-05,0.0005356285837478936,-0.00182078976649791,0.0,3.4,80
791.2532264851034,1781616439.7128432,3.354206085205078,-0.06037429720163345,9.82712173461914,1.1964712030021474e-05,0.0005349362036213279,-0.0018187103560194373,0.0,3.41,80
791.2632264848799,1781616439.7218883,3.3489439487457275,-0.06033765897154808,9.82711124420166,1.2025727301079314e-05,0.0005343207158148289,-0.0018165736692026258,0.0,3.42,80
791.2732264846563,1781616439.7303894,3.343223810195923,-0.06042870506644249,9.827095985412598,1.197435904032318e-05,0.0005337678012438118,-0.0018145362846553326,0.0,3.43,80
791.2832264844328,1781616439.7399118,3.3382019996643066,-0.06040756404399872,9.827081680297852,1.1873483344970737e-05,0.0005332602886483073,-0.0018125136848539114,0.0,3.44,80
791.2932264842093,1781616439.750216,3.333470582962036,-0.061250071972608566,9.827065467834473,1.1720895599864889e-05,0.0005328241968527436,-0.0018106242641806602,0.0,3.45,80
791.3032264839858,1781616439.7597435,3.3271570205688477,-0.059448838233947754,9.827058792114258,1.1825949513877276e-05,0.0005324219819158316,-0.0018086145864799619,0.0,3.46,80
791.3132264837623,1781616439.7692387,3.322716474533081,-0.0612749420106411,9.827040672302246,1.1747200005629566e-05,0.0005320535274222493,-0.0018065196927636862,0.0,3.47,80
791.3232264835387,1781616439.7787566,3.3169350624084473,-0.06035073101520538,9.827030181884766,1.1760017514461651e-05,0.0005316915339790285,-0.001804350409656763,0.0,3.48,80
791.3332264833152,1781616439.7872016,3.3116726875305176,-0.06031579151749611,9.827008247375488,1.1907466614502482e-05,0.0005312793655321002,-0.00180241116322577,0.0,3.49,80
791.3432264830917,1781616439.7967,3.3059518337249756,-0.060410164296627045,9.827006340026855,1.209147467307048e-05,0.0005308926338329911,-0.00180018728133291,0.0,3.5,80
791.3532264828682,1781616439.805799,3.301159620285034,-0.060294121503829956,9.826994895935059,1.2294729458517395e-05,0.0005305693484842777,-0.0017980535048991442,0.0,3.5100000000000002,80
791.3632264826447,1781616439.8158832,3.2964394092559814,-0.06119147688150406,9.826994895935059,1.248839089385001e-05,0.0005302354111336172,-0.001796087366528809,0.0,3.52,80
791.3732264824212,1781616439.826403,3.2901155948638916,-0.059338998049497604,9.826971054077148,1.2923974281875417e-05,0.000529817130882293,-0.0017942978302016854,0.0,3.5300000000000002,80
791.3832264821976,1781616439.8369083,3.285383462905884,-0.060249313712120056,9.8269681930542,1.3155240594642237e-05,0.0005294401780702174,-0.001792420633137226,0.0,3.54,80
791.3932264819741,1781616439.8459954,3.2811338901519775,-0.06107227876782417,9.82697582244873,1.3199457498558331e-05,0.0005290812696330249,-0.0017903465777635574,0.0,3.5500000000000003,80
791.4032264817506,1781616439.8563595,3.2734227180480957,-0.059552956372499466,9.826950073242188,1.3390978892857675e-05,0.0005285961669869721,-0.0017883431864902377,0.0,3.56,80
791.4132264815271,1781616439.865865,3.2706336975097656,-0.06110522523522377,9.826953887939453,1.33657531478093e-05,0.000528082309756428,-0.0017864005640149117,0.0,3.5700000000000003,80
791.4232264813036,1781616439.8763711,3.2643816471099854,-0.060264602303504944,9.826929092407227,1.3362183381104842e-05,0.0005275795119814575,-0.0017842897213995457,0.0,3.58,80
791.43322648108,1781616439.8868804,3.2581300735473633,-0.05948039889335632,9.826943397521973,1.3470405065163504e-05,0.0005270583205856383,-0.0017823528032749891,0.0,3.59,80
791.4432264808565,1781616439.8961313,3.2549314498901367,-0.06206590682268143,9.826939582824707,1.3283140106068458e-05,0.0005264754872769117,-0.001780139864422381,0.0,3.6,80
791.453226480633,1781616439.906638,3.248338222503662,-0.059335313737392426,9.826921463012695,1.3445187505567446e-05,0.0005258331075310707,-0.0017780062044039369,0.0,3.61,80
791.4632264804095,1781616439.9177413,3.243607997894287,-0.06024627760052681,9.826935768127441,1.3562916137743741e-05,0.0005252073751762509,-0.0017761409981176257,0.0,3.62,80
791.473226480186,1781616439.9287705,3.238889217376709,-0.06114707142114639,9.826927185058594,1.3525304893846624e-05,0.0005245311185717583,-0.0017739691538736224,0.0,3.63,80
791.4832264799625,1781616439.9382644,3.232637882232666,-0.06029868498444557,9.826923370361328,1.3722851690545212e-05,0.0005238157464191318,-0.0017719654133543372,0.0,3.64,80
791.493226479739,1781616439.947791,3.228085994720459,-0.060146186500787735,9.826910972595215,1.4110604752204381e-05,0.0005230461829341948,-0.0017699513118714094,0.0,3.65,80
791.5032264795154,1781616439.9581075,3.223292589187622,-0.06004125624895096,9.82690715789795,1.4570483472198248e-05,0.0005222401232458651,-0.0017680490855127573,0.0,3.66,80
791.5132264792919,1781616439.9686122,3.2168126106262207,-0.059300243854522705,9.82690715789795,1.498757592344191e-05,0.0005213955300860107,-0.0017661196179687977,0.0,3.67,80
791.5232264790684,1781616439.9788167,3.2130837440490723,-0.061007943004369736,9.826898574829102,1.5079200238687918e-05,0.0005205476772971451,-0.0017641736194491386,0.0,3.68,80
791.5332264788449,1781616439.9898932,3.2073140144348145,-0.060141656547784805,9.826889991760254,1.5126337530091405e-05,0.0005196814308874309,-0.0017624316969886422,0.0,3.69,80
791.5432264786214,1781616439.9989886,3.2028348445892334,-0.061001479625701904,9.826882362365723,1.5175521184573881e-05,0.0005187693168409169,-0.0017605192260816693,0.0,3.7,80
791.5532264783978,1781616440.0084927,3.1965842247009277,-0.060155726969242096,9.826864242553711,1.547761530673597e-05,0.0005177723942324519,-0.0017586336471140385,0.0,3.71,80
791.5632264781743,1781616440.0180037,3.191500663757324,-0.059126388281583786,9.826872825622559,1.5863910448388197e-05,0.0005168059142306447,-0.0017568740295246243,0.0,3.72,80
791.5732264779508,1781616440.0280259,3.1880125999450684,-0.06080107390880585,9.826864242553711,1.6085070456028916e-05,0.0005157876294106245,-0.001754981349222362,0.0,3.73,80
791.5832264777273,1781616440.0382462,3.181302547454834,-0.06009044498205185,9.826848030090332,1.63193963089725e-05,0.0005147663759998977,-0.0017529537435621023,0.0,3.74,80
791.5932264775038,1781616440.0477593,3.1762218475341797,-0.05906016379594803,9.826841354370117,1.6561965821892954e-05,0.0005137380212545395,-0.001751099480316043,0.0,3.75,80
791.6032264772803,1781616440.0572572,3.1720333099365234,-0.06090454384684563,9.82683277130127,1.6517629774170928e-05,0.0005126968026161194,-0.001749195158481598,0.0,3.7600000000000002,80
791.6132264770567,1781616440.066777,3.1665053367614746,-0.05999835953116417,9.826830863952637,1.6442894775536843e-05,0.0005116885877214372,-0.0017472393810749054,0.0,3.77,80
791.6232264768332,1781616440.0768676,3.161494493484497,-0.05998068302869797,9.826815605163574,1.63669501489494e-05,0.0005106801399961114,-0.0017452926840633154,0.0,3.7800000000000002,80
791.6332264766097,1781616440.085951,3.156485080718994,-0.05996416509151459,9.826812744140625,1.617426642042119e-05,0.0005096755339764059,-0.001743455184623599,0.0,3.79,80
791.6432264763862,1781616440.0969932,3.1512370109558105,-0.05998918414115906,9.826794624328613,1.592199259903282e-05,0.0005086783785372972,-0.0017415444599464536,0.0,3.8000000000000003,80
791.6532264761627,1781616440.1074991,3.1462278366088867,-0.05997240170836449,9.826786041259766,1.5475043255719356e-05,0.0005076880333945155,-0.0017396678449586034,0.0,3.81,80
791.6632264759392,1781616440.1180077,3.14176082611084,-0.06088663637638092,9.826781272888184,1.5023336345620919e-05,0.000506686104927212,-0.0017379336059093475,0.0,3.8200000000000003,80
791.6732264757156,1781616440.1280408,3.1352198123931885,-0.05912631377577782,9.826761245727539,1.470739152864553e-05,0.0005057082744315267,-0.0017364906379953027,0.0,3.83,80
791.6832264754921,1781616440.138537,3.1317434310913086,-0.0608503557741642,9.826751708984375,1.4253955669119023e-05,0.0005047466256655753,-0.0017348973779007792,0.0,3.84,80
791.6932264752686,1781616440.149052,3.1262147426605225,-0.05994525924324989,9.826741218566895,1.39598469104385e-05,0.0005037560476921499,-0.0017333326395601034,0.0,3.85,80
791.7032264750451,1781616440.1595707,3.1206743717193604,-0.05905260145664215,9.826741218566895,1.3790855518891476e-05,0.0005028696032240987,-0.001731679541990161,0.0,3.86,80
791.7132264748216,1781616440.1707482,3.116727828979492,-0.06085635721683502,9.826713562011719,1.3381282769842073e-05,0.0005019808886572719,-0.0017301160842180252,0.0,3.87,80
791.723226474598,1781616440.1822624,3.1112000942230225,-0.05995332449674606,9.826709747314453,1.2951546523254365e-05,0.0005011179600842297,-0.001728374045342207,0.0,3.88,80
791.7332264743745,1781616440.1927779,3.106191635131836,-0.05993710458278656,9.826696395874023,1.26240202007466e-05,0.0005002499674446881,-0.001726782415062189,0.0,3.89,80
791.743226474151,1781616440.2028399,3.1007137298583984,-0.059997476637363434,9.82668399810791,1.2338716260273941e-05,0.0004994312184862792,-0.0017249365337193012,0.0,3.9,80
791.7532264739275,1781616440.212192,3.096644163131714,-0.05982640013098717,9.826672554016113,1.2048833923472557e-05,0.0004986324347555637,-0.0017231598030775785,0.0,3.91,80
791.763226473704,1781616440.223699,3.0912392139434814,-0.06089875474572182,9.826648712158203,1.172684187622508e-05,0.0004978246288374066,-0.0017213319661095738,0.0,3.92,80
791.7732264734805,1781616440.2339501,3.0856497287750244,-0.059037286788225174,9.826650619506836,1.1749029908969533e-05,0.0004970711306668818,-0.001719637424685061,0.0,3.93,80
791.783226473257,1781616440.2451148,3.082162618637085,-0.06071615591645241,9.82663345336914,1.1611652553256135e-05,0.0004963076789863408,-0.001717800390906632,0.0,3.94,80
791.7932264730334,1781616440.25664,3.0754024982452393,-0.05904938653111458,9.826614379882812,1.163281103799818e-05,0.0004955562762916088,-0.0017157671973109245,0.0,3.95,80
791.8032264728099,1781616440.2667513,3.071396827697754,-0.05989581346511841,9.826601028442383,1.1516248378029559e-05,0.0004948312416672707,-0.001713776495307684,0.0,3.96,80
791.8132264725864,1781616440.276782,3.0669312477111816,-0.060813602060079575,9.826598167419434,1.1157301742059644e-05,0.0004940562066622078,-0.0017118229297921062,0.0,3.97,80
791.8232264723629,1781616440.2871695,3.06140398979187,-0.05991162359714508,9.826567649841309,1.1031489520973992e-05,0.0004933093441650271,-0.0017099138349294662,0.0,3.98,80
791.8332264721394,1781616440.2976825,3.056636095046997,-0.0598575621843338,9.826560974121094,1.105823594116373e-05,0.0004925684770569205,-0.0017079014796763659,0.0,3.99,80
