t,t_wall,ax,ay,gravity,gx,gy,psi_dot,delta_dot,t_rel,v0_kmh
699.7993386927992,1781615239.8420181,-0.1179327741265297,0.014242797158658504,8.783527374267578,-0.00018152128905057907,-0.027507876977324486,0.00028897757874801755,0.0,0.0,30
699.8093386925757,1781615239.8515472,-0.1250452995300293,0.0029633038211613894,9.145641326904297,-0.0002355500473640859,-0.03940102458000183,0.0002898863167501986,0.0,0.01,30
699.8193386923522,1781615239.8640747,-0.09903720766305923,0.0019364942563697696,9.447909355163574,-0.0002845135168172419,-0.04845636710524559,0.00028820399893447757,0.0,0.02,30
699.8293386921287,1781615239.8745596,-0.042497146874666214,0.0030194546561688185,9.690788269042969,-0.0003284930717200041,-0.055087994784116745,0.0002832849568221718,0.0,0.03,30
699.8393386919051,1781615239.8840647,0.042004238814115524,0.00401687528938055,9.877120018005371,-0.0003673708997666836,-0.05969902127981186,0.0002744734229054302,0.0,0.04,30
699.8493386916816,1781615239.8945692,0.1579476147890091,0.004164166282862425,10.011678695678711,-0.0004013789293821901,-0.06266960501670837,0.0002611286472529173,0.0,0.05,30
699.8593386914581,1781615239.9050827,0.3014957010746002,0.004070290829986334,10.100366592407227,-0.0004305297043174505,-0.06434834748506546,0.00024258086341433227,0.0,0.06,30
699.8693386912346,1781615239.916613,0.47369760274887085,0.0034493610728532076,10.149754524230957,-0.0004548843135125935,-0.0650472640991211,0.00021814530191477388,0.0,0.07,30
699.8793386910111,1781615239.926124,0.6698224544525146,0.006936987396329641,10.16664981842041,-0.0004744922334793955,-0.06503936648368835,0.00018715481564868242,0.0,0.08,30
699.8893386907876,1781615239.9351268,0.8962372541427612,0.004353309515863657,10.157697677612305,-0.0004895068123005331,-0.06455857306718826,0.00014893720799591392,0.0,0.09,30
699.899338690564,1781615239.944288,1.1458649635314941,0.007139492314308882,10.12928295135498,-0.0005000977544113994,-0.0638006255030632,0.00010277287219651043,0.0,0.1,30
699.9093386903405,1781615239.9537933,1.4204087257385254,0.007272281218320131,10.087099075317383,-0.000506380049046129,-0.06292559206485748,4.80139788123779e-05,0.0,0.11,30
699.919338690117,1781615239.9633121,1.720397710800171,0.00844058208167553,10.03632640838623,-0.0005086243036203086,-0.06206131726503372,-1.6071264326456003e-05,0.0,0.12,30
699.9293386898935,1781615239.9738164,2.045140027999878,0.008169488981366158,9.98127269744873,-0.0005070518236607313,-0.06130696460604668,-9.022199810715392e-05,0.0,0.13,30
699.93933868967,1781615239.9843218,2.3927431106567383,0.009323826059699059,9.92563247680664,-0.0005019654054194689,-0.060736581683158875,-0.0001752404641592875,0.0,0.14,30
699.9493386894464,1781615239.9948258,2.7639501094818115,0.010484369471669197,9.872222900390625,-0.0004937357152812183,-0.06040366739034653,-0.0002717086754273623,0.0,0.15,30
699.9593386892229,1781615240.0078354,3.0205259323120117,-0.013193958438932896,9.858460426330566,-0.0005914286011829972,-0.059826452285051346,-0.0002440761454636231,0.0,0.16,30
699.9693386889994,1781615240.0178432,3.008463144302368,0.011220927350223064,9.912297248840332,-0.0005619343719445169,-0.058040641248226166,-0.00034875303390435874,0.0,0.17,30
699.9793386887759,1781615240.0293524,2.99855375289917,-0.01428696047514677,9.939982414245605,-0.0006466875202022493,-0.05529770255088806,-0.00031137431506067514,0.0,0.18,30
699.9893386885524,1781615240.04159,2.993302345275879,0.011915630660951138,9.946131706237793,-0.000595671939663589,-0.05182470753788948,-0.00041606638114899397,0.0,0.19,30
699.9993386883289,1781615240.0511093,2.989058494567871,-0.016070974990725517,9.93504810333252,-0.0006662665400654078,-0.04782198742032051,-0.0003703972324728966,0.0,0.2,30
700.0093386881053,1781615240.0616322,2.9873621463775635,0.010943874716758728,9.911273956298828,-0.000594577519223094,-0.04346363618969917,-0.00047502847155556083,0.0,0.21,30
700.0193386878818,1781615240.073141,2.9883689880371094,-0.018222996965050697,9.878520011901855,-0.0006515936111100018,-0.0388975627720356,-0.0004220392438583076,0.0,0.22,30
700.0293386876583,1781615240.0846639,2.9893174171447754,0.022664930671453476,9.840680122375488,-0.00046079480671323836,-0.03424771502614021,-0.0004893179284408689,0.0,0.23,30
700.0393386874348,1781615240.0966861,2.99237322807312,-0.02087794989347458,9.800429344177246,-0.0005344660021364689,-0.02961529605090618,-0.0004135870549362153,0.0,0.24,30
700.0493386872113,1781615240.10721,2.995617151260376,-0.0006406457396224141,9.760801315307617,-0.00044169501052238047,-0.02508176676928997,-0.0003718615625984967,0.0,0.25,30
700.0593386869878,1781615240.1182368,3.000516891479492,0.011247304268181324,9.72350788116455,-0.00035188504261896014,-0.020710987970232964,-0.00047601410187780857,0.0,0.26,30
700.0693386867642,1781615240.1294692,3.0041096210479736,-0.018449001014232635,9.690231323242188,-0.00040078224265016615,-0.016551317647099495,-0.00041513913311064243,0.0,0.27,30
700.0793386865407,1781615240.1396575,3.009422779083252,0.020970307290554047,9.662263870239258,-0.00020435536862351,-0.0126386359333992,-0.00048427315778099,0.0,0.28,30
700.0893386863172,1781615240.1501627,3.0141193866729736,-0.02206750400364399,9.639917373657227,-0.00027278228662908077,-0.008997639641165733,-0.00040507360245101154,0.0,0.29,30
700.0993386860937,1781615240.1602135,3.0201337337493896,-0.0012172640999779105,9.623994827270508,-0.00018140052270609885,-0.005644547287374735,-0.00036348748835735023,0.0,0.3,30
700.1093386858702,1781615240.171727,3.0239222049713135,0.01186644658446312,9.614235877990723,-8.986426109913737e-05,-0.002588177565485239,-0.00046763074351474643,0.0,0.31,30
700.1193386856467,1781615240.1832309,3.029022455215454,-0.0180499404668808,9.610520362854004,-0.00014078621461521834,0.00016861024778336287,-0.00040642666863277555,0.0,0.32,30
700.1293386854231,1781615240.1937373,3.034252643585205,0.020927174016833305,9.612598419189453,4.6902910980861634e-05,0.002626620465889573,-0.0004770218802150339,0.0,0.33,30
700.1393386851996,1781615240.2042522,3.0389204025268555,-0.024123072624206543,9.619590759277344,-2.860862332454417e-05,0.004791020881384611,-0.0003981016925536096,0.0,0.34,30
700.1493386849761,1781615240.2139251,3.0429270267486572,-0.009150098077952862,9.631244659423828,-3.3546766644576564e-05,0.0066690645180642605,-0.0003891745291184634,0.0,0.35000000000000003,30
700.1593386847526,1781615240.2234306,3.04728627204895,0.021348880603909492,9.64677619934082,0.00015513674588873982,0.008270272985100746,-0.00045778739149682224,0.0,0.36,30
700.1693386845291,1781615240.233946,3.051835536956787,-0.018977006897330284,9.665129661560059,8.650581003166735e-05,0.009605764411389828,-0.0003952454135287553,0.0,0.37,30
700.1793386843055,1781615240.2444506,3.0556137561798096,0.019735297188162804,9.686086654663086,0.0002513870131224394,0.010687392204999924,-0.0004676136595662683,0.0,0.38,30
700.189338684082,1781615240.2539544,3.0591535568237305,-0.021813927218317986,9.708459854125977,0.00015867114416323602,0.011528669856488705,-0.0003916530404239893,0.0,0.39,30
700.1993386838585,1781615240.2654684,3.0634350776672363,-0.009660567156970501,9.732026100158691,0.00013418721209745854,0.012143269181251526,-0.00038497362402267754,0.0,0.4,30
700.209338683635,1781615240.2755153,3.067129135131836,0.020615750923752785,9.756007194519043,0.0003002132289111614,0.012545442208647728,-0.00045412869076244533,0.0,0.41000000000000003,30
700.2193386834115,1781615240.2846973,3.0699498653411865,-0.017826367169618607,9.779659271240234,0.00021156818547751755,0.012750223278999329,-0.0003950215468648821,0.0,0.42,30
700.229338683188,1781615240.2952032,3.074249029159546,0.019313789904117584,9.802927017211914,0.000354783987859264,0.012772612273693085,-0.00046728263259865344,0.0,0.43,30
700.2393386829644,1781615240.3080945,3.0768256187438965,-0.020730875432491302,9.824976921081543,0.0002415051858406514,0.012628335505723953,-0.00039502332219853997,0.0,0.44,30
700.2493386827409,1781615240.3181057,3.0809273719787598,-0.0013415454886853695,9.845854759216309,0.0002812255406752229,0.012332878075540066,-0.00035923998802900314,0.0,0.45,30
700.2593386825174,1781615240.3261056,3.084271192550659,0.01125253364443779,9.86509895324707,0.0003156728926114738,0.011902195401489735,-0.00046455938718281686,0.0,0.46,30
700.2693386822939,1781615240.3365057,3.0870494842529297,-0.01771220751106739,9.882450103759766,0.00021183952048886567,0.01135228667408228,-0.0004118395154364407,0.0,0.47000000000000003,30
700.2793386820704,1781615240.3461215,3.0900700092315674,0.021543212234973907,9.898064613342285,0.0003452255332376808,0.010698825120925903,-0.0004813227860722691,0.0,0.48,30
700.2893386818469,1781615240.3576348,3.0940439701080322,-0.022361043840646744,9.91141414642334,0.00021451289649121463,0.0099577521905303,-0.0004110401205252856,0.0,0.49,30
700.2993386816233,1781615240.367141,3.0966663360595703,0.020858461037278175,9.922964096069336,0.0003342962882015854,0.009144436568021774,-0.0004822144692298025,0.0,0.5,30
700.3093386813998,1781615240.3766441,3.1007297039031982,-0.021588049829006195,9.932230949401855,0.00019265014270786196,0.008274168707430363,-0.0004088509303983301,0.0,0.51,30
700.3193386811763,1781615240.3861485,3.1037847995758057,0.019166074693202972,9.939719200134277,0.0003042306925635785,0.007361411117017269,-0.00048096018144860864,0.0,0.52,30
700.3293386809528,1781615240.396152,3.1056947708129883,-0.02008088119328022,9.94505786895752,0.00015720076044090092,0.006420677062124014,-0.0004077363118994981,0.0,0.53,30
700.3393386807293,1781615240.4063818,3.111065626144409,0.018946034833788872,9.948784828186035,0.00026378518668934703,0.0054650758393108845,-0.0004804120399057865,0.0,0.54,30
700.3493386805058,1781615240.417521,3.114044427871704,-0.022952724248170853,9.950567245483398,0.00011347030522301793,0.00450754864141345,-0.00040768011240288615,0.0,0.55,30
700.3593386802822,1781615240.4270248,3.116081714630127,0.021843764930963516,9.95106029510498,0.00021802597620990127,0.003560449928045273,-0.00048046998563222587,0.0,0.56,30
700.3693386800587,1781615240.437531,3.116849899291992,-0.021525094285607338,9.950644493103027,6.659609061898664e-05,0.002646459499374032,-0.0004081698425579816,0.0,0.5700000000000001,30
700.3793386798352,1781615240.4479148,3.117497444152832,0.020393993705511093,9.948880195617676,0.00017061905236914754,0.0017726740334182978,-0.00048111932119354606,0.0,0.58,30
700.3893386796117,1781615240.4564183,3.1172397136688232,-0.021510301157832146,9.945456504821777,1.9025550500373356e-05,0.0009459047578275204,-0.00040858035208657384,0.0,0.59,30
700.3993386793882,1781615240.467467,3.117600440979004,-0.0008339841733686626,9.941048622131348,3.475236735539511e-05,0.00017157233378384262,-0.00037266980507411063,0.0,0.6,30
700.4093386791646,1781615240.477974,3.117924213409424,0.012355450540781021,9.935542106628418,4.483928205445409e-05,-0.0005454967613331974,-0.0004796713765244931,0.0,0.61,30
700.4193386789411,1781615240.4884803,3.1180944442749023,-0.019124669954180717,9.929154396057129,-7.741360604995862e-05,-0.0012013510568067431,-0.0004282695590518415,0.0,0.62,30
700.4293386787176,1781615240.4975402,3.1188995838165283,0.022349895909428596,9.92232894897461,5.0347029173281044e-05,-0.0017931279726326466,-0.0004967233398929238,0.0,0.63,30
700.4393386784941,1781615240.507044,3.1188721656799316,-0.02105581760406494,9.914801597595215,-8.946713205659762e-05,-0.002318378770723939,-0.00042622623732313514,0.0,0.64,30
700.4493386782706,1781615240.517422,3.1194279193878174,0.0003272416943218559,9.907204627990723,-5.6277160183526576e-05,-0.0027761636301875114,-0.00038724998012185097,0.0,0.65,30
700.4593386780471,1781615240.5315337,3.1208431720733643,0.019769906997680664,9.899372100830078,4.885283487965353e-05,-0.003166051348671317,-0.00046309366007335484,0.0,0.66,30
700.4693386778235,1781615240.5420475,3.1197876930236816,-0.020651431754231453,9.891419410705566,-8.999485726235434e-05,-0.003488194430246949,-0.00039471196942031384,0.0,0.67,30
700.4793386776,1781615240.5515609,3.1225368976593018,0.018614809960126877,9.883777618408203,1.9513588995323516e-05,-0.0037440997548401356,-0.00047030526911839843,0.0,0.68,30
700.4893386773765,1781615240.5620656,3.1210391521453857,-0.02088833414018154,9.876140594482422,-0.00011851979797938839,-0.00393528351560235,-0.0003986260562669486,0.0,0.6900000000000001,30
700.499338677153,1781615240.5723417,3.123206853866577,6.233801832422614e-05,9.868989944458008,-9.39748715609312e-05,-0.004064466804265976,-0.00036433644709177315,0.0,0.7000000000000001,30
700.5093386769295,1781615240.5817618,3.12314510345459,0.0115879001095891,9.862116813659668,-6.819170084781945e-05,-0.004134747665375471,-0.0004718110430985689,0.0,0.71,30
700.519338676706,1781615240.5922806,3.124641180038452,-0.01769997924566269,9.855636596679688,-0.0001758143334882334,-0.00414966931566596,-0.00041888002306222916,0.0,0.72,30
700.5293386764824,1781615240.6025007,3.1257293224334717,0.02069171890616417,9.849814414978027,-3.711372482939623e-05,-0.004113434348255396,-0.0004899954656139016,0.0,0.73,30
700.5393386762589,1781615240.6131623,3.125624895095825,-0.022122344002127647,9.844247817993164,-0.0001617461966816336,-0.0040303985588252544,-0.000417274481151253,0.0,0.74,30
700.5493386760354,1781615240.6243577,3.127561330795288,0.0009814501972869039,9.839449882507324,-0.00011816267215181142,-0.003905302844941616,-0.00037877712748013437,0.0,0.75,30
700.5593386758119,1781615240.63455,3.1277763843536377,0.01179705560207367,9.835136413574219,-8.008382428670302e-05,-0.0037429288495332003,-0.00048658845480531454,0.0,0.76,30
700.5693386755884,1781615240.6440554,3.129356622695923,-0.01924077793955803,9.8313570022583,-0.0001802108745323494,-0.003548231441527605,-0.0004292998928576708,0.0,0.77,30
700.5793386753649,1781615240.6535704,3.1314139366149902,0.021078776568174362,9.828274726867676,-2.812672028085217e-05,-0.0033265508245676756,-0.000499633839353919,0.0,0.78,30
700.5893386751413,1781615240.6630898,3.13039231300354,-0.021029509603977203,9.825552940368652,-0.0001468810223741457,-0.0030825412832200527,-0.00042312080040574074,0.0,0.79,30
700.5993386749178,1781615240.6713738,3.133439302444458,-0.001710827462375164,9.823567390441895,-9.63562197284773e-05,-0.0028213527984917164,-0.0003821957507170737,0.0,0.8,30
700.6093386746943,1781615240.6808884,3.1340832710266113,0.01176894549280405,9.822056770324707,-5.0890070269815624e-05,-0.002547705778852105,-0.0004901591455563903,0.0,0.81,30
700.6193386744708,1781615240.6924057,3.1347999572753906,-0.01802259311079979,9.820965766906738,-0.00014650209050159901,-0.002266101073473692,-0.00043108235695399344,0.0,0.8200000000000001,30
700.6293386742473,1781615240.7035265,3.1366398334503174,0.001090803649276495,9.820501327514648,-7.920930511318147e-05,-0.0019808753859251738,-0.00039208843372762203,0.0,0.8300000000000001,30
700.6393386740237,1781615240.714136,3.1379001140594482,0.01180383563041687,9.820381164550781,-2.9858105335733853e-05,-0.0016961833462119102,-0.0005000132950954139,0.0,0.84,30
700.6493386738002,1781615240.723662,3.139176368713379,-0.01953100971877575,9.820632934570312,-0.00012359797256067395,-0.0014155081007629633,-0.00043960928451269865,0.0,0.85,30
700.6593386735767,1781615240.7341733,3.1406009197235107,0.0013931385474279523,9.821370124816895,-5.152427911525592e-05,-0.0011424118420109153,-0.00039886843296699226,0.0,0.86,30
700.6693386733532,1781615240.7436876,3.141474485397339,0.0004134921182412654,9.822343826293945,-4.53420170742902e-06,-0.0008798892376944423,-0.00036496814573183656,0.0,0.87,30
700.6793386731297,1781615240.7531931,3.1432933807373047,0.011702955700457096,9.823624610900879,4.049993003718555e-05,-0.000630559865385294,-0.00047334807459264994,0.0,0.88,30
700.6893386729062,1781615240.7626967,3.1437714099884033,-0.019290294498205185,9.825301170349121,-5.5683809478068724e-05,-0.0003934451087843627,-0.0004163921403232962,0.0,0.89,30
700.6993386726826,1781615240.773202,3.1412954330444336,0.021723715588450432,9.828030586242676,9.18576552066952e-05,-0.00016057839093264192,-0.0004895761958323419,0.0,0.9,30
700.7093386724591,1781615240.7824278,3.1395668983459473,-0.0240084920078516,9.830351829528809,-2.716814196901396e-05,6.409327033907175e-05,-0.00041284336475655437,0.0,0.91,30
700.7193386722356,1781615240.7908368,3.1365420818328857,0.00032882069353945553,9.832714080810547,1.685099232417997e-05,0.00027667786343954504,-0.00037360319402068853,0.0,0.92,30
700.7293386720121,1781615240.8003564,3.134786605834961,0.011652208864688873,9.834844589233398,5.9405039792181924e-05,0.00047409519902430475,-0.0004817690060008317,0.0,0.93,30
700.7393386717886,1781615240.8111348,3.1319940090179443,-0.018158400431275368,9.836779594421387,-4.0669132431503385e-05,0.0006541953189298511,-0.0004228229518048465,0.0,0.9400000000000001,30
700.749338671565,1781615240.8236384,3.1308298110961914,-0.0009191230055876076,9.838746070861816,1.712599623715505e-05,0.0008151460206136107,-0.0003850986249744892,0.0,0.9500000000000001,30
700.7593386713415,1781615240.8413455,3.1269371509552,0.013124105520546436,9.840529441833496,6.0153601225465536e-05,0.0009556924924254417,-0.0004930575960315764,0.0,0.96,30
700.769338671118,1781615240.851463,3.1268625259399414,-0.02108210138976574,9.842172622680664,-4.0010832890402526e-05,0.0010754016693681479,-0.00043331756023690104,0.0,0.97,30
700.7793386708945,1781615240.8609762,3.122523784637451,0.0025258774403482676,9.843870162963867,2.294516161782667e-05,0.0011739095207303762,-0.00039380716043524444,0.0,0.98,30
700.789338670671,1781615240.8705041,3.120889186859131,0.0001688144402578473,9.845415115356445,6.130708788987249e-05,0.0012515629641711712,-0.0003609694540500641,0.0,0.99,30
700.7993386704475,1781615240.883019,3.1201205253601074,0.010048405267298222,9.846895217895508,9.794769721338525e-05,0.0013089716667309403,-0.00046854763058945537,0.0,1.0,30
700.809338670224,1781615240.8935373,3.115687608718872,-0.016524894163012505,9.84825325012207,-5.050635536463233e-06,0.00134704215452075,-0.00041288172360509634,0.0,1.01,30
700.8193386700004,1781615240.9030592,3.11417293548584,0.021430576220154762,9.849693298339844,0.00013313010276760906,0.001366885262541473,-0.00048559863353148103,0.0,1.02,30
700.8293386697769,1781615240.9130917,3.1117746829986572,-0.023929890245199203,9.850831985473633,7.0126457103469875e-06,0.0013698948314413428,-0.00040956924203783274,0.0,1.03,30
700.8393386695534,1781615240.9236164,3.1099157333374023,1.1652900866465643e-05,9.852068901062012,4.2853505874518305e-05,0.0013574669137597084,-0.00037078771856613457,0.0,1.04,30
700.8493386693299,1781615240.933114,3.1071929931640625,0.010238545946776867,9.853147506713867,7.771385571686551e-05,0.0013311653165146708,-0.00047821420594118536,0.0,1.05,30
700.8593386691064,1781615240.9416287,3.104400396347046,-0.018173277378082275,9.854087829589844,-2.838787986547686e-05,0.0012929224176332355,-0.00042008195305243134,0.0,1.06,30
700.8693386688828,1781615240.952156,3.1027679443359375,0.020381998270750046,9.855072975158691,0.00011198443098692223,0.0012439190177246928,-0.0004915866302326322,0.0,1.07,30
700.8793386686593,1781615240.9623568,3.09877347946167,-0.02129444293677807,9.855733871459961,-1.5164796423050575e-05,0.0011862167157232761,-0.0004145489656366408,0.0,1.08,30
700.8893386684358,1781615240.972757,3.0983176231384277,-0.0012226010439917445,9.856459617614746,2.2062215066398494e-05,0.0011211992241442204,-0.00037422371678985655,0.0,1.09,30
700.8993386682123,1781615240.9832625,3.0950703620910645,0.01021885871887207,9.856992721557617,5.736373350373469e-05,0.0010503754019737244,-0.0004813007835764438,0.0,1.1,30
700.9093386679888,1781615240.993769,3.0921311378479004,-0.01820407621562481,9.857390403747559,-4.840711335418746e-05,0.0009755736100487411,-0.000422218901803717,0.0,1.11,30
700.9193386677653,1781615241.0042737,3.089379072189331,0.021973419934511185,9.857803344726562,9.379544644616544e-05,0.0008977593970485032,-0.0004930553841404617,0.0,1.12,30
700.9293386675417,1781615241.0142837,3.0886361598968506,-0.02432144805788994,9.857874870300293,-3.2733390980865806e-05,0.0008186220075003803,-0.0004149062151554972,0.0,1.1300000000000001,30
700.9393386673182,1781615241.0243106,3.0841572284698486,0.00045590708032250404,9.858043670654297,6.214006134541705e-06,0.0007391538820229471,-0.0003743596898857504,0.0,1.1400000000000001,30
700.9493386670947,1781615241.034389,3.082674026489258,0.011502126231789589,9.85803508758545,4.2770894651766866e-05,0.0006604710360988975,-0.0004811802937183529,0.0,1.1500000000000001,30
700.9593386668712,1781615241.0438926,3.0801353454589844,-0.019611112773418427,9.857866287231445,-6.200146890478209e-05,0.0005837715580128133,-0.0004213764623273164,0.0,1.16,30
700.9693386666477,1781615241.0533986,3.077285051345825,0.02054966613650322,9.85777759552002,8.1098813097924e-05,0.0005096530658192933,-0.0004922070656903088,0.0,1.17,30
700.9793386664242,1781615241.0638006,3.0744740962982178,-0.021443599835038185,9.857352256774902,-4.388196612126194e-05,0.0004391279653646052,-0.0004139913944527507,0.0,1.18,30
700.9893386662006,1781615241.0739007,3.0726535320281982,-0.0011581938015297055,9.857093811035156,-4.654484200727893e-06,0.00037261651596054435,-0.0003729835734702647,0.0,1.19,30
700.9993386659771,1781615241.084396,3.070084571838379,0.011520134285092354,9.856649398803711,3.369041223777458e-05,0.00031081587076187134,-0.00047955961781553924,0.0,1.2,30
701.0093386657536,1781615241.0937057,3.067009210586548,-0.018240265548229218,9.856122970581055,-6.968813249841332e-05,0.00025418141740374267,-0.0004193002823740244,0.0,1.21,30
701.0193386655301,1781615241.1042328,3.065066337585449,0.00019408449588809162,9.855664253234863,-1.586916005180683e-05,0.00020288593077566475,-0.0003807083412539214,0.0,1.22,30
701.0293386653066,1781615241.1142335,3.0623514652252197,0.01031198538839817,9.855086326599121,2.5182656827382743e-05,0.00015706974954809994,-0.0004871480923611671,0.0,1.23,30
701.039338665083,1781615241.1247373,3.058809518814087,-0.01812017895281315,9.854433059692383,-7.580898818559945e-05,0.00011712653213180602,-0.0004263101436663419,0.0,1.24,30
701.0493386648595,1781615241.1342432,3.0585927963256836,-0.0009240800864063203,9.85391616821289,-1.7026699424604885e-05,8.295159932458773e-05,-0.0003862353623844683,0.0,1.25,30
701.059338664636,1781615241.144372,3.053781509399414,0.01307885255664587,9.853282928466797,2.592854798422195e-05,5.444224734674208e-05,-0.0004924694658257067,0.0,1.26,30
701.0693386644125,1781615241.1548884,3.0523557662963867,-0.019650906324386597,9.85261344909668,-7.40376126486808e-05,3.1699823011877015e-05,-0.0004310091899242252,0.0,1.27,30
701.079338664189,1781615241.1643958,3.049924850463867,0.000715293106622994,9.852081298828125,-1.288389103137888e-05,1.4389254829438869e-05,-0.00039039942203089595,0.0,1.28,30
701.0893386639655,1781615241.174596,3.046675443649292,-0.007020886521786451,9.851460456848145,-5.760428757639602e-05,2.3659194994252175e-06,-0.00038786468212492764,0.0,1.29,30
701.099338663742,1781615241.18411,3.0450854301452637,0.02016618475317955,9.850969314575195,8.76095364219509e-05,-4.789071226696251e-06,-0.0004589034360833466,0.0,1.3,30
701.1093386635184,1781615241.1936138,3.041653871536255,-0.019392209127545357,9.850308418273926,-1.7126725651905872e-05,-7.1643789851805195e-06,-0.00039929160266183317,0.0,1.31,30
701.1193386632949,1781615241.2061245,3.040022373199463,3.9615697460249066e-05,9.849884033203125,2.2914107830729336e-05,-5.2056184358661994e-06,-0.00036502594593912363,0.0,1.32,30
701.1293386630714,1781615241.2163315,3.0373282432556152,0.011552464216947556,9.849420547485352,6.163137004477903e-05,6.287069140853419e-07,-0.0004707959305960685,0.0,1.33,30
701.1393386628479,1781615241.2263339,3.0341949462890625,-0.019030574709177017,9.848922729492188,-3.828632179647684e-05,1.008434446703177e-05,-0.00041415070882067084,0.0,1.34,30
701.1493386626244,1781615241.2365525,3.032432794570923,-0.0005552052753046155,9.848612785339355,8.503172466589604e-06,2.27165892283665e-05,-0.0003779748221859336,0.0,1.35,30
701.1593386624008,1781615241.247179,3.0296497344970703,-0.008144821040332317,9.848243713378906,-3.760111940209754e-05,3.807626853813417e-05,-0.0003777820966206491,0.0,1.36,30
701.1693386621773,1781615241.2574646,3.027102470397949,0.020629897713661194,9.848003387451172,9.706931450637057e-05,5.563505328609608e-05,-0.0004508868732955307,0.0,1.37,30
701.1793386619538,1781615241.2675772,3.0243585109710693,-0.017688743770122528,9.847640037536621,-6.569513971044216e-06,7.520844519603997e-05,-0.0003954409039579332,0.0,1.3800000000000001,30
701.1893386617303,1781615241.2790923,3.022674083709717,-0.009743548929691315,9.847485542297363,-5.364451135392301e-05,9.63029742706567e-05,-0.00039255674346350133,0.0,1.3900000000000001,30
701.1993386615068,1781615241.2894115,3.0196964740753174,0.02112509123980999,9.847382545471191,8.641357271699235e-05,0.00011828210699604824,-0.0004642111889552325,0.0,1.4000000000000001,30
701.2093386612833,1781615241.300475,3.016904592514038,-0.017845138907432556,9.847131729125977,-1.7519158063805662e-05,0.00014113962242845446,-0.0004067900590598583,0.0,1.41,30
701.2193386610597,1781615241.310229,3.0150020122528076,-0.0016760746948421001,9.847124099731445,1.7376360119669698e-05,0.00016439970931969583,-0.0003718982043210417,0.0,1.42,30
701.2293386608362,1781615241.3194041,3.012300729751587,-0.008062269538640976,9.847041130065918,-3.0170012905728072e-05,0.0001876828755484894,-0.00037223927211016417,0.0,1.43,30
701.2393386606127,1781615241.32951,3.0098485946655273,0.0198955237865448,9.84708023071289,9.703102114144713e-05,0.00021050922805443406,-0.0004469642590265721,0.0,1.44,30
701.2493386603892,1781615241.3395748,3.007538318634033,-0.0188074242323637,9.846988677978516,-5.602398232440464e-06,0.00023291786783374846,-0.0003937746805604547,0.0,1.45,30
701.2593386601657,1781615241.3500817,3.0049145221710205,-0.008374360390007496,9.847077369689941,-5.364975368138403e-05,0.00025449678651057184,-0.00039069136255420744,0.0,1.46,30
701.2693386599422,1781615241.3601222,3.0019078254699707,0.021937165409326553,9.847210884094238,8.109231566777453e-05,0.00027490939828567207,-0.0004634456417988986,0.0,1.47,30
701.2793386597186,1781615241.369174,3.0006325244903564,-0.020437810570001602,9.847187042236328,-2.1669511625077575e-05,0.00029426184482872486,-0.0004071755683980882,0.0,1.48,30
701.2893386594951,1781615241.379393,2.9968628883361816,-0.008418302983045578,9.84735107421875,-6.878357089590281e-05,0.00031227045110426843,-0.00040190137224271894,0.0,1.49,30
701.2993386592716,1781615241.389707,2.996094226837158,0.01938258856534958,9.847539901733398,7.07444196450524e-05,0.0003286769788246602,-0.000473660504212603,0.0,1.5,30
701.3093386590481,1781615241.4002244,2.9915616512298584,-0.01763102039694786,9.847569465637207,-3.0495988539769314e-05,0.00034360785502940416,-0.0004162946133874357,0.0,1.51,30
701.3193386588246,1781615241.409362,2.9904584884643555,-0.0008315226878039539,9.847764015197754,3.144130459986627e-06,0.0003567765234038234,-0.0003800219565164298,0.0,1.52,30
701.329338658601,1781615241.4198012,2.9876744747161865,-0.00812555942684412,9.847919464111328,-4.24484969698824e-05,0.00036839055246673524,-0.00037888417136855423,0.0,1.53,30
701.3393386583775,1781615241.4293265,2.985163450241089,0.019573915749788284,9.848125457763672,8.482485282002017e-05,0.00037813762901350856,-0.00045385214616544545,0.0,1.54,30
701.349338658154,1781615241.4388347,2.982189893722534,-0.01859002374112606,9.848187446594238,-1.438797789887758e-05,0.0003863329766318202,-0.0004005946684628725,0.0,1.55,30
701.3593386579305,1781615241.4493423,2.9808616638183594,-0.008642861619591713,9.848381996154785,-6.11831055721268e-05,0.0003929329395759851,-0.0003950927930418402,0.0,1.56,30
701.369338657707,1781615241.459489,2.977572202682495,0.018810424953699112,9.848605155944824,7.220268889795989e-05,0.00039767526322975755,-0.0004686777538154274,0.0,1.57,30
701.3793386574835,1781615241.4689965,2.975593328475952,-0.017678262665867805,9.848648071289062,-2.6619112759362906e-05,0.00040096655720844865,-0.0004128305008634925,0.0,1.58,30
701.3893386572599,1781615241.4795063,2.972684383392334,-0.009923547506332397,9.848834037780762,-7.23882403690368e-05,0.0004028974217362702,-0.0004053640295751393,0.0,1.59,30
701.3993386570364,1781615241.488773,2.9697558879852295,0.020458469167351723,9.849038124084473,6.562464113812894e-05,0.0004032464639749378,-0.0004779865557793528,0.0,1.6,30
701.4093386568129,1781615241.4992876,2.9686012268066406,-0.019140057265758514,9.84903335571289,-3.2109241146827117e-05,0.0004024340305477381,-0.0004207983147352934,0.0,1.61,30
701.4193386565894,1781615241.5083785,2.965247392654419,-0.010001086629927158,9.849199295043945,-7.664579607080668e-05,0.0004005598311778158,-0.00041217354009859264,0.0,1.62,30
701.4293386563659,1781615241.5179613,2.962933301925659,0.020467808470129967,9.849373817443848,6.412400398403406e-05,0.0003974475257564336,-0.00048440470709465444,0.0,1.6300000000000001,30
701.4393386561424,1781615241.526465,2.960084915161133,-0.017680156975984573,9.849331855773926,-3.22386586049106e-05,0.0003934762207791209,-0.00042662170017138124,0.0,1.6400000000000001,30
701.4493386559188,1781615241.5364678,2.9581947326660156,-0.002790743252262473,9.84948444366455,-3.1848045978222217e-07,0.0003887277271132916,-0.00038873046287335455,0.0,1.6500000000000001,30
701.4593386556953,1781615241.5460804,2.9548990726470947,-0.008053313009440899,9.84949016571045,-4.243518560542725e-05,0.00038328501977957785,-0.00038598955143243074,0.0,1.6600000000000001,30
701.4693386554718,1781615241.5560827,2.953587055206299,0.019042158499360085,9.849614143371582,8.505072037223727e-05,0.0003771807823795825,-0.00046159778139553964,0.0,1.67,30
701.4793386552483,1781615241.5675762,2.950777292251587,-0.018552644178271294,9.849553108215332,-9.32917191676097e-06,0.00037073137355037034,-0.0004089533758815378,0.0,1.68,30
701.4893386550248,1781615241.5770838,2.9480745792388916,-0.00864008255302906,9.849592208862305,-5.439389497041702e-05,0.00036397515214048326,-0.0004012643767055124,0.0,1.69,30
701.4993386548012,1781615241.5871866,2.9455718994140625,0.019528189674019814,9.849674224853516,7.74339132476598e-05,0.00035684873000718653,-0.00047562411054968834,0.0,1.7,30
701.5093386545777,1781615241.6012354,2.9426658153533936,-0.018688715994358063,9.849574089050293,-1.8005606762017123e-05,0.0003497543220873922,-0.00042013273923657835,0.0,1.71,30
701.5193386543542,1781615241.611823,2.9413201808929443,-0.008940661326050758,9.849590301513672,-6.305791612248868e-05,0.000342736195307225,-0.00041039337520487607,0.0,1.72,30
701.5293386541307,1781615241.6213279,2.9380180835723877,0.0010186443105340004,9.849617958068848,-6.582565674762009e-06,0.00033570663072168827,-0.0003883418394252658,0.0,1.73,30
701.5393386539072,1781615241.6318429,2.9357588291168213,-0.007539073936641216,9.849510192871094,-4.107898712391034e-05,0.0003288080624770373,-0.0003911438398063183,0.0,1.74,30
701.5493386536837,1781615241.642347,2.9332759380340576,0.019196417182683945,9.84956169128418,8.837490167934448e-05,0.00032213746453635395,-0.00046619356726296246,0.0,1.75,30
701.5593386534601,1781615241.6518626,2.930690288543701,-0.016848495230078697,9.849365234375,-2.142854100384284e-06,0.0003150404372718185,-0.00041617039823904634,0.0,1.76,30
701.5693386532366,1781615241.6613898,2.9292972087860107,-0.010031959041953087,9.849267959594727,-4.655775410356e-05,0.0003076831344515085,-0.0004079027276020497,0.0,1.77,30
701.5793386530131,1781615241.670904,2.925794839859009,0.002148335799574852,9.849263191223145,6.993761417106725e-06,0.0003002305456902832,-0.0003871203225571662,0.0,1.78,30
701.5893386527896,1781615241.6834323,2.924827814102173,-0.0075814975425601006,9.849143981933594,-2.8039221433573402e-05,0.0002928215835709125,-0.0003903992474079132,0.0,1.79,30
701.5993386525661,1781615241.6925447,2.921917676925659,0.01892954111099243,9.849148750305176,9.802840941119939e-05,0.00028558095800690353,-0.00046580660273320973,0.0,1.8,30
701.6093386523426,1781615241.7040591,2.9200541973114014,-0.016833851113915443,9.848991394042969,7.5448483585205395e-06,0.00027877866523340344,-0.00041692546801641583,0.0,1.81,30
701.619338652119,1781615241.7145243,2.9173600673675537,-0.009907137602567673,9.848967552185059,-3.820920755970292e-05,0.00027250542188994586,-0.00040839871508069336,0.0,1.82,30
701.6293386518955,1781615241.7246258,2.9145612716674805,0.0031537688337266445,9.848971366882324,1.2119050552428234e-05,0.000266697519691661,-0.00038793747080489993,0.0,1.83,30
701.639338651672,1781615241.7341328,2.913433790206909,-0.008841604925692081,9.848896026611328,-2.3917424186947756e-05,0.00026154369697906077,-0.0003908950602635741,0.0,1.84,30
701.6493386514485,1781615241.7436376,2.9106826782226562,0.01869989186525345,9.848883628845215,9.943327313521877e-05,0.0002567592018749565,-0.00046658338396809995,0.0,1.85,30
701.659338651225,1781615241.7541425,2.90816330909729,-0.016621168702840805,9.848760604858398,9.11592178454157e-06,0.00025275995722040534,-0.0004184688441455364,0.0,1.86,30
701.6693386510015,1781615241.7636464,2.906867504119873,-0.008801132440567017,9.848737716674805,-3.749571260414086e-05,0.0002493984648026526,-0.0004097305063623935,0.0,1.87,30
701.6793386507779,1781615241.7731705,2.9037070274353027,0.00023138776305131614,9.848743438720703,9.755342034623027e-06,0.00024670848506502807,-0.0003891495580319315,0.0,1.8800000000000001,30
701.6893386505544,1781615241.7835338,2.901275873184204,-0.006059318780899048,9.848661422729492,-2.614373624965083e-05,0.00024459202541038394,-0.00039239347097463906,0.0,1.8900000000000001,30
701.6993386503309,1781615241.7940488,2.8999505043029785,0.01712382584810257,9.848673820495605,9.553180279908702e-05,0.0002428540465189144,-0.0004684197483584285,0.0,1.9000000000000001,30
701.7093386501074,1781615241.8043122,2.896904706954956,-0.016542531549930573,9.848493576049805,5.808251444250345e-06,0.0002416786301182583,-0.0004207278834655881,0.0,1.9100000000000001,30
701.7193386498839,1781615241.813331,2.895533323287964,-0.00880169216543436,9.84848690032959,-4.08765918109566e-05,0.00024107337230816483,-0.0004114217299502343,0.0,1.92,30
701.7293386496603,1781615241.8244421,2.8924784660339355,3.923990789189702e-06,9.848472595214844,4.84981910631177e-06,0.00024085557379294187,-0.0003908264625351876,0.0,1.93,30
701.7393386494368,1781615241.8355358,2.890511989593506,-0.007413192186504602,9.848388671875,-3.0436011002166197e-05,0.00024101941380649805,-0.00039396475767716765,0.0,1.94,30
701.7493386492133,1781615241.8447065,2.8876588344573975,0.002894617849960923,9.848366737365723,1.7120413758675568e-05,0.00024146673968061805,-0.00038006107206456363,0.0,1.95,30
701.7593386489898,1781615241.854228,2.8866446018218994,-0.00725178699940443,9.848280906677246,-1.69558625202626e-05,0.00024230465351138264,-0.00038595471414737403,0.0,1.96,30
701.7693386487663,1781615241.8637319,2.883988618850708,0.011663250625133514,9.848287582397461,3.2485015253769234e-05,0.00024335166381206363,-0.0004880797350779176,0.0,1.97,30
701.7793386485428,1781615241.8732367,2.881147861480713,-0.01522269006818533,9.848159790039062,-3.8005138776497915e-05,0.00024463608860969543,-0.0004516438930295408,0.0,1.98,30
701.7893386483192,1781615241.882546,2.8790230751037598,-0.0009768566815182567,9.848189353942871,8.12335144928511e-07,0.0002461168041918427,-0.0004173500929027796,0.0,1.99,30
701.7993386480957,1781615241.8930497,2.877728223800659,-0.008175389841198921,9.848119735717773,-3.7780253478558734e-05,0.0002477282250765711,-0.00041358856833539903,0.0,2.0,30
701.8093386478722,1781615241.9025683,2.8745779991149902,0.000164155411766842,9.848109245300293,1.1316206837364007e-05,0.0002494092332199216,-0.00039494503289461136,0.0,2.0100000000000002,30
701.8193386476487,1781615241.9115937,2.8720414638519287,-0.005927019286900759,9.848031997680664,-2.1742633180110715e-05,0.0002511377679184079,-0.0003985151706729084,0.0,2.02,30
701.8293386474252,1781615241.9211078,2.8709073066711426,0.0012001366121694446,9.848042488098145,2.5355515390401706e-05,0.0002528768382035196,-0.0003844472812488675,0.0,2.0300000000000002,30
701.8393386472017,1781615241.9321868,2.86811900138855,-0.007118243724107742,9.847976684570312,-7.715481842751615e-06,0.00025465566432103515,-0.0003900037263520062,0.0,2.04,30
701.8493386469781,1781615241.9407008,2.865481376647949,-0.004959425423294306,9.847962379455566,-3.0229582989704795e-05,0.000256286992225796,-0.0004026603710372001,0.0,2.05,30
701.8593386467546,1781615241.9512281,2.8644626140594482,0.018557239323854446,9.847956657409668,9.592968126526102e-05,0.0002573860692791641,-0.0004775814595632255,0.0,2.06,30
701.8693386465311,1781615241.9606745,2.86139178276062,-0.015978069975972176,9.847854614257812,1.3434349057206418e-05,0.0002582953602541238,-0.0004343479813542217,0.0,2.07,30
701.8793386463076,1781615241.971187,2.8601064682006836,-0.010027259588241577,9.847846031188965,-3.1300183763960376e-05,0.00025894487043842673,-0.0004246089665684849,0.0,2.08,30
701.8893386460841,1781615241.9807084,2.856715202331543,0.001103298389352858,9.847877502441406,1.3592387404059991e-05,0.0002593800309114158,-0.0004032739088870585,0.0,2.09,30
701.8993386458606,1781615241.9902039,2.8559374809265137,-0.0075698490254580975,9.847853660583496,-2.0897470676572993e-05,0.0002596976119093597,-0.00040513143176212907,0.0,2.1,30
701.909338645637,1781615242.000258,2.8530092239379883,0.001124102622270584,9.847872734069824,2.446762300678529e-05,0.0002597160346340388,-0.0003902544267475605,0.0,2.11,30
701.9193386454135,1781615242.009346,2.8505728244781494,-0.00577054126188159,9.847844123840332,-8.608702046331018e-06,0.0002597019192762673,-0.00039538508281111717,0.0,2.12,30
701.92933864519,1781615242.020357,2.8495194911956787,-0.006510618142783642,9.847857475280762,-3.156399543513544e-05,0.0002595963014755398,-0.00040710705798119307,0.0,2.13,30
701.9393386449665,1781615242.0295734,2.8467588424682617,0.003233166178688407,9.847896575927734,2.241354013676755e-05,0.0002593864919617772,-0.00039530565845780075,0.0,2.14,30
701.949338644743,1781615242.0400808,2.8439409732818604,-0.006873291917145252,9.847850799560547,-8.590935976826586e-06,0.00025903229834511876,-0.00040144528611563146,0.0,2.15,30
701.9593386445194,1781615242.0491793,2.8432352542877197,-0.005217280238866806,9.847871780395508,-3.0435774533543736e-05,0.000258674961514771,-0.0004133301554247737,0.0,2.16,30
701.9693386442959,1781615242.0593185,2.8396153450012207,0.002204327844083309,9.847917556762695,2.501708695490379e-05,0.00025818528956733644,-0.00040079921018332243,0.0,2.17,30
701.9793386440724,1781615242.069471,2.8388824462890625,-0.007157156243920326,9.847868919372559,-5.8715745581139345e-06,0.0002576792030595243,-0.00040647981222718954,0.0,2.18,30
701.9893386438489,1781615242.0796032,2.836082696914673,0.0024434924125671387,9.84791088104248,3.9544986066175625e-05,0.0002571190125308931,-0.0003932621330022812,0.0,2.19,30
701.9993386436254,1781615242.0901248,2.8333518505096436,-0.006965107750147581,9.847853660583496,6.167821538838325e-06,0.00025642075343057513,-0.00039861604454927146,0.0,2.2,30
702.0093386434019,1781615242.10063,2.832415819168091,-0.0064933993853628635,9.84786605834961,-1.7818601918406785e-05,0.0002557670813985169,-0.000410207430832088,0.0,2.21,30
702.0193386431783,1781615242.1101353,2.829643964767456,0.0030320403166115284,9.847901344299316,3.342989657539874e-05,0.0002550562785472721,-0.00039862774428911507,0.0,2.22,30
702.0293386429548,1781615242.1208267,2.826907157897949,-0.006860812660306692,9.847846984863281,1.4253754443416256e-06,0.00025435673887841403,-0.0004047800612170249,0.0,2.23,30
702.0393386427313,1781615242.13135,2.8261239528656006,-0.0052141062915325165,9.847846031188965,-2.1694502720492892e-05,0.00025365082547068596,-0.000416349561419338,0.0,2.24,30
702.0493386425078,1781615242.140865,2.8226213455200195,0.0019911122508347034,9.847867965698242,3.085309799644165e-05,0.0002528040495235473,-0.00040390697540715337,0.0,2.25,30
702.0593386422843,1781615242.151394,2.8218557834625244,-0.007123708259314299,9.84780216217041,-7.721545784988848e-07,0.00025197750073857605,-0.0004095917975064367,0.0,2.2600000000000002,30
702.0693386420608,1781615242.161621,2.819094657897949,0.0022706056479364634,9.847823143005371,4.240650378051214e-05,0.00025114722666330636,-0.00039656381704844534,0.0,2.27,30
702.0793386418372,1781615242.172128,2.8163275718688965,-0.006936689373105764,9.847776412963867,8.454397175228223e-06,0.00025032489793375134,-0.00040194604662247,0.0,2.2800000000000002,30
702.0893386416137,1781615242.1816418,2.8155410289764404,-0.00525200879201293,9.847750663757324,-1.6294497982016765e-05,0.0002495284134056419,-0.0004130315501242876,0.0,2.29,30
702.0993386413902,1781615242.1921563,2.811923027038574,0.0016374903498217463,9.847766876220703,3.2244090107269585e-05,0.00024879761622287333,-0.0004013125435449183,0.0,2.3000000000000003,30
702.1093386411667,1781615242.2016704,2.8112199306488037,-0.007071692030876875,9.847715377807617,7.623386011346156e-08,0.0002480093389749527,-0.00040714367059990764,0.0,2.31,30
702.1193386409432,1781615242.2127025,2.8079099655151367,-0.004963293205946684,9.847696304321289,-2.3265463823918253e-05,0.00024730220320634544,-0.00041840632911771536,0.0,2.32,30
702.1293386407197,1781615242.2242074,2.8068583011627197,0.001518557663075626,9.847686767578125,2.727775245148223e-05,0.00024648295948281884,-0.0004062055377289653,0.0,2.33,30
702.1393386404961,1781615242.2353086,2.8037126064300537,-0.005576643161475658,9.847628593444824,-3.871396529575577e-06,0.0002458184026181698,-0.00041185616282746196,0.0,2.34,30
702.1493386402726,1781615242.2462466,2.8031036853790283,-0.000749725557398051,9.847644805908203,3.714810009114444e-05,0.00024517354904673994,-0.0003987496020272374,0.0,2.35,30
702.1593386400491,1781615242.2552495,2.799027681350708,-0.004252011887729168,9.847579956054688,4.129208264203044e-06,0.00024454749654978514,-0.0004042672226205468,0.0,2.36,30
702.1693386398256,1781615242.2653434,2.7978293895721436,-0.006394196767359972,9.847566604614258,-2.042625237663742e-05,0.00024403506540693343,-0.00041481657535769045,0.0,2.37,30
702.1793386396021,1781615242.2748477,2.796276092529297,0.0011132345534861088,9.847555160522461,2.6403784431749955e-05,0.00024346678401343524,-0.00040325094596482813,0.0,2.38,30
702.1893386393785,1781615242.2833664,2.7936863899230957,-0.006935432553291321,9.84749984741211,-4.694909421232296e-06,0.00024300259246956557,-0.00040896233986131847,0.0,2.39,30
702.199338639155,1781615242.292881,2.791039228439331,-0.004980598110705614,9.847489356994629,-2.7188643798581325e-05,0.00024259371275547892,-0.0004198208043817431,0.0,2.4,30
702.2093386389315,1781615242.3023984,2.7898671627044678,0.0012566257501021028,9.847482681274414,2.200325980084017e-05,0.0002422173274680972,-0.0004079128266312182,0.0,2.41,30
702.219338638708,1781615242.3121505,2.7867894172668457,-0.00556124746799469,9.84743881225586,-7.918220035207924e-06,0.00024193346325773746,-0.00041341278119944036,0.0,2.42,30
702.2293386384845,1781615242.322293,2.7851247787475586,-0.006370867136865854,9.847394943237305,-2.9813223591190763e-05,0.0002416744828224182,-0.0004235988308209926,0.0,2.43,30
702.239338638261,1781615242.3327968,2.783560037612915,0.0012298808433115482,9.847414016723633,2.02736773644574e-05,0.00024142509209923446,-0.00041115007479675114,0.0,2.44,30
702.2493386380374,1781615242.3433356,2.7804977893829346,-0.005554107017815113,9.847345352172852,-8.884810085874051e-06,0.00024123913317453116,-0.0004162865225225687,0.0,2.45,30
702.2593386378139,1781615242.353585,2.779437303543091,-0.006510592997074127,9.847329139709473,-2.9911258025094867e-05,0.00024103515897877514,-0.0004261813301127404,0.0,2.46,30
702.2693386375904,1781615242.364103,2.7761549949645996,0.0026988997124135494,9.847328186035156,2.0763656721101142e-05,0.00024089498037938029,-0.0004134681075811386,0.0,2.47,30
702.2793386373669,1781615242.3741977,2.775184154510498,-0.007083267904818058,9.847269058227539,-7.887365427450277e-06,0.00024082079471554607,-0.00041804846841841936,0.0,2.48,30
702.2893386371434,1781615242.3837023,2.772522211074829,-0.006410192232578993,9.84726333618164,-2.84963462036103e-05,0.00024084499455057085,-0.00042748774285428226,0.0,2.49,30
702.2993386369199,1781615242.3932064,2.7697348594665527,0.002615307690575719,9.847262382507324,2.1870368072995916e-05,0.00024078843125607818,-0.00041465123649686575,0.0,2.5,30
702.3093386366963,1781615242.4037044,2.768259286880493,-0.006964532192796469,9.84719467163086,-6.164903425087687e-06,0.00024069513892754912,-0.0004191142215859145,0.0,2.5100000000000002,30
702.3193386364728,1781615242.4123676,2.766348123550415,-0.005169491749256849,9.84718132019043,-2.6434941901243292e-05,0.00024072977248579264,-0.00042828917503356934,0.0,2.52,30
702.3293386362493,1781615242.4218812,2.7645485401153564,0.0009423290030099452,9.84719181060791,2.3004387912806123e-05,0.00024066009791567922,-0.00041525886626914144,0.0,2.5300000000000002,30
702.3393386360258,1781615242.4324005,2.7613227367401123,-0.0068567246198654175,9.847136497497559,-4.737347353511723e-06,0.00024066554033197463,-0.00041943005635403097,0.0,2.54,30
702.3493386358023,1781615242.4419138,2.760662078857422,-0.005310499109327793,9.847116470336914,-2.4539505830034614e-05,0.00024072664382401854,-0.0004284029419068247,0.0,2.5500000000000003,30
702.3593386355788,1781615242.451429,2.7570273876190186,0.0010648616589605808,9.847131729125977,2.4429602490272373e-05,0.0002407640276942402,-0.0004155329370405525,0.0,2.56,30
702.3693386353552,1781615242.4599094,2.756239891052246,-0.007073455490171909,9.847075462341309,-2.8706683679047273e-06,0.00024083077732939273,-0.0004196872760076076,0.0,2.57,30
702.3793386351317,1781615242.4704237,2.753021478652954,-0.00506580201908946,9.847061157226562,-2.247375414299313e-05,0.00024088697682600468,-0.00042851525358855724,0.0,2.58,30
702.3893386349082,1781615242.4819286,2.7513487339019775,0.0008226862992160022,9.847064018249512,2.5729563276399858e-05,0.00024091461091302335,-0.0004156605282332748,0.0,2.59,30
702.3993386346847,1781615242.4924345,2.7499258518218994,-0.007070042658597231,9.847004890441895,-1.2714940567093436e-06,0.00024089746875688434,-0.00041977211367338896,0.0,2.6,30
702.4093386344612,1781615242.5019517,2.7472317218780518,-0.006422571372240782,9.847000122070312,-2.077407953038346e-05,0.00024091174418572336,-0.00042840794776566327,0.0,2.61,30
702.4193386342376,1781615242.5134985,2.7445573806762695,0.002146524377167225,9.847012519836426,2.7203597710467875e-05,0.0002409305889159441,-0.00041601317934691906,0.0,2.62,30
702.4293386340141,1781615242.5230138,2.7431328296661377,-0.00694166449829936,9.846954345703125,5.665055482495518e-07,0.00024094160471577197,-0.0004202028503641486,0.0,2.63,30
702.4393386337906,1781615242.532518,2.741063356399536,-0.005160368513315916,9.846932411193848,-1.888391670945566e-05,0.00024092153762467206,-0.00042870681500062346,0.0,2.64,30
702.4493386335671,1781615242.5430317,2.739377737045288,0.00048758136108517647,9.846955299377441,2.7780622986028902e-05,0.0002409059670753777,-0.0004161318065598607,0.0,2.65,30
702.4593386333436,1781615242.552551,2.7361979484558105,-0.006828940007835627,9.846882820129395,1.3133753782312851e-06,0.00024083237804006785,-0.0004202266864012927,0.0,2.66,30
702.4693386331201,1781615242.5620553,2.7353851795196533,-0.005285435356199741,9.846877098083496,-1.8021706637227908e-05,0.00024073269742075354,-0.00042865454452112317,0.0,2.67,30
702.4793386328965,1781615242.5725596,2.7318577766418457,0.0006064573535695672,9.846892356872559,2.7889356715604663e-05,0.00024065797333605587,-0.00041629443876445293,0.0,2.68,30
702.489338632673,1781615242.5850642,2.7305023670196533,-0.006932603195309639,9.846832275390625,1.5490530813622172e-06,0.00024058582494035363,-0.00042027648305520415,0.0,2.69,30
702.4993386324495,1781615242.59524,2.7289767265319824,-0.00654644425958395,9.846822738647461,-1.768267793522682e-05,0.00024048643535934389,-0.0004285419126972556,0.0,2.7,30
702.509338632226,1781615242.6088152,2.7256810665130615,0.001812507165595889,9.846844673156738,2.7992986360914074e-05,0.00024039375421125442,-0.0004163948760833591,0.0,2.71,30
702.5193386320025,1781615242.6174157,2.7248198986053467,-0.007012139540165663,9.846766471862793,2.053190655715298e-06,0.00024021463468670845,-0.0004204404540359974,0.0,2.72,30
702.529338631779,1781615242.6299157,2.721696376800537,-0.005062082316726446,9.846779823303223,-1.6942642105277628e-05,0.00024013672373257577,-0.00042868609307333827,0.0,2.73,30
702.5393386315554,1781615242.6384416,2.720508575439453,0.00017889388254843652,9.846776008605957,2.7544909244170412e-05,0.00023993539798539132,-0.0004164772981312126,0.0,2.74,30
702.5493386313319,1781615242.6479454,2.717393636703491,-0.0067826854065060616,9.84673023223877,1.907761998154456e-06,0.00023976840020623058,-0.0004204312281217426,0.0,2.75,30
702.5593386311084,1781615242.6584437,2.7160215377807617,-0.005190209951251745,9.84670352935791,-1.6907393728615716e-05,0.0002396318013779819,-0.00042834054329432547,0.0,2.7600000000000002,30
702.5693386308849,1781615242.6699488,2.7144525051116943,-0.006356158293783665,9.846697807312012,-3.146075687254779e-05,0.00023945345310494304,-0.0004379340971354395,0.0,2.77,30
702.5793386306614,1781615242.679483,2.7111189365386963,0.0020680055022239685,9.84669303894043,1.8848511899705045e-05,0.00023917917860671878,-0.0004253575170878321,0.0,2.7800000000000002,30
702.5893386304379,1781615242.6919963,2.709644317626953,-0.0069081149995327,9.84664249420166,-4.718004220194416e-06,0.00023895545746199787,-0.0004286634211894125,0.0,2.79,30
702.5993386302143,1781615242.7015176,2.707472324371338,-0.006476827897131443,9.846628189086914,-2.1927586203673854e-05,0.00023875200713519007,-0.00043571111746132374,0.0,2.8000000000000003,30
702.6093386299908,1781615242.71057,2.705904006958008,0.00015699569485150278,9.846632957458496,2.427506842650473e-05,0.00023851347214076668,-0.00042257268796674907,0.0,2.81,30
702.6193386297673,1781615242.7191474,2.703397750854492,-0.006920546758919954,9.846586227416992,5.00967189509538e-07,0.00023833314480725676,-0.0004257865366525948,0.0,2.82,30
702.6293386295438,1781615242.729396,2.7008068561553955,-0.005076720844954252,9.846574783325195,-1.6770640286267735e-05,0.0002381031954428181,-0.0004330970405135304,0.0,2.83,30
702.6393386293203,1781615242.7379103,2.6991238594055176,8.28657575766556e-05,9.846577644348145,2.7892760044778697e-05,0.00023784897348377854,-0.0004205168806947768,0.0,2.84,30
702.6493386290967,1781615242.7484095,2.697697877883911,-0.007002267520874739,9.846515655517578,3.9914016269904096e-06,0.00023764582874719054,-0.00042386792483739555,0.0,2.85,30
702.6593386288732,1781615242.7574968,2.69452166557312,-0.005067731253802776,9.846503257751465,-1.3518434570869431e-05,0.00023742264602333307,-0.0004311171069275588,0.0,2.86,30
702.6693386286497,1781615242.765497,2.693071126937866,-0.0049780989065766335,9.846482276916504,-2.6979514586855657e-05,0.00023716851137578487,-0.00043996243039146066,0.0,2.87,30
702.6793386284262,1781615242.7745485,2.6907260417938232,0.0003324826539028436,9.8464937210083,2.143871461157687e-05,0.00023694334959145635,-0.00042717225733213127,0.0,2.88,30
702.6893386282027,1781615242.7850626,2.6888177394866943,-0.006903838831931353,9.84643268585205,-9.614585678718868e-07,0.0002366582484683022,-0.00043001107405871153,0.0,2.89,30
702.6993386279792,1781615242.794222,2.6873209476470947,-0.006614661775529385,9.846431732177734,-1.7316429875791073e-05,0.00023647831403650343,-0.0004364707856439054,0.0,2.9,30
702.7093386277556,1781615242.8027203,2.6841373443603516,-0.004899212624877691,9.846409797668457,-2.9475750125129707e-05,0.00023631719523109496,-0.0004446496022865176,0.0,2.91,30
702.7193386275321,1781615242.814737,2.6824116706848145,0.00032944921986199915,9.84642505645752,2.0365876480354927e-05,0.00023614866950083524,-0.0004313225217629224,0.0,2.92,30
702.7293386273086,1781615242.8252552,2.680511236190796,-0.006911706645041704,9.84635066986084,-8.939608164837409e-07,0.00023589900229126215,-0.00043373386142775416,0.0,2.93,30
702.7393386270851,1781615242.8345568,2.679015874862671,-0.006617133971303701,9.846343994140625,-1.6226658772211522e-05,0.0002356938784942031,-0.00043973932042717934,0.0,2.94,30
702.7493386268616,1781615242.843063,2.6757164001464844,0.001262515434063971,9.846336364746094,2.887127448047977e-05,0.00023540761321783066,-0.00042656040750443935,0.0,2.95,30
702.759338626638,1781615242.8525794,2.6742680072784424,-0.006924604065716267,9.846302032470703,6.5810645537567325e-06,0.00023521209368482232,-0.00042880934779532254,0.0,2.96,30
702.7693386264145,1781615242.8620963,2.6724958419799805,-0.0066246152855455875,9.846367835998535,-9.736659194459207e-06,0.00023642985615879297,-0.0004347132926341146,0.0,2.97,30
702.779338626191,1781615242.8716004,2.668883800506592,-0.004927639849483967,9.846412658691406,-2.2048076061764732e-05,0.0002387351414654404,-0.00044234050437808037,0.0,2.98,30
702.7893386259675,1781615242.8811197,2.666775703430176,-1.166386664408492e-05,9.846445083618164,2.502450479369145e-05,0.00024187816597986966,-0.00042938825208693743,0.0,2.99,30
702.799338625744,1781615242.8906443,2.6644351482391357,-0.006889418698847294,9.84638786315918,4.139345037401654e-06,0.00024571825633756816,-0.0004316487757023424,0.0,3.0,30
702.8093386255205,1781615242.8991408,2.662012815475464,-0.006488403771072626,9.846362113952637,-1.122285448218463e-05,0.0002499983529560268,-0.0004372827534098178,0.0,3.0100000000000002,30
702.819338625297,1781615242.9082723,2.660174608230591,-0.00638912059366703,9.846301078796387,-2.2589096261071973e-05,0.0002544974267948419,-0.0004446867969818413,0.0,3.02,30
702.8293386250734,1781615242.9172833,2.656578779220581,0.0013710131170228124,9.846278190612793,2.553931153670419e-05,0.00025907656527124345,-0.0004318056453485042,0.0,3.0300000000000002,30
702.8393386248499,1781615242.927787,2.6547560691833496,-0.00685887411236763,9.846153259277344,5.369051905290689e-06,0.00026367176906205714,-0.00043407472549006343,0.0,3.04,30
702.8493386246264,1781615242.9372957,2.6529464721679688,-0.006609528791159391,9.846095085144043,-9.442748705623671e-06,0.00026810099370777607,-0.00043951740371994674,0.0,3.0500000000000003,30
702.8593386244029,1781615242.9478,2.6493797302246094,-0.0049277707003057,9.846022605895996,-2.061322084045969e-05,0.0002723860088735819,-0.0004466859973035753,0.0,3.06,30
702.8693386241794,1781615242.9583054,2.6472880840301514,-0.00010247978934785351,9.84595012664795,2.686548396013677e-05,0.00027637340826913714,-0.00043340958654880524,0.0,3.0700000000000003,30
702.8793386239558,1781615242.9688134,2.6449356079101562,-0.00687502883374691,9.845863342285156,6.931539701326983e-06,0.0002800698857754469,-0.0004352724936325103,0.0,3.08,30
702.8893386237323,1781615242.979333,2.6431493759155273,-0.006612243130803108,9.845820426940918,-7.592384463350754e-06,0.000283532019238919,-0.00044043335947208107,0.0,3.09,30
702.8993386235088,1781615242.990446,2.639585256576538,-0.004929793067276478,9.845751762390137,-1.8427737813908607e-05,0.00028667005244642496,-0.0004472606524359435,0.0,3.1,30
702.9093386232853,1781615243.0009325,2.6376097202301025,-0.0002319484920008108,9.845734596252441,2.8262589694350027e-05,0.0002895136713050306,-0.00043393843225203454,0.0,3.11,30
702.9193386230618,1781615243.0104544,2.6358587741851807,-0.006969512905925512,9.845654487609863,8.688349225849379e-06,0.00029200364951975644,-0.0004356405697762966,0.0,3.12,30
702.9293386228383,1781615243.0204968,2.632366180419922,-0.005126009229570627,9.845629692077637,-5.678457455360331e-06,0.0002942556166090071,-0.00044056627666577697,0.0,3.13,30
702.9393386226147,1781615243.0310137,2.630406618118286,-0.0063394708558917046,9.845611572265625,-1.6855556168593466e-05,0.00029615763924084604,-0.0004468065162654966,0.0,3.14,30
702.9493386223912,1781615243.040534,2.6280438899993896,-0.0062519763596355915,9.845579147338867,-2.551588295318652e-05,0.0002977960975840688,-0.00045361442607827485,0.0,3.15,30
702.9593386221677,1781615243.0500612,2.625429391860962,-9.132464765571058e-05,9.845599174499512,2.3866026822361164e-05,0.0002992102818097919,-0.0004397625452838838,0.0,3.16,30
702.9693386219442,1781615243.0592966,2.6238036155700684,-0.006976491305977106,9.84555721282959,5.8926384554069955e-06,0.00030035796226002276,-0.00044108854490332305,0.0,3.17,30
702.9793386217207,1781615243.0684073,2.620288610458374,-0.00514157023280859,9.845560073852539,-7.0003293330955785e-06,0.00030129673541523516,-0.000445523823145777,0.0,3.18,30
702.9893386214972,1781615243.0785642,2.6183300018310547,-0.006353083066642284,9.845564842224121,-1.6868376405909657e-05,0.00030206903466023505,-0.00045121461153030396,0.0,3.19,30
702.9993386212736,1781615243.0890799,2.6157286167144775,-0.00039194439887069166,9.84557056427002,2.9757986339973286e-05,0.0003025410696864128,-0.0004373984120320529,0.0,3.2,30
703.0093386210501,1781615243.0993776,2.6140711307525635,-0.006965600419789553,9.845541954040527,1.1447772521933075e-05,0.00030277285259217024,-0.0004384050553198904,0.0,3.21,30
703.0193386208266,1781615243.109895,2.6106064319610596,-0.005143811926245689,9.845541954040527,-1.8645928321348038e-06,0.00030290777795016766,-0.0004426012746989727,0.0,3.22,30
703.0293386206031,1781615243.1195712,2.608649253845215,-0.0063306777738034725,9.845556259155273,-1.2210259228595532e-05,0.0003028989885933697,-0.0004480870848055929,0.0,3.23,30
703.0393386203796,1781615243.1300762,2.606276512145996,-0.006270292680710554,9.845550537109375,-2.0272134861443192e-05,0.00030272689764387906,-0.0004541932139545679,0.0,3.24,30
703.049338620156,1781615243.1402292,2.6042726039886475,-0.00046575794112868607,9.845592498779297,2.7635447622742504e-05,0.00030241013155318797,-0.0004403823404572904,0.0,3.25,30
703.0593386199325,1781615243.1535766,2.600882053375244,-0.0054681673645973206,9.845536231994629,1.0522590855543967e-05,0.0003019609721377492,-0.00044144265120849013,0.0,3.2600000000000002,30
703.069338619709,1781615243.16509,2.5990288257598877,-0.006530276965349913,9.845541000366211,-2.258184167658328e-06,0.00030142065952531993,-0.00044506482663564384,0.0,3.27,30
703.0793386194855,1781615243.1771014,2.596555471420288,-0.006371499504894018,9.845556259155273,-1.2051684279867914e-05,0.00030078701092861593,-0.00045006052823737264,0.0,3.2800000000000002,30
703.089338619262,1781615243.1874816,2.5900256633758545,-0.006276462692767382,9.846578598022461,-1.9504199372022413e-05,0.0003155021113343537,-0.0004555817286018282,0.0,3.29,30
703.0993386190385,1781615243.2006454,2.583585500717163,-0.0005645919591188431,9.847359657287598,2.8238257073098794e-05,0.00034385386970825493,-0.00044146939762867987,0.0,3.3000000000000003,30
703.109338618815,1781615243.211175,2.5756874084472656,-0.00542396679520607,9.847673416137695,1.1782714864239097e-05,0.0003825829771813005,-0.0004418838943820447,0.0,3.31,30
703.1193386185914,1781615243.221903,2.5692758560180664,-0.006475404370576143,9.847723007202148,-5.056120926383301e-07,0.0004287050396669656,-0.00044478802010416985,0.0,3.3200000000000003,30
703.1293386183679,1781615243.2334318,2.562504529953003,-0.00632983585819602,9.847468376159668,-9.751320249051787e-06,0.0004796598805114627,-0.00044898490887135267,0.0,3.33,30
703.1393386181444,1781615243.2449472,2.5563547611236572,-0.006331442855298519,9.847057342529297,-1.671361860644538e-05,0.0005333908484317362,-0.0004537366039585322,0.0,3.34,30
703.1493386179209,1781615243.260969,2.548485040664673,-0.0047928085550665855,9.846482276916504,-2.198212496296037e-05,0.0005880322423763573,-0.00045869522728025913,0.0,3.35,30
703.1593386176974,1781615243.2734911,2.542116165161133,-0.0004597471561282873,9.845865249633789,2.712723653530702e-05,0.0006422114674933255,-0.0004436610033735633,0.0,3.36,30
703.1693386174738,1781615243.2850144,2.536072254180908,-0.008162032812833786,9.845158576965332,1.2028775927319657e-05,0.0006948864902369678,-0.00044282840099185705,0.0,3.37,30
703.1793386172503,1781615243.294521,2.5283989906311035,-0.00506995664909482,9.844483375549316,1.4645023611592478e-06,0.0007453307043761015,-0.0004449539992492646,0.0,3.38,30
703.1893386170268,1781615243.307543,2.522825002670288,-0.006411861628293991,9.843823432922363,-6.397778633981943e-06,0.0007927865954115987,-0.00044835012522526085,0.0,3.39,30
703.1993386168033,1781615243.3175535,2.514885902404785,-0.006065275985747576,9.843265533447266,-1.2243625860719476e-05,0.000837061379570514,-0.0004522746312431991,0.0,3.4,30
703.2093386165798,1781615243.3270588,2.5093839168548584,-0.006253415253013372,9.842750549316406,-1.6502763173775747e-05,0.0008778308983892202,-0.00045627536019310355,0.0,3.41,30
703.2193386163563,1781615243.3360586,2.502156972885132,-0.006098052021116018,9.842325210571289,-1.9423732737777755e-05,0.0009150168625637889,-0.0004602920089382678,0.0,3.42,30
703.2293386161327,1781615243.3493545,2.4949235916137695,0.0009446001495234668,9.841983795166016,3.1488034437643364e-05,0.0009485143818892539,-0.0004447417159099132,0.0,3.43,30
703.2393386159092,1781615243.357595,2.4893715381622314,-0.008080323226749897,9.841693878173828,1.8137870938517153e-05,0.0009784139692783356,-0.0004431784327607602,0.0,3.44,30
703.2493386156857,1781615243.3671002,2.481060266494751,-0.005423500202596188,9.852644920349121,7.95223459135741e-05,0.001078450120985508,-0.00043452272075228393,0.0,3.45,30
703.2593386154622,1781615243.3782172,2.475907564163208,-0.006401936057955027,9.838279724121094,6.187699182191864e-05,0.001081648631952703,-0.0004368324880488217,0.0,3.46,30
703.2693386152387,1781615243.386217,2.4692208766937256,-0.006209163926541805,9.838679313659668,4.666550739784725e-05,0.0010842654155567288,-0.0004405700310599059,0.0,3.47,30
703.2793386150151,1781615243.3978,2.462557315826416,-0.006114697549492121,9.83914566040039,3.3478740078862756e-05,0.0010865000076591969,-0.00044506904669106007,0.0,3.48,30
703.2893386147916,1781615243.4083214,2.4553871154785156,-0.00466197868809104,9.839656829833984,2.188212783948984e-05,0.0010885263327509165,-0.00044990473543293774,0.0,3.49,30
703.2993386145681,1781615243.4193525,2.4498112201690674,-0.006146549712866545,9.84022331237793,1.1664580597425811e-05,0.0010904461378231645,-0.0004544155381154269,0.0,3.5,30
703.3093386143446,1781615243.428767,2.4425055980682373,-0.00600430415943265,9.840776443481445,2.6372129013907397e-06,0.001092196675017476,-0.00045871944166719913,0.0,3.5100000000000002,30
703.3193386141211,1781615243.4372754,2.4358203411102295,-0.0004587121366057545,9.841322898864746,4.6678360376972705e-05,0.0010935920290648937,-0.000443461409304291,0.0,3.52,30
703.3293386138976,1781615243.4477887,2.4293110370635986,-0.006585643161088228,9.841789245605469,2.8451968319131993e-05,0.0010945796966552734,-0.0004423684731591493,0.0,3.5300000000000002,30
703.339338613674,1781615243.4602873,2.422724485397339,-0.006279309280216694,9.84224796295166,1.4302707313618157e-05,0.001095024636015296,-0.0004435825685504824,0.0,3.54,30
703.3493386134505,1781615243.4698093,2.416088104248047,-0.006095490418374538,9.842687606811523,3.238292265450582e-06,0.0010948132257908583,-0.00044615560909733176,0.0,3.5500000000000003,30
703.359338613227,1781615243.4793396,2.409057378768921,-0.0046247802674770355,9.84305191040039,-5.516624696610961e-06,0.001093811821192503,-0.0004493555170483887,0.0,3.56,30
703.3693386130035,1781615243.488647,-0.5791072845458984,-0.013598707504570484,10.603516578674316,-1.3278005098982248e-05,0.012231703847646713,-0.00036376118077896535,0.0,3.5700000000000003,30
703.37933861278,1781615243.4991627,-0.5474818348884583,0.003317895345389843,10.306242942810059,5.4182051826501265e-05,0.02094176784157753,-0.0003648323763627559,0.0,3.58,30
703.3893386125565,1781615243.5093896,-0.519149661064148,-0.011557618156075478,10.051876068115234,5.5190917919389904e-05,0.027472762390971184,-0.0002922520798165351,0.0,3.59,30
703.3993386123329,1781615243.5186436,-0.4957990348339081,0.002910246839746833,9.84268856048584,0.00011858142534038052,0.032093346118927,-0.0002926763263531029,0.0,3.6,30
703.4093386121094,1781615243.5291653,-0.4761948883533478,0.003395772771909833,9.678252220153809,0.0001752831449266523,0.03507703170180321,-0.0002928651520051062,0.0,3.61,30
703.4193386118859,1781615243.5403235,-0.4613879323005676,-0.009447802789509296,9.556325912475586,0.00016797555144876242,0.03669007867574692,-0.00022296173847280443,0.0,3.62,30
703.4293386116624,1781615243.55046,-0.44813382625579834,0.0019774213433265686,9.473407745361328,0.0002196889981860295,0.03718281164765358,-0.00022275718220043927,0.0,3.63,30
703.4393386114389,1781615243.560711,-0.4411257207393646,0.0029580718837678432,9.424931526184082,0.0002647356304805726,0.03678373619914055,-0.0002224343188572675,0.0,3.64,30
703.4493386112154,1781615243.5732267,-0.436092346906662,0.0025731660425662994,9.405879974365234,0.00030290649738162756,0.035696160048246384,-0.00022202737454790622,0.0,3.65,30
703.4593386109918,1781615243.583714,-0.4322029948234558,-0.011380469426512718,9.411116600036621,0.0002780396898742765,0.034096382558345795,-0.00015317474026232958,0.0,3.66,30
703.4693386107683,1781615243.5942187,-0.43225035071372986,0.0032333601266145706,9.43557357788086,0.00031103583751246333,0.032133568078279495,-0.0001526313426438719,0.0,3.67,30
703.4793386105448,1781615243.60448,-0.43211784958839417,0.002824062015861273,9.474385261535645,0.0003373718063812703,0.029931265860795975,-0.00015207829710561782,0.0,3.68,30
703.4893386103213,1781615243.6137989,-0.43441241979599,0.0027258198242634535,9.523158073425293,0.0003570081025827676,0.027589095756411552,-0.00015153392450883985,0.0,3.69,30
703.4993386100978,1781615243.625304,-0.4377214312553406,0.002685916144400835,9.577980995178223,0.0003702941758092493,0.025185076519846916,-0.00015101088501978666,0.0,3.7,30
703.5093386098742,1781615243.634596,-0.4396522343158722,0.0023327930830419064,9.63551139831543,0.0003773396310862154,0.022778790444135666,-0.00015052039816509932,0.0,3.71,30
703.5193386096507,1781615243.6441133,-0.44449400901794434,0.0025249358732253313,9.692974090576172,0.0003782627754844725,0.02041376568377018,-0.00015007103502284735,0.0,3.72,30
703.5293386094272,1781615243.653607,-0.4479672610759735,-0.00964440405368805,9.74808120727539,0.00031733736977912486,0.018120598047971725,-8.124789746943861e-05,0.0,3.73,30
703.5393386092037,1781615243.6651113,-0.45069342851638794,0.0011155540123581886,9.799318313598633,0.0003158995241392404,0.015919581055641174,-8.08333425084129e-05,0.0,3.74,30
703.5493386089802,1781615243.6753285,-0.45529162883758545,0.0025987992994487286,9.84524154663086,0.0003097065491601825,0.013822844251990318,-8.046693255892023e-05,0.0,3.75,30
703.5593386087567,1781615243.6863933,-0.45728442072868347,0.002409673761576414,9.885159492492676,0.0002989923523273319,0.011836627498269081,-8.014945342438295e-05,0.0,3.7600000000000002,30
703.5693386085331,1781615243.6975646,-0.4620770215988159,0.004047739785164595,9.918624877929688,0.00028431869577616453,0.009963206015527248,-7.987857679836452e-05,0.0,3.77,30
703.5793386083096,1781615243.707071,-0.4624866247177124,0.0011424565454944968,9.945540428161621,0.0002660616301000118,0.008201893419027328,-7.965242548380047e-05,0.0,3.7800000000000002,30
703.5893386080861,1781615243.7170818,-0.4665346145629883,0.002770615043118596,9.965980529785156,0.0002446907456032932,0.00655067665502429,-7.946818368509412e-05,0.0,3.79,30
703.5993386078626,1781615243.7260823,-0.467547744512558,0.0013810364762321115,9.980295181274414,0.00022073737636674196,0.005006662104278803,-7.932219159556553e-05,0.0,3.8000000000000003,30
703.6093386076391,1781615243.736956,-0.46915319561958313,0.002678592223674059,9.98893928527832,0.00019479206821415573,0.0035670455545186996,-7.9210294643417e-05,0.0,3.81,30
703.6193386074156,1781615243.750464,-0.4724450707435608,0.004373414907604456,9.992436408996582,0.00016741671424824744,0.0022291254717856646,-7.912840374046937e-05,0.0,3.8200000000000003,30
703.629338607192,1781615243.7597911,-0.47093310952186584,9.377487731399015e-05,9.991434097290039,0.0001390978432027623,0.0009908823994919658,-7.907299732323736e-05,0.0,3.83,30
703.6393386069685,1781615243.7693107,-0.4665980935096741,0.009908008389174938,9.98654842376709,0.00011030833411496133,-0.0001492426818003878,-7.904076483100653e-05,0.0,3.84,30
703.649338606745,1781615243.7796242,-0.48828330636024475,-0.009421256370842457,9.978423118591309,8.161995356203988e-05,-0.001192064955830574,-7.902767538325861e-05,0.0,3.85,30
703.6593386065215,1781615243.7901294,-0.46657881140708923,0.007241765968501568,9.967690467834473,5.344806777429767e-05,-0.0021381587721407413,-7.903082587290555e-05,0.0,3.86,30
703.669338606298,1781615243.7993257,-0.47642630338668823,0.00339715788140893,9.954901695251465,2.623069849505555e-05,-0.0029876914341002703,-7.904716767370701e-05,0.0,3.87,30
703.6793386060745,1781615243.8085303,-0.4751395881175995,0.0018697160994634032,9.940648078918457,3.900881324625516e-07,-0.003740598214790225,-7.907384861027822e-05,0.0,3.88,30
703.6893386058509,1781615243.8185413,-0.4761054515838623,0.0020783112850040197,9.925393104553223,-2.3811635401216336e-05,-0.004397076554596424,-7.910899876151234e-05,0.0,3.89,30
703.6993386056274,1781615243.8280573,-0.47639378905296326,0.003424036083742976,9.909554481506348,-4.609057941706851e-05,-0.004957626573741436,-7.915053720353171e-05,0.0,3.9,30
703.7093386054039,1781615243.8395636,-0.47561749815940857,0.0007878167671151459,9.89353084564209,-6.61877347738482e-05,-0.005422859452664852,-7.919648487586528e-05,0.0,3.91,30
703.7193386051804,1781615243.8490915,1.8855738639831543,0.009436331689357758,9.292195320129395,-8.253053238149732e-05,-0.014547708444297314,-0.0001494269963586703,0.0,3.92,30
703.7293386049569,1781615243.8582633,1.8605185747146606,-0.006242879666388035,9.508461952209473,-0.00016406479699071497,-0.021695410832762718,-0.00014053330232854933,0.0,3.93,30
703.7393386047333,1781615243.8677685,1.839431643486023,-0.0036788824945688248,9.692054748535156,-0.0002254171995446086,-0.027059724554419518,-0.00014430124429054558,0.0,3.94,30
703.7493386045098,1781615243.8772779,1.8204329013824463,0.008354933001101017,9.841365814208984,-0.0002230810496257618,-0.03085126169025898,-0.00021556920546572655,0.0,3.95,30
703.7593386042863,1781615243.8875253,1.8064078092575073,-0.007090387400239706,9.956686019897461,-0.00028953395667485893,-0.03328551724553108,-0.00020327273523434997,0.0,3.96,30
703.7693386040628,1781615243.8970313,1.794514536857605,-0.005021015182137489,10.039955139160156,-0.00033607674413360655,-0.03457324579358101,-0.00020297600713092834,0.0,3.97,30
703.7793386038393,1781615243.908133,1.7845007181167603,-0.0022008491214364767,10.093934059143066,-0.0003686260315589607,-0.034913890063762665,-0.00020928432059008628,0.0,3.98,30
703.7893386036158,1781615243.9181366,1.7785392999649048,0.008742442354559898,10.122138977050781,-0.00033984327455982566,-0.034490764141082764,-0.0002812235034070909,0.0,3.99,30
710.79933844693,1781615251.3683205,-0.19793181121349335,-0.005906186066567898,8.779367446899414,-0.0001998121151700616,-0.02746179699897766,0.0003709731390699744,0.0,0.0,60
710.8093384467065,1781615251.3818345,-0.2135164886713028,0.024972504004836082,9.196745872497559,-0.00019917557074222714,-0.04250391572713852,0.00025679997634142637,0.0,0.01,60
710.819338446483,1781615251.3933525,-0.1966709941625595,0.0015475256368517876,9.545013427734375,-0.0002996584225911647,-0.054149143397808075,0.00025566978729330003,0.0,0.02,60
710.8293384462595,1781615251.4028575,-0.15102046728134155,0.003395028179511428,9.823790550231934,-0.0003903004399035126,-0.06285630911588669,0.00025126803666353226,0.0,0.03,60
710.839338446036,1781615251.4143815,-0.07426930963993073,0.004404895473271608,10.035688400268555,-0.0004709199129138142,-0.0690787136554718,0.00024299687356688082,0.0,0.04,60
710.8493384458125,1781615251.4246774,0.03291654586791992,0.0022362808231264353,10.185765266418457,-0.0005413670442067087,-0.07324905693531036,0.00023024195979814976,0.0,0.05,60
710.859338445589,1781615251.435183,0.16741609573364258,0.0037583245430141687,10.280715942382812,-0.0006018871208652854,-0.075767882168293,0.00021239460329525173,0.0,0.06,60
710.8693384453654,1781615251.445385,0.33083823323249817,0.02217387966811657,10.328179359436035,-0.0005756983300670981,-0.07699688524007797,9.612454596208408e-05,0.0,0.07,60
710.8793384451419,1781615251.4597068,0.5202351212501526,0.0054735238663852215,10.336138725280762,-0.0006279030349105597,-0.07725487649440765,6.60711302771233e-05,0.0,0.08,60
710.8893384449184,1781615251.4712348,0.7382120490074158,0.004088730085641146,10.312642097473145,-0.0006706862477585673,-0.07681722193956375,2.898395359807182e-05,0.0,0.09,60
710.8993384446949,1781615251.4922485,0.9794429540634155,0.008336292579770088,10.265353202819824,-0.0007039151969365776,-0.07591631263494492,-1.5802021152921952e-05,0.0,0.1,60
710.9093384444714,1781615251.5035167,1.2473863363265991,0.005855248775333166,10.20131778717041,-0.0007280207355506718,-0.07474426925182343,-6.896969716763124e-05,0.0,0.11,60
710.9193384442478,1781615251.5150208,1.5387486219406128,0.008457334712147713,10.126826286315918,-0.0007431917474605143,-0.07345625758171082,-0.0001312258973484859,0.0,0.12,60
710.9293384440243,1781615251.5260856,1.8558531999588013,0.007950663566589355,10.04732608795166,-0.0007500399369746447,-0.07217448949813843,-0.00020326058438513428,0.0,0.13,60
710.9393384438008,1781615251.5378346,2.194247007369995,0.010780644603073597,9.967342376708984,-0.0007489705458283424,-0.07099272310733795,-0.00028574455063790083,0.0,0.14,60
710.9493384435773,1781615251.5523584,2.5589044094085693,-0.009986781515181065,9.890527725219727,-0.0008260325412265956,-0.06998024135828018,-0.00027535686967894435,0.0,0.15,60
710.9593384433538,1781615251.564407,2.8093695640563965,0.011918279342353344,9.853717803955078,-0.0007985138799995184,-0.06868626922369003,-0.00037691587931476533,0.0,0.16,60
710.9693384431303,1781615251.5764253,2.8013534545898438,-0.013096779584884644,9.884109497070312,-0.0008714879513718188,-0.06618839502334595,-0.0003491422103252262,0.0,0.17,60
710.9793384429067,1781615251.586428,2.793858051300049,-0.006837579887360334,9.89171028137207,-0.0008999074925668538,-0.06273858994245529,-0.0003502410836517811,0.0,0.18,60
710.9893384426832,1781615251.6010513,2.7911007404327393,0.01128559559583664,9.880793571472168,-0.0008295039879158139,-0.05856422707438469,-0.000451975705800578,0.0,0.19,60
710.9993384424597,1781615251.6135669,2.7888402938842773,-0.014513523317873478,9.855696678161621,-0.0008698038291186094,-0.05386633053421974,-0.00041450432036072016,0.0,0.2,60
711.0093384422362,1781615251.6251957,2.788034200668335,-0.008710958063602448,9.820672988891602,-0.000866096408572048,-0.048820048570632935,-0.0004072886658832431,0.0,0.21,60
711.0193384420127,1781615251.634311,2.7895078659057617,-0.006516861263662577,9.779500961303711,-0.0008381014922633767,-0.043574802577495575,-0.0004122258396819234,0.0,0.22,60
711.0293384417892,1781615251.6480136,2.791832208633423,0.003509583417326212,9.735557556152344,-0.000721047050319612,-0.03825624659657478,-0.0003939019807148725,0.0,0.23,60
711.0393384415656,1781615251.6605139,2.7948641777038574,-0.007447519805282354,9.69162654876709,-0.0006871346849948168,-0.03296809643507004,-0.00039398649823851883,0.0,0.24,60
711.0493384413421,1781615251.6700296,2.7976059913635254,-0.005398958921432495,9.650175094604492,-0.0006389443879015744,-0.027794215828180313,-0.00040048459777608514,0.0,0.25,60
711.0593384411186,1781615251.6860447,2.8024797439575195,-0.005877395160496235,9.612987518310547,-0.0005820028600282967,-0.022801358252763748,-0.0004088491841685027,0.0,0.26,60
711.0693384408951,1781615251.702557,2.8051249980926514,0.0016723417211323977,9.581449508666992,-0.0004473143198993057,-0.01804102212190628,-0.0003912035026587546,0.0,0.27,60
711.0793384406716,1781615251.7140768,2.8095321655273438,-0.006841657683253288,9.556331634521484,-0.00039938875124789774,-0.013552011922001839,-0.00039031702908687294,0.0,0.28,60
711.089338440448,1781615251.7282805,2.8134591579437256,-0.006455381400883198,9.53829574584961,-0.00034246870200149715,-0.009362154640257359,-0.00039544724859297276,0.0,0.29,60
711.0993384402245,1781615251.742431,2.81665301322937,-0.006123070139437914,9.527433395385742,-0.0002815536572597921,-0.005490467883646488,-0.00040275324136018753,0.0,0.3,60
711.109338440001,1781615251.752945,2.8206982612609863,-0.005341537296772003,9.523569107055664,-0.00021917602862231433,-0.0019485135562717915,-0.0004108913417439908,0.0,0.31,60
711.1193384397775,1781615251.762458,2.822449207305908,0.002075477968901396,9.526398658752441,-8.597548730904236e-05,0.0012579363537952304,-0.00039303957601077855,0.0,0.32,60
711.129338439554,1781615251.7739637,2.8260273933410645,-0.006505913101136684,9.535262107849121,-4.336267011240125e-05,0.004128217697143555,-0.0003919141599908471,0.0,0.33,60
711.1393384393305,1781615251.7854729,2.8283727169036865,-0.005991326179355383,9.549564361572266,3.278218855484738e-06,0.006665236782282591,-0.000396622228436172,0.0,0.34,60
711.1493384391069,1781615251.7945483,2.8299267292022705,-0.005649376194924116,9.568551063537598,4.972102033207193e-05,0.008875212632119656,-0.0004038290062453598,0.0,0.35000000000000003,60
711.1593384388834,1781615251.8060532,2.831601142883301,-0.005693406332284212,9.591376304626465,9.412984945811331e-05,0.010766854509711266,-0.00041198026156052947,0.0,0.36,60
711.1693384386599,1781615251.8160956,2.8323957920074463,0.001217822777107358,9.617227554321289,0.00020542617130558938,0.012350640259683132,-0.00039470710908062756,0.0,0.37,60
711.1793384384364,1781615251.8264902,2.8341991901397705,-0.007123719435185194,9.645245552062988,0.00022492199786938727,0.013639007695019245,-0.00039483484579250216,0.0,0.38,60
711.1893384382129,1781615251.8362901,2.8338782787323,-0.006202959455549717,9.674749374389648,0.00024631977430544794,0.014645665884017944,-0.0004011151322629303,0.0,0.39,60
711.1993384379894,1781615251.8452923,2.8341739177703857,-0.006271655671298504,9.706037521362305,0.0002467565645929426,0.01537860557436943,-0.00041040158248506486,0.0,0.4,60
711.2093384377658,1781615251.8568852,2.83481764793396,0.0018720714142546058,9.73513412475586,0.00033749802969396114,0.015867553651332855,-0.00039582542376592755,0.0,0.41000000000000003,60
711.2193384375423,1781615251.8683941,2.833754062652588,-0.006967407185584307,9.764894485473633,0.0003352352068759501,0.016122175380587578,-0.000398378586396575,0.0,0.42,60
711.2293384373188,1781615251.8789003,2.8328967094421387,-0.0051744128577411175,9.793660163879395,0.0003345150325912982,0.016159875318408012,-0.00040696238283999264,0.0,0.43,60
711.2393384370953,1781615251.8884075,2.8327107429504395,0.0012535859132185578,9.82104206085205,0.0004000204789917916,0.01599849760532379,-0.0003928378573618829,0.0,0.44,60
711.2493384368718,1781615251.897921,2.8313534259796143,-0.007295123767107725,9.846569061279297,0.0003777437668759376,0.0156564824283123,-0.00039669100078754127,0.0,0.45,60
711.2593384366482,1781615251.90843,2.829878091812134,-0.005399223882704973,9.870076179504395,0.000358181307092309,0.015152551233768463,-0.00040678709046915174,0.0,0.46,60
711.2693384364247,1781615251.9199593,2.8285558223724365,0.0013358050491660833,9.891355514526367,0.00040659442311152816,0.01450553722679615,-0.000394387636333704,0.0,0.47000000000000003,60
711.2793384362012,1781615251.9294565,2.8272929191589355,-0.006356238853186369,9.910163879394531,0.0003680250374600291,0.013734414242208004,-0.00040003398316912353,0.0,0.48,60
711.2893384359777,1781615251.9425435,2.8246777057647705,-0.0053582387045025826,9.926553726196289,0.0003334351640660316,0.012858130037784576,-0.0004118146898690611,0.0,0.49,60
711.2993384357542,1781615251.954053,2.823807716369629,0.0012395557714626193,9.940435409545898,0.0003697688807733357,0.011895143426954746,-0.0004000049957539886,0.0,0.5,60
711.3093384355307,1781615251.9645572,2.820756673812866,-0.005972667597234249,9.951784133911133,0.0003185493696946651,0.010863867588341236,-0.0004067903500981629,0.0,0.51,60
711.3193384353071,1781615251.9760623,2.819260358810425,0.0007191820768639445,9.960785865783691,0.0003393989463802427,0.009781872853636742,-0.00039480035775341094,0.0,0.52,60
711.3293384350836,1781615251.9864168,2.8174970149993896,-0.006542067509144545,9.967365264892578,0.000280165986623615,0.00866623129695654,-0.0004019043408334255,0.0,0.53,60
711.3393384348601,1781615251.997307,2.8140714168548584,0.00203945254907012,9.971779823303223,0.0002931369235739112,0.007532954681664705,-0.00039124919567257166,0.0,0.54,60
711.3493384346366,1781615252.00782,2.812434673309326,-0.006269022356718779,9.974063873291016,0.00022911537962500006,0.006397444289177656,-0.000399317272240296,0.0,0.55,60
711.3593384344131,1781615252.0213916,2.810457468032837,-0.005818060599267483,9.97447681427002,0.0001733437238726765,0.005273791961371899,-0.000413243513321504,0.0,0.56,60
711.3693384341896,1781615252.0349064,2.8069496154785156,0.003030152525752783,9.973132133483887,0.00019281715503893793,0.004174852278083563,-0.0004037070320919156,0.0,0.5700000000000001,60
711.379338433966,1781615252.0496333,2.8050878047943115,-0.00616439851000905,9.970128059387207,0.00012892672384623438,0.00311248074285686,-0.00041219990816898644,0.0,0.58,60
711.3893384337425,1781615252.0591521,2.802708864212036,0.0008978198748081923,9.965819358825684,0.00014115715748630464,0.002097021322697401,-0.0004010226111859083,0.0,0.59,60
711.399338433519,1781615252.0706744,2.8004491329193115,-0.007446558680385351,9.96020793914795,7.650059706065804e-05,0.0011375717585906386,-0.00040900998283177614,0.0,0.6,60
711.4093384332955,1781615252.0821817,2.7971746921539307,0.00339132989756763,9.95364761352539,8.834720938466489e-05,0.00024182841298170388,-0.0003986860974691808,0.0,0.61,60
711.419338433072,1781615252.0946972,2.7953789234161377,-0.007310675457119942,9.946179389953613,2.5368733986397274e-05,-0.0005836226628161967,-0.0004066904366482049,0.0,0.62,60
711.4293384328485,1781615252.106203,2.7927730083465576,0.0006744526326656342,9.938056945800781,3.781847772188485e-05,-0.0013340674340724945,-0.00039660546462982893,0.0,0.63,60
711.4393384326249,1781615252.1184568,2.7901644706726074,-0.0058895000256598,9.9293851852417,-2.1465037207235582e-05,-0.002005638787522912,-0.0004050362331327051,0.0,0.64,60
711.4493384324014,1781615252.129491,2.7875051498413086,0.002012241166085005,9.920409202575684,-6.181592198117869e-06,-0.0025959929917007685,-0.0003954616840928793,0.0,0.65,60
711.4593384321779,1781615252.1389987,2.7856783866882324,-0.005965444725006819,9.911154747009277,-6.155801384011284e-05,-0.003103932598605752,-0.0004036018217448145,0.0,0.66,60
711.4693384319544,1781615252.1495235,2.782834529876709,-0.005098989233374596,9.90187931060791,-0.00010534439934417605,-0.0035293682012706995,-0.0004168354789726436,0.0,0.67,60
711.4793384317309,1781615252.1600497,2.78104567527771,0.0013494046870619059,9.892684936523438,-7.380883471341804e-05,-0.0038734052795916796,-0.00040691549656912684,0.0,0.68,60
711.4893384315073,1781615252.1715589,2.7777020931243896,-0.00537851732224226,9.883580207824707,-0.00011883048864547163,-0.0041379486210644245,-0.0004144078411627561,0.0,0.6900000000000001,60
711.4993384312838,1781615252.1820781,2.7764840126037598,0.0006813667132519186,9.874808311462402,-8.922741108108312e-05,-0.004325912334024906,-0.0004029229748994112,0.0,0.7000000000000001,60
711.5093384310603,1781615252.1931787,2.7743937969207764,-0.0071506863459944725,9.866352081298828,-0.00013055092131253332,-0.004440778866410255,-0.0004093237512279302,0.0,0.71,60
711.5193384308368,1781615252.2032619,2.770897388458252,-0.00472244992852211,9.858382225036621,-0.00016032894200179726,-0.004486834164708853,-0.0004208602476865053,0.0,0.72,60
711.5293384306133,1781615252.213384,2.769861936569214,0.0013591833412647247,9.850903511047363,-0.00011636075214482844,-0.0044690207578241825,-0.0004096650518476963,0.0,0.73,60
711.5393384303898,1781615252.2264104,2.767453670501709,-0.006739856209605932,9.843945503234863,-0.00014805384853389114,-0.004392559640109539,-0.0004157208022661507,0.0,0.74,60
711.5493384301662,1781615252.2380652,2.7652759552001953,-0.0038209103513509035,9.837613105773926,-0.00016909650003071874,-0.004263052251189947,-0.0004265159659553319,0.0,0.75,60
711.5593384299427,1781615252.2494292,2.763594627380371,0.0013879811158403754,9.831948280334473,-0.00011742798960767686,-0.0040863798931241035,-0.0004141598183196038,0.0,0.76,60
711.5693384297192,1781615252.2606666,2.7613325119018555,-0.006737827323377132,9.82685661315918,-0.00014238398580346256,-0.0038684923201799393,-0.0004188049351796508,0.0,0.77,60
711.5793384294957,1781615252.271193,2.759866237640381,-0.006426346022635698,9.822503089904785,-0.0001575981586938724,-0.0036154058761894703,-0.00042793905595317483,0.0,0.78,60
711.5893384292722,1781615252.2806985,2.756765604019165,0.0017072218470275402,9.818814277648926,-0.00010138993093278259,-0.003333339234814048,-0.0004148408188484609,0.0,0.79,60
711.5993384290487,1781615252.2902157,2.7559854984283447,-0.0069492594338953495,9.815716743469238,-0.00012099186278646812,-0.0030280943028628826,-0.00041895508184097707,0.0,0.8,60
711.6093384288251,1781615252.3005097,2.7538399696350098,-0.00508385244756937,9.813305854797363,-0.00013182028487790376,-0.0027055079117417336,-0.0004275586106814444,0.0,0.81,60
711.6193384286016,1781615252.311024,2.752182960510254,0.0010472206631675363,9.811540603637695,-7.330127846216783e-05,-0.002371171023696661,-0.00041441991925239563,0.0,0.8200000000000001,60
711.6293384283781,1781615252.321034,2.7492592334747314,-0.005192427430301905,9.810314178466797,-8.98687430890277e-05,-0.0020301872864365578,-0.0004180333926342428,0.0,0.8300000000000001,60
711.6393384281546,1781615252.3315573,2.7492408752441406,-0.00671611912548542,9.809669494628906,-9.89022446447052e-05,-0.0016875789733603597,-0.00042576901614665985,0.0,0.84,60
711.6493384279311,1781615252.3420694,2.7463042736053467,0.001001862809062004,9.809600830078125,-4.1230712668038905e-05,-0.0013478344772011042,-0.0004124738625250757,0.0,0.85,60
711.6593384277076,1781615252.3525841,2.7446749210357666,-0.006757588591426611,9.80993938446045,-5.681346738128923e-05,-0.0010150426533073187,-0.0004157049988862127,0.0,0.86,60
711.669338427484,1781615252.3631027,2.743454933166504,-0.006502895150333643,9.810785293579102,-6.517309520859271e-05,-0.0006929397932253778,-0.0004233734798617661,0.0,0.87,60
711.6793384272605,1781615252.3713658,2.7407357692718506,0.002086836379021406,9.812016487121582,-8.758130206842907e-06,-0.0003848582273349166,-0.0004106589767616242,0.0,0.88,60
711.689338427037,1781615252.3815145,2.739835739135742,-0.006977657787501812,9.81353759765625,-2.4708670025574975e-05,-9.357816452393308e-05,-0.00041376115405000746,0.0,0.89,60
711.6993384268135,1781615252.393023,2.737598180770874,-0.006345714442431927,9.8154296875,-3.39701546181459e-05,0.00017854034376796335,-0.0004211936320643872,0.0,0.9,60
711.70933842659,1781615252.4040658,2.7360048294067383,-0.005031915381550789,9.817551612854004,-3.923739495803602e-05,0.0004295037069823593,-0.0004305988841224462,0.0,0.91,60
711.7193384263664,1781615252.414142,2.733888626098633,0.000997222843579948,9.819890975952148,1.9805827832897194e-05,0.0006576845189556479,-0.000417583214584738,0.0,0.92,60
711.7293384261429,1781615252.426305,2.7326817512512207,-0.007067015394568443,9.822346687316895,3.8043463064241223e-06,0.0008621746674180031,-0.0004205823934171349,0.0,0.93,60
711.7393384259194,1781615252.4353092,2.7304797172546387,-0.00640138192102313,9.824945449829102,-6.2790072661300655e-06,0.0010420514736324549,-0.000427643972216174,0.0,0.9400000000000001,60
711.7493384256959,1781615252.4453685,2.7281970977783203,0.001882515149191022,9.827640533447266,4.6807992475805804e-05,0.001197031233459711,-0.0004145143320783973,0.0,0.9500000000000001,60
711.7593384254724,1781615252.454457,2.7271223068237305,-0.008224018849432468,9.83028507232666,2.7880507332156412e-05,0.0013271116185933352,-0.0004174717469140887,0.0,0.96,60
711.7693384252489,1781615252.4645092,2.7251291275024414,-0.005372504238039255,9.832990646362305,1.4976086276874412e-05,0.0014326689997687936,-0.0004249461635481566,0.0,0.97,60
711.7793384250253,1781615252.4750154,2.723092794418335,-0.006243385374546051,9.835648536682129,5.56071563551086e-06,0.0015143230557441711,-0.00043416235712356865,0.0,0.98,60
711.7893384248018,1781615252.4851012,2.721141815185547,0.001971266930922866,9.838265419006348,5.973863517283462e-05,0.0015728127909824252,-0.00042139680590480566,0.0,0.99,60
711.7993384245783,1781615252.494605,2.7192962169647217,-0.006910819094628096,9.840703964233398,3.909101360477507e-05,0.001609412720426917,-0.00042451953049749136,0.0,1.0,60
711.8093384243548,1781615252.50511,2.7173523902893066,-0.0064874268136918545,9.843070983886719,2.401957317488268e-05,0.0016253406647592783,-0.0004316410922911018,0.0,1.01,60
711.8193384241313,1781615252.5143726,2.7154057025909424,0.0014868866419419646,9.845330238342285,7.159527740441263e-05,0.0016220684628933668,-0.0004186071746516973,0.0,1.02,60
711.8293384239078,1781615252.5246365,2.713456153869629,-0.006972170434892178,9.847360610961914,4.78814727102872e-05,0.001601174008101225,-0.0004216984088998288,0.0,1.03,60
711.8393384236842,1781615252.5331419,2.7114877700805664,-0.006542851682752371,9.849244117736816,2.9902645110269077e-05,0.0015643468359485269,-0.00042881161789409816,0.0,1.04,60
711.8493384234607,1781615252.5436661,2.7092065811157227,-0.0050280047580599785,9.850954055786133,1.568267725815531e-05,0.0015133288688957691,-0.0004379948368296027,0.0,1.05,60
711.8593384232372,1781615252.553171,2.707726240158081,0.0004648029862437397,9.852487564086914,6.447741179727018e-05,0.0014498828677460551,-0.0004251207283232361,0.0,1.06,60
711.8693384230137,1781615252.5636673,2.7054295539855957,-0.006983899977058172,9.853766441345215,3.986966112279333e-05,0.0013758566929027438,-0.0004284110036678612,0.0,1.07,60
711.8793384227902,1781615252.573174,2.7030375003814697,-0.005212963558733463,9.854887008666992,2.1141146135050803e-05,0.0012931098463013768,-0.00043547898530960083,0.0,1.08,60
711.8893384225667,1781615252.5826871,2.701575756072998,5.7948200264945626e-05,9.855825424194336,6.457138806581497e-05,0.0012032461818307638,-0.0004224550793878734,0.0,1.09,60
711.8993384223431,1781615252.5952075,2.699303388595581,-0.007023384794592857,9.856528282165527,3.8072339521022514e-05,0.00110808783210814,-0.00042557346750982106,0.0,1.1,60
711.9093384221196,1781615252.6045206,2.6969034671783447,-0.005237834993749857,9.85706615447998,1.7730517356540076e-05,0.001009271014481783,-0.00043269371963106096,0.0,1.11,60
711.9193384218961,1781615252.6130264,2.6951241493225098,-0.006349955219775438,9.857443809509277,1.1585975698835682e-06,0.0009084917837753892,-0.00044138883822597563,0.0,1.12,60
711.9293384216726,1781615252.6235046,2.6932601928710938,0.00036509145866148174,9.857661247253418,4.750266452901997e-05,0.0008069600444287062,-0.0004285383620299399,0.0,1.1300000000000001,60
711.9393384214491,1781615252.6330192,2.690406322479248,-0.006728027015924454,9.857646942138672,2.1959192963549867e-05,0.0007061821524985135,-0.0004317579441703856,0.0,1.1400000000000001,60
711.9493384212255,1781615252.6425326,2.688957929611206,-0.005404321011155844,9.857542037963867,2.4109201604005648e-06,0.0006073605618439615,-0.0004386809014249593,0.0,1.1500000000000001,60
711.959338421002,1781615252.6520374,2.686509132385254,0.00023649877402931452,9.857304573059082,4.457221439224668e-05,0.0005115818348713219,-0.0004257217515259981,0.0,1.16,60
711.9693384207785,1781615252.661553,2.684619665145874,-0.006982416845858097,9.856913566589355,1.812207483453676e-05,0.0004197948146611452,-0.00042878612293861806,0.0,1.17,60
711.979338420555,1781615252.6710887,2.6826910972595215,-0.005460013169795275,9.85643482208252,-1.9761569092224818e-06,0.0003329263417981565,-0.0004357604484539479,0.0,1.18,60
711.9893384203315,1781615252.6805944,2.6804189682006836,-0.006336848251521587,9.855878829956055,-1.802555561880581e-05,0.0002517450484447181,-0.00044433437869884074,0.0,1.19,60
711.999338420108,1781615252.6901138,2.678069591522217,0.0005014847847633064,9.85525894165039,2.8247339287190698e-05,0.0001767331559676677,-0.00043153436854481697,0.0,1.2,60
712.0093384198844,1781615252.7004485,2.6763100624084473,-0.005803139880299568,9.85450267791748,3.746476295418688e-06,0.0001083477764041163,-0.00043456334969960153,0.0,1.21,60
712.0193384196609,1781615252.7097268,2.6736700534820557,-0.0051899440586566925,9.85378360748291,-1.4738297977601178e-05,4.741187149193138e-05,-0.000440996780525893,0.0,1.22,60
712.0293384194374,1781615252.7207377,2.671376943588257,8.22596120997332e-06,9.853084564208984,2.704688631638419e-05,-4.991229161532829e-06,-0.00042773428140208125,0.0,1.23,60
712.0393384192139,1781615252.7302637,2.6694931983947754,-0.007182410918176174,9.852293968200684,2.006855993386125e-06,-4.897839608020149e-05,-0.0004300332220736891,0.0,1.24,60
712.0493384189904,1781615252.7394383,2.666109085083008,-0.006321894004940987,9.8515043258667,-1.6805764971650206e-05,-8.475116192130372e-05,-0.0004358994774520397,0.0,1.25,60
712.0593384187669,1781615252.74947,2.6642799377441406,-0.005231877323240042,9.85065746307373,-3.125819057459012e-05,-0.00011270467075519264,-0.0004435443552210927,0.0,1.26,60
712.0693384185433,1781615252.758529,2.6619393825531006,-8.472360059386119e-05,9.849831581115723,1.426065864507109e-05,-0.00013323973689693958,-0.00043067472870461643,0.0,1.27,60
712.0793384183198,1781615252.768033,2.6586952209472656,-0.006631753407418728,9.848968505859375,-7.997976354090497e-06,-0.0001466995890950784,-0.00043297072988934815,0.0,1.28,60
712.0893384180963,1781615252.779149,2.657175064086914,-0.006721900310367346,9.84815502166748,-2.4441294954158366e-05,-0.00015359220560640097,-0.00043872257811017334,0.0,1.29,60
712.0993384178728,1781615252.7882035,2.6539552211761475,-0.004951865877956152,9.847352027893066,-3.678944267448969e-05,-0.00015436607645824552,-0.0004460341006051749,0.0,1.3,60
712.1093384176493,1781615252.797253,2.6516380310058594,0.00013292327639646828,9.846627235412598,1.0231157830276061e-05,-0.00014961576380301267,-0.0004328004433773458,0.0,1.31,60
712.1193384174258,1781615252.8077662,2.649892807006836,-0.007111242972314358,9.845878601074219,-1.018163857224863e-05,-0.00013984613178763539,-0.00043478500447236,0.0,1.32,60
712.1293384172022,1781615252.81627,2.6467394828796387,-0.005190238356590271,9.84525203704834,-2.4901668439269997e-05,-0.00012542067270260304,-0.0004400861798785627,0.0,1.33,60
712.1393384169787,1781615252.8272984,2.644561767578125,-0.0063315569423139095,9.8446626663208,-3.586538878153078e-05,-0.00010698779078666121,-0.0004466836981009692,0.0,1.34,60
712.1493384167552,1781615252.8352978,2.642263650894165,-0.0013335797702893615,9.844161987304688,1.1472107871668413e-05,-8.513706416124478e-05,-0.00043328083120286465,0.0,1.35,60
712.1593384165317,1781615252.8454657,2.6394577026367188,-0.005531270056962967,9.843656539916992,-7.222635758807883e-06,-6.044507244951092e-05,-0.0004352307296358049,0.0,1.36,60
712.1693384163082,1781615252.8539703,2.6377859115600586,-0.006688718218356371,9.843271255493164,-2.0719458916573785e-05,-3.335887231514789e-05,-0.00044025862007401884,0.0,1.37,60
712.1793384160846,1781615252.8634663,2.634681224822998,-0.005005114711821079,9.842947959899902,-3.0450157282757573e-05,-4.3817044570459984e-06,-0.0004468635015655309,0.0,1.3800000000000001,60
712.1893384158611,1781615252.8746355,2.632892608642578,-0.0003318009548820555,9.842719078063965,1.688541487965267e-05,2.586948721727822e-05,-0.0004335519624873996,0.0,1.3900000000000001,60
712.1993384156376,1781615252.883154,2.6296792030334473,-0.006605291739106178,9.842470169067383,-1.2732255072478438e-06,5.705900912289508e-05,-0.0004350995004642755,0.0,1.4000000000000001,60
712.2093384154141,1781615252.8926685,2.6282284259796143,-0.006702292710542679,9.842336654663086,-1.4427392670768313e-05,8.867999713402241e-05,-0.00043964997166767716,0.0,1.41,60
712.2193384151906,1781615252.9011972,2.625128984451294,-0.005018503870815039,9.842269897460938,-2.3948156012920663e-05,0.00012033350503770635,-0.0004459004267118871,0.0,1.42,60
712.2293384149671,1781615252.91072,2.6233954429626465,-0.006446332670748234,9.842235565185547,-3.115099389106035e-05,0.0001515549374744296,-0.00045256299199536443,0.0,1.43,60
712.2393384147435,1781615252.920692,2.6199684143066406,0.00019373558461666107,9.842265129089355,1.883845470729284e-05,0.0001819746394176036,-0.00043891670065931976,0.0,1.44,60
712.24933841452,1781615252.9362197,2.61867356300354,-0.0070633068680763245,9.842294692993164,2.2540079953614622e-06,0.00021131512767169625,-0.00043996155727654696,0.0,1.45,60
712.2593384142965,1781615252.94612,2.615496873855591,-0.005164467729628086,9.842374801635742,-9.579350262356456e-06,0.0002392459282418713,-0.0004439420881681144,0.0,1.46,60
712.269338414073,1781615252.9561224,2.613452911376953,-0.006348328199237585,9.84253215789795,-1.843339850893244e-05,0.0002656880533322692,-0.0004493379092309624,0.0,1.47,60
712.2793384138495,1781615252.966252,2.6115407943725586,-0.006478860974311829,9.842687606811523,-2.4934119210229255e-05,0.0002902857377193868,-0.0004552622267510742,0.0,1.48,60
712.289338413626,1781615252.9762821,2.608185291290283,0.0012052480597048998,9.842893600463867,2.498841058695689e-05,0.0003128786338493228,-0.00044111532042734325,0.0,1.49,60
712.2993384134024,1781615252.9863286,2.606611728668213,-0.008184012956917286,9.84305191040039,8.710057045391295e-06,0.00033331781742163,-0.00044142501428723335,0.0,1.5,60
712.3093384131789,1781615252.9947813,2.603612184524536,-0.0052519291639328,9.84327507019043,-2.769113052636385e-06,0.00035153396311216056,-0.0004449959669727832,0.0,1.51,60
712.3193384129554,1781615253.0052948,2.6019554138183594,-0.006571035832166672,9.843510627746582,-1.1390577128622681e-05,0.0003675609768833965,-0.00044979382073506713,0.0,1.52,60
712.3293384127319,1781615253.0154352,2.5986218452453613,-0.006026208400726318,9.843751907348633,-1.7889406080939807e-05,0.00038130066241137683,-0.000455293309642002,0.0,1.53,60
712.3393384125084,1781615253.0246341,2.597081422805786,-0.0005205763154663146,9.843992233276367,3.0819188395980746e-05,0.00039267539978027344,-0.00044116354547441006,0.0,1.54,60
712.3493384122849,1781615253.0351408,2.590365171432495,-0.0068475715816020966,9.84521770477295,1.4937820196792018e-05,0.00041683745803311467,-0.0004415999574121088,0.0,1.55,60
712.3593384120613,1781615253.0462372,2.5831387042999268,-0.005217825993895531,9.846230506896973,3.5535449569579214e-06,0.0004526632255874574,-0.00044494567555375397,0.0,1.56,60
712.3693384118378,1781615253.0546765,2.5769922733306885,-0.006546583492308855,9.84683895111084,-5.231413979345234e-06,0.0004968257853761315,-0.00044926287955604494,0.0,1.57,60
712.3793384116143,1781615253.0661912,2.569793224334717,-0.006279793102294207,9.847085952758789,-1.1902640835614875e-05,0.0005463093402795494,-0.0004542267706710845,0.0,1.58,60
712.3893384113908,1781615253.0764866,2.5626943111419678,-0.004888775292783976,9.847078323364258,-1.6905863958527334e-05,0.0005989376804791391,-0.0004593506164383143,0.0,1.59,60
712.3993384111673,1781615253.0860322,2.5560996532440186,-0.0002804376417770982,9.846872329711914,3.268640648457222e-05,0.0006525104981847107,-0.00044430626439861953,0.0,1.6,60
712.4093384109437,1781615253.0960436,2.5498239994049072,-0.008101226761937141,9.846480369567871,1.747404894558713e-05,0.0007055529276840389,-0.0004434917645994574,0.0,1.61,60
712.4193384107202,1781615253.1053793,2.54282546043396,-0.006501555908471346,9.846015930175781,6.591264991584467e-06,0.0007568045402877033,-0.00044566974975168705,0.0,1.62,60
712.4293384104967,1781615253.1159968,2.5363664627075195,-0.00519384304061532,9.845499992370605,-1.4284601093095262e-06,0.00080529460683465,-0.0004493462620303035,0.0,1.6300000000000001,60
712.4393384102732,1781615253.1255057,2.5294642448425293,-0.006187086459249258,9.84498119354248,-7.495014870073646e-06,0.0008503680001012981,-0.0004535761836450547,0.0,1.6400000000000001,60
712.4493384100497,1781615253.1360557,2.5228333473205566,-0.006147164851427078,9.844463348388672,-1.2104729648854118e-05,0.000891569594386965,-0.000457936868770048,0.0,1.6500000000000001,60
712.4593384098262,1781615253.1450636,2.515990972518921,-0.00034151747240684927,9.844017028808594,3.702993126353249e-05,0.0009287372813560069,-0.0004428162064868957,0.0,1.6600000000000001,60
712.4693384096026,1781615253.1560724,2.509507179260254,-0.006747977342456579,9.84355354309082,2.2563981474377215e-05,0.0009617554023861885,-0.0004419165779836476,0.0,1.67,60
712.4793384093791,1781615253.16726,2.502908706665039,-0.006429269909858704,9.843207359313965,1.2098033948859666e-05,0.0009907691273838282,-0.0004437099560163915,0.0,1.68,60
712.4893384091556,1781615253.1772969,2.496706008911133,-0.006464820820838213,9.84290885925293,4.360090770205716e-06,0.0010157681535929441,-0.0004469853884074837,0.0,1.69,60
712.4993384089321,1781615253.1876485,2.4888739585876465,-0.0045968457125127316,9.842703819274902,-1.4959617828935734e-06,0.0010369617957621813,-0.000451049447292462,0.0,1.7,60
712.5093384087086,1781615253.1971548,2.483454704284668,-0.006349278148263693,9.842544555664062,-6.178646799526177e-06,0.0010546486591920257,-0.0004549681907519698,0.0,1.71,60
712.519338408485,1781615253.2061632,2.476321220397949,-0.006065743044018745,9.842466354370117,-9.83990503300447e-06,0.0010690009221434593,-0.0004587079747579992,0.0,1.72,60
712.5293384082615,1781615253.215449,2.47002911567688,-0.0006028251373209059,9.842473030090332,3.935445784009062e-05,0.0010803663171827793,-0.0004432289570104331,0.0,1.73,60
712.539338408038,1781615253.2250066,2.4625651836395264,-0.0064014350064098835,9.842461585998535,2.5639687009970658e-05,0.0010889454279094934,-0.0004418306052684784,0.0,1.74,60
712.5493384078145,1781615253.2345035,2.4564321041107178,-0.006346268579363823,9.842534065246582,1.5613319192198105e-05,0.001095086568966508,-0.00044289021752774715,0.0,1.75,60
712.559338407591,1781615253.2465115,2.449831485748291,-0.006197656504809856,9.842650413513184,8.098373655229807e-06,0.0010990267619490623,-0.00044517737114802003,0.0,1.76,60
712.5693384073675,1781615253.259035,2.443676233291626,-0.006295326165854931,9.842758178710938,2.4306325485667912e-06,0.001100849243812263,-0.00044826403609476984,0.0,1.77,60
712.579338407144,1781615253.2695327,2.4363653659820557,-0.00472834799438715,9.842912673950195,-1.8323770518691163e-06,0.0011009166482836008,-0.00045179182779975235,0.0,1.78,60
712.5893384069204,1781615253.2790544,2.430107593536377,-0.00602169381454587,9.843050003051758,-5.347434125724249e-06,0.0010993143077939749,-0.00045510867494158447,0.0,1.79,60
712.5993384066969,1781615253.2882288,2.4230551719665527,-0.005790799856185913,9.843216896057129,-8.061332664510701e-06,0.0010962551459670067,-0.0004581898683682084,0.0,1.8,60
712.6093384064734,1781615253.298394,2.417424440383911,-0.006229790858924389,9.843345642089844,-9.975625289371237e-06,0.0010919056367129087,-0.00046095854486338794,0.0,1.81,60
712.6193384062499,1781615253.3078957,2.4106576442718506,-0.000574478239286691,9.84352970123291,3.996999657829292e-05,0.0010864309733733535,-0.00044461252400651574,0.0,1.82,60
712.6293384060264,1781615253.3173933,-0.5800244808197021,-0.012820583768188953,10.603927612304688,2.697868512768764e-05,0.012222329154610634,-0.00035347306402400136,0.0,1.83,60
712.6393384058028,1781615253.326451,-0.5474010705947876,0.002685077954083681,10.306459426879883,9.366920130560175e-05,0.020930180326104164,-0.0003545335785020143,0.0,1.84,60
712.6493384055793,1781615253.336292,-0.5191106796264648,-0.011824184097349644,10.051916122436523,9.060731099452823e-05,0.027458863332867622,-0.0002789177524391562,0.0,1.85,60
712.6593384053558,1781615253.3452952,-0.49517861008644104,0.0023172919172793627,9.84260368347168,0.00015204744704533368,0.03207717463374138,-0.00027934685931541026,0.0,1.86,60
712.6693384051323,1781615253.3554745,-0.4764729142189026,0.0032193739898502827,9.678056716918945,0.00020639784634113312,0.0350586362183094,-0.00027954537654295564,0.0,1.87,60
712.6793384049088,1781615253.3637621,-0.460234135389328,-0.010759488679468632,9.556047439575195,0.00019562772649805993,0.03666981682181358,-0.00020882771059405059,0.0,1.8800000000000001,60
712.6893384046853,1781615253.373268,-0.4494898319244385,0.0034392562229186296,9.4730806350708,0.00024446300812996924,0.03716100752353668,-0.00020863865211140364,0.0,1.8900000000000001,60
712.6993384044617,1781615253.3827722,-0.4402284026145935,0.001411406439729035,9.424537658691406,0.0002863795089069754,0.03676087036728859,-0.00020833338203374296,0.0,1.9000000000000001,60
712.7093384042382,1781615253.3922906,-0.43583840131759644,0.0026127395685762167,9.405524253845215,0.0003213861200492829,0.035672690719366074,-0.00020794467127416283,0.0,1.9100000000000001,60
712.7193384040147,1781615253.401794,-0.43256881833076477,-0.00928555242717266,9.4107027053833,0.0002950324851553887,0.03407270088791847,-0.00014114069927018136,0.0,1.92,60
712.7293384037912,1781615253.4113019,-0.4315648376941681,0.003076733322814107,9.43519115447998,0.00032468512654304504,0.03211018070578575,-0.00014061709225643426,0.0,1.93,60
712.7393384035677,1781615253.4213207,-0.43306297063827515,0.0032858026679605246,9.47398853302002,0.0003478189173620194,0.02990860678255558,-0.00014008310972712934,0.0,1.94,60
712.7493384033442,1781615253.4304197,-0.4340420365333557,0.0015127756632864475,9.522762298583984,0.0003645175020210445,0.02756747230887413,-0.00013955631584394723,0.0,1.95,60
712.7593384031206,1781615253.4446776,-0.43645042181015015,0.0024550254456698895,9.577610969543457,0.0003749322786461562,0.025164926424622536,-0.0001390506513416767,0.0,1.96,60
712.7693384028971,1781615253.4541836,-0.44117292761802673,0.003021834883838892,9.635183334350586,0.0003794054500758648,0.022760311141610146,-0.0001385758660035208,0.0,1.97,60
712.7793384026736,1781615253.4654813,-0.4434231221675873,0.0012276559136807919,9.692636489868164,0.0003781605919357389,0.020397178828716278,-0.00013813975965604186,0.0,1.98,60
712.7893384024501,1781615253.4760978,-0.4474656879901886,0.002505440730601549,9.747835159301758,0.0003714559134095907,0.01810610108077526,-0.00013774776016362011,0.0,1.99,60
712.7993384022266,1781615253.4861004,-0.4514840543270111,-0.01000598818063736,9.798980712890625,0.0003043321194127202,0.015907248482108116,-6.991967529756948e-05,0.0,2.0,60
712.809338402003,1781615253.4954565,-0.4541047513484955,0.002431035740301013,9.844969749450684,0.0002966776955872774,0.013812734745442867,-6.956169818295166e-05,0.0,2.0100000000000002,60
712.8193384017795,1781615253.503917,-0.458282470703125,0.0028849132359027863,9.884916305541992,0.0002850671880878508,0.011828792281448841,-6.924913031980395e-05,0.0,2.02,60
712.829338401556,1781615253.513445,-0.4608382284641266,0.00275963987223804,9.918415069580078,0.0002698103489819914,0.009957527741789818,-6.89811713527888e-05,0.0,2.0300000000000002,60
712.8393384013325,1781615253.5224574,-0.46393537521362305,0.002978592412546277,9.945283889770508,0.0002513864601496607,0.008198315277695656,-6.875536200823262e-05,0.0,2.04,60
712.849338401109,1781615253.5319717,-0.46510276198387146,0.001346529577858746,9.965787887573242,0.00023025782138574868,0.006549119018018246,-6.856875552330166e-05,0.0,2.05,60
712.8593384008855,1781615253.5424912,-0.46786990761756897,0.0028730141930282116,9.980124473571777,0.00020680524175986648,0.005007006693631411,-6.841876893304288e-05,0.0,2.06,60
712.869338400662,1781615253.55302,-0.46973374485969543,0.0018569238018244505,9.988760948181152,0.00018158923194278032,0.0035691391676664352,-6.830138590885326e-05,0.0,2.07,60
712.8793384004384,1781615253.562086,-0.47081342339515686,0.0017025754787027836,9.992277145385742,0.00015510730736423284,0.0022327464539557695,-6.821293209213763e-05,0.0,2.08,60
712.8893384002149,1781615253.571592,-0.4720979928970337,0.0041564288549125195,9.991299629211426,0.00012787425657734275,0.000995859270915389,-6.814969674451277e-05,0.0,2.09,60
712.8993383999914,1781615253.5821128,-0.465955525636673,0.00685413321480155,9.98642349243164,0.00010027480311691761,-0.00014304193609859794,-6.810895138187334e-05,0.0,2.1,60
712.9093383997679,1781615253.5916271,-0.4881807267665863,-0.008115481585264206,9.978306770324707,7.281528814928606e-05,-0.001184874097816646,-6.80870798532851e-05,0.0,2.11,60
712.9193383995444,1781615253.6001558,-0.4675012230873108,0.007014800328761339,9.967611312866211,4.584882117342204e-05,-0.0021300746593624353,-6.808166654082015e-05,0.0,2.12,60
712.9293383993208,1781615253.6104584,-0.47497379779815674,0.0031617642380297184,9.954833030700684,1.984418304346036e-05,-0.002978820586577058,-6.808945181546733e-05,0.0,2.13,60
712.9393383990973,1781615253.6194668,-0.47511449456214905,0.0018898309208452702,9.940591812133789,-4.8156684897548985e-06,-0.0037312498316168785,-6.810772174503654e-05,0.0,2.14,60
712.9493383988738,1781615253.629626,-0.4763081669807434,0.003547504311427474,9.9253511428833,-2.7897087420569733e-05,-0.0043874927796423435,-6.813488289481029e-05,0.0,2.15,60
712.9593383986503,1781615253.63714,-0.4757928252220154,0.0021143797785043716,9.909518241882324,-4.902040018350817e-05,-0.004947880282998085,-6.816816312493756e-05,0.0,2.16,60
712.9693383984268,1781615253.6461396,-0.4765934646129608,0.002414864953607321,9.893513679504395,-6.813220534240827e-05,-0.005413136910647154,-6.820707494625822e-05,0.0,2.17,60
712.9793383982033,1781615253.6543322,1.886210560798645,0.008496674709022045,9.292182922363281,-8.354574674740434e-05,-0.014538361690938473,-0.0001384672214044258,0.0,2.18,60
712.9893383979797,1781615253.6638365,1.8612613677978516,-0.004960957448929548,9.508466720581055,-0.00015817744133528322,-0.021686548367142677,-0.00013701054558623582,0.0,2.19,60
712.9993383977562,1781615253.673342,1.83930504322052,0.008237436413764954,9.69207763671875,-0.00016446116205770522,-0.02705143392086029,-0.00020798367040697485,0.0,2.2,60
713.0093383975327,1781615253.681777,1.8209644556045532,-0.007726109120994806,9.841364860534668,-0.00024078939168248326,-0.030843498185276985,-0.00019392746617086232,0.0,2.21,60
713.0193383973092,1781615253.6922808,1.805323600769043,-0.002840963192284107,9.956742286682129,-0.0002956640091724694,-0.033278293907642365,-0.0001932461600517854,0.0,2.22,60
713.0293383970857,1781615253.7017949,1.7953438758850098,-0.0058153653517365456,10.039999961853027,-0.0003362632414791733,-0.034566693007946014,-0.0001994013146031648,0.0,2.23,60
713.0393383968621,1781615253.7113254,1.7848495244979858,0.010297294706106186,10.093992233276367,-0.0003152293502353132,-0.03490808978676796,-0.0002712613495532423,0.0,2.24,60
713.0493383966386,1781615253.720569,1.7790725231170654,-0.007948272861540318,10.122176170349121,-0.00036593605182133615,-0.034485626965761185,-0.00025634770281612873,0.0,2.25,60
713.0593383964151,1781615253.729109,1.7745306491851807,-0.004006542265415192,10.128558158874512,-0.000397624506149441,-0.033463336527347565,-0.0002525011368561536,0.0,2.2600000000000002,60
713.0693383961916,1781615253.740282,1.7721158266067505,-0.004406156484037638,10.117080688476562,-0.0004162672848906368,-0.0319850780069828,-0.00025447114603593946,0.0,2.27,60
713.0793383959681,1781615253.7493572,1.771461844444275,-0.0041160620748996735,10.091728210449219,-0.0004251493082847446,-0.030173825100064278,-0.00025950823328457773,0.0,2.2800000000000002,60
713.0893383957446,1781615253.758393,1.7707926034927368,-0.0023396771866828203,10.056190490722656,-0.0004263105511199683,-0.028132909908890724,-0.0002661552280187607,0.0,2.29,60
713.099338395521,1781615253.7685368,1.7725201845169067,-0.003777875564992428,10.01385498046875,-0.00042146266787312925,-0.025947168469429016,-0.0002731405838858336,0.0,2.3000000000000003,60
713.1093383952975,1781615253.7780604,1.7739174365997314,-0.002504840027540922,9.96774959564209,-0.00041129026794806123,-0.023684656247496605,-0.0002801003574859351,0.0,2.31,60
713.119338395074,1781615253.789238,1.776206135749817,-0.0038943409454077482,9.920412063598633,-0.00039683369686827064,-0.02139882743358612,-0.00028662371914833784,0.0,2.32,60
713.1293383948505,1781615253.7996776,1.777716040611267,-0.002433494199067354,9.873915672302246,-0.00037844525650143623,-0.01913071982562542,-0.00029269998776726425,0.0,2.33,60
713.139338394627,1781615253.8091927,1.7805579900741577,-0.0028150533325970173,9.829968452453613,-0.0003570087719708681,-0.016910787671804428,-0.0002979565178975463,0.0,2.34,60
713.1493383944035,1781615253.8185482,1.7827541828155518,-0.004043991677463055,9.789837837219238,-0.0003329584142193198,-0.01476107444614172,-0.0003024046018254012,0.0,2.35,60
713.1593383941799,1781615253.8281927,1.7847422361373901,-0.0029107630252838135,9.754423141479492,-0.0003065221826545894,-0.012696792371571064,-0.00030627797241322696,0.0,2.36,60
713.1693383939564,1781615253.8382432,1.7876768112182617,-0.004591398406773806,9.724262237548828,-0.00027826573932543397,-0.010728150606155396,-0.0003094699641223997,0.0,2.37,60
713.1793383937329,1781615253.8475564,1.788332223892212,-0.002908851020038128,9.699612617492676,-0.0002485040749888867,-0.008861741051077843,-0.00031228558509610593,0.0,2.38,60
713.1893383935094,1781615253.857055,1.7912383079528809,-0.004811560735106468,9.680541038513184,-0.00021767673024442047,-0.007101209368556738,-0.0003145288210362196,0.0,2.39,60
713.1993383932859,1781615253.86732,1.7916054725646973,-0.0031671777833253145,9.666893005371094,-0.00018619874026626348,-0.005448418669402599,-0.0003165550879202783,0.0,2.4,60
713.2093383930624,1781615253.877524,1.7936564683914185,-0.004793013911694288,9.658349990844727,-0.00015450593491550535,-0.003904202254489064,-0.0003181752690579742,0.0,2.41,60
713.2193383928388,1781615253.8860264,1.7943217754364014,-0.003547319211065769,9.654524803161621,-0.0001229510671691969,-0.0024686544202268124,-0.00031970461714081466,0.0,2.42,60
713.2293383926153,1781615253.8960292,1.795235276222229,-0.003635492641478777,9.654874801635742,-9.200580097967759e-05,-0.0011416528141126037,-0.00032093471963889897,0.0,2.43,60
713.2393383923918,1781615253.906055,1.795477271080017,-0.0035428223200142384,9.658947944641113,-6.192777800606564e-05,7.731305959168822e-05,-0.0003219296922907233,0.0,2.44,60
713.2493383921683,1781615253.9140701,1.796694040298462,-0.005152811761945486,9.666146278381348,-3.321197800687514e-05,0.0011885476997122169,-0.00032268385984934866,0.0,2.45,60
713.2593383919448,1781615253.9237359,1.796069622039795,-0.0024135459680110216,9.67593765258789,-5.754448920924915e-06,0.002192507730796933,-0.00032359588658437133,0.0,2.46,60
713.2693383917212,1781615253.9332526,1.797347068786621,-0.005315604154020548,9.68777847290039,1.963948307093233e-05,0.003089768346399069,-0.0003241277881897986,0.0,2.47,60
713.2793383914977,1781615253.9437668,1.7974421977996826,-0.005347889848053455,9.701156616210938,4.314011675887741e-05,0.0038808537647128105,-0.0003247549175284803,0.0,2.48,60
713.2893383912742,1781615253.9542868,1.7959115505218506,-0.002338921884074807,9.715675354003906,6.485862104455009e-05,0.004566853865981102,-0.00032578298123553395,0.0,2.49,60
713.2993383910507,1781615253.9647913,1.7978546619415283,-0.005686472170054913,9.730818748474121,8.409766451222822e-05,0.0051491037011146545,-0.0003265553095843643,0.0,2.5,60
713.3093383908272,1781615253.9723222,1.7959556579589844,-0.0037876146379858255,9.746341705322266,0.00010117131751030684,0.00562942773103714,-0.0003277554642409086,0.0,2.5100000000000002,60
713.3193383906037,1781615253.9838378,1.7959365844726562,-0.0027432714123278856,9.761805534362793,0.00011592111695790663,0.006010126788169146,-0.000329168135067448,0.0,2.52,60
713.3293383903801,1781615253.995344,1.7967708110809326,-0.004552717786282301,9.776976585388184,0.000127795894513838,0.006294017191976309,-0.00033035740489140153,0.0,2.5300000000000002,60
713.3393383901566,1781615254.007357,1.7952889204025269,-0.00523634348064661,9.79166030883789,0.0001370947138639167,0.006484793033450842,-0.00033146588248200715,0.0,2.54,60
713.3493383899331,1781615254.0190463,1.7950383424758911,-0.004232157953083515,9.805610656738281,0.0001442654465790838,0.006586658302694559,-0.00033300460199825466,0.0,2.5500000000000003,60
713.3593383897096,1781615254.026552,1.7944661378860474,-0.004249889869242907,9.818710327148438,0.00014924697461538017,0.006604426074773073,-0.00033491768408566713,0.0,2.56,60
713.3693383894861,1781615254.0360553,1.793579339981079,-0.002913760719820857,9.830842018127441,0.0001520704390713945,0.0065436046570539474,-0.00033706024987623096,0.0,2.57,60
713.3793383892626,1781615254.0460582,1.7932814359664917,-0.004351048730313778,9.841917037963867,0.00015246975817717612,0.0064101023599505424,-0.0003390659694559872,0.0,2.58,60
713.389338389039,1781615254.0576081,1.792559266090393,-0.004344121553003788,9.851903915405273,0.0001508035056758672,0.006210526451468468,-0.00034107425017282367,0.0,2.59,60
713.3993383888155,1781615254.067106,1.7922359704971313,-0.004606066737323999,9.860755920410156,0.00014725457003805786,0.005951732397079468,-0.00034319452242925763,0.0,2.6,60
713.409338388592,1781615254.0766098,1.7902969121932983,-0.002887576352804899,9.868457794189453,0.000142162898555398,0.005640808958560228,-0.00034561354550532997,0.0,2.61,60
713.4193383883685,1781615254.0846107,1.7901805639266968,-0.004486197140067816,9.875021934509277,0.00013547581329476088,0.005285182967782021,-0.00034789880737662315,0.0,2.62,60
713.429338388145,1781615254.0941179,1.7892576456069946,-0.004506716039031744,9.88049602508545,0.00012759103265125304,0.004892269615083933,-0.0003501997562125325,0.0,2.63,60
713.4393383879215,1781615254.1071563,1.788797378540039,-0.004696488846093416,9.88489055633545,0.00011855203047161922,0.004469583742320538,-0.000352551753167063,0.0,2.64,60
713.4493383876979,1781615254.117213,1.7860980033874512,-0.002738203853368759,9.888261795043945,0.00010888833639910445,0.004024344030767679,-0.00035509682493284345,0.0,2.65,60
713.4593383874744,1781615254.1274922,1.7867835760116577,-0.004763217642903328,9.890666961669922,9.832732757786289e-05,0.0035638592671602964,-0.0003574175643734634,0.0,2.66,60
713.4693383872509,1781615254.1354916,1.7849740982055664,-0.003231742652133107,9.8921480178833,8.72279197210446e-05,0.003094856394454837,-0.000359738856786862,0.0,2.67,60
713.4793383870274,1781615254.149184,1.7843724489212036,-0.005823142360895872,9.892803192138672,7.566269050585106e-05,0.0026238744612783194,-0.0003617219626903534,0.0,2.68,60
713.4893383868039,1781615254.1576881,1.7819123268127441,-0.0016952614532783628,9.892696380615234,6.42960803816095e-05,0.0021570445969700813,-0.00036391717731021345,0.0,2.69,60
713.4993383865803,1781615254.1672022,1.7826553583145142,-0.00607012864202261,9.891843795776367,5.245912689133547e-05,0.0016998974606394768,-0.0003656742046587169,0.0,2.7,60
713.5093383863568,1781615254.1773427,1.779984474182129,-0.003007765393704176,9.890429496765137,4.110440204385668e-05,0.0012575082946568727,-0.0003675042244140059,0.0,2.71,60
713.5193383861333,1781615254.1868453,1.7796317338943481,-0.004557123873382807,9.888399124145508,3.000086326210294e-05,0.0008343575173057616,-0.0003690268495120108,0.0,2.72,60
713.5293383859098,1781615254.19736,1.7783974409103394,-0.004488920792937279,9.885930061340332,1.94182666746201e-05,0.00043442522292025387,-0.00037042793701402843,0.0,2.73,60
713.5393383856863,1781615254.2068644,1.7764893770217896,-0.002994706854224205,9.88301944732666,9.400715498486534e-06,6.09574890404474e-05,-0.00037179485661908984,0.0,2.74,60
713.5493383854628,1781615254.21738,1.776902198791504,-0.006059771403670311,9.879776000976562,-5.832388438875569e-08,-0.0002832727041095495,-0.0003727687580976635,0.0,2.75,60
713.5593383852392,1781615254.2263958,1.774132251739502,-0.0029478659853339195,9.876264572143555,-8.581539077567868e-06,-0.0005961802671663463,-0.00037384795723482966,0.0,2.7600000000000002,60
713.5693383850157,1781615254.2354064,1.7742722034454346,-0.004715053830295801,9.872557640075684,-1.638000139791984e-05,-0.0008761020144447684,-0.0003746611764654517,0.0,2.77,60
713.5793383847922,1781615254.2480438,1.7721095085144043,-0.00424278574064374,9.868691444396973,-2.3252778191817924e-05,-0.0011220610467717052,-0.0003753123164642602,0.0,2.7800000000000002,60
713.5893383845687,1781615254.2581077,1.771225094795227,-0.003145631169900298,9.864752769470215,-2.922876774391625e-05,-0.00133357266895473,-0.00037590262945741415,0.0,2.79,60
713.5993383843452,1781615254.2681766,1.7706211805343628,-0.0057678138837218285,9.860777854919434,-3.462320819380693e-05,-0.0015105961356312037,-0.00037594654713757336,0.0,2.8000000000000003,60
713.6093383841217,1781615254.277263,1.7692763805389404,-0.004451995715498924,9.85682201385498,-3.8849935663165525e-05,-0.0016535782488062978,-0.00037606360274367034,0.0,2.81,60
713.6193383838981,1781615254.2862709,1.768338680267334,-0.003309807740151882,9.852948188781738,-4.213328429614194e-05,-0.001763424719683826,-0.0003761659609153867,0.0,2.82,60
713.6293383836746,1781615254.2953904,1.7669628858566284,-0.005535466596484184,9.849149703979492,-4.4624695874517784e-05,-0.0018412735080346465,-0.0003760274557862431,0.0,2.83,60
713.6393383834511,1781615254.3035746,1.7657763957977295,-0.003059344831854105,9.845541000366211,-4.613666533259675e-05,-0.0018885981990024447,-0.000375819654436782,0.0,2.84,60
713.6493383832276,1781615254.3130887,1.7653875350952148,-0.005735900718718767,9.842084884643555,-4.699042619904503e-05,-0.0019072671420872211,-0.0003754246572498232,0.0,2.85,60
713.6593383830041,1781615254.3240418,1.763275384902954,-0.0028671063482761383,9.838846206665039,-4.6946453949203715e-05,-0.0018993658013641834,-0.00037501301267184317,0.0,2.86,60
713.6693383827806,1781615254.3335476,1.7637885808944702,-0.005902045872062445,9.835843086242676,-4.646117668016814e-05,-0.0018669504206627607,-0.00037421751767396927,0.0,2.87,60
713.679338382557,1781615254.34306,1.7624093294143677,-0.005678115412592888,9.833086013793945,-4.51793493994046e-05,-0.0018124947091564536,-0.00037359356065280735,0.0,2.88,60
713.6893383823335,1781615254.3535755,1.7605397701263428,-0.0017395894974470139,9.830594062805176,-4.2966163164237514e-05,-0.0017384656239300966,-0.0003732787154149264,0.0,2.89,60
713.69933838211,1781615254.3630958,1.760459303855896,-0.005677683278918266,9.828365325927734,-4.0602360968478024e-05,-0.0016473103314638138,-0.0003725116839632392,0.0,2.9,60
713.7093383818865,1781615254.3736103,1.758731484413147,-0.004113034810870886,9.826451301574707,-3.7751593481516466e-05,-0.001541392644867301,-0.00037175719626247883,0.0,2.91,60
713.719338381663,1781615254.3872368,1.7588671445846558,-0.0045709144324064255,9.824790954589844,-3.468831710051745e-05,-0.0014234445989131927,-0.000370776659110561,0.0,2.92,60
713.7293383814394,1781615254.3967407,1.7579376697540283,-0.004567169118672609,9.823409080505371,-3.1297557143261656e-05,-0.0012958701699972153,-0.00036973643000237644,0.0,2.93,60
713.7393383812159,1781615254.4102585,1.7560722827911377,-0.004126423038542271,9.822315216064453,-2.7681982828653418e-05,-0.0011610749643296003,-0.0003688121505547315,0.0,2.94,60
713.7493383809924,1781615254.4177005,1.7559258937835693,-0.005671448074281216,9.82149600982666,-2.391480484220665e-05,-0.0010213134810328484,-0.0003676970663946122,0.0,2.95,60
713.7593383807689,1781615254.4294505,1.7547669410705566,-0.00429312651976943,9.820898056030273,-1.9860932297888212e-05,-0.0008787924307398498,-0.0003667732235044241,0.0,2.96,60
713.7693383805454,1781615254.435443,1.7536967992782593,-0.0030570412054657936,9.820570945739746,-1.5659630662412383e-05,-0.0007355030393227935,-0.00036600432940758765,0.0,2.97,60
713.7793383803219,1781615254.446019,1.753419280052185,-0.005666387267410755,9.820481300354004,-1.1787534276663791e-05,-0.0005932702915742993,-0.00036494017695076764,0.0,2.98,60
713.7893383800983,1781615254.456022,1.7522509098052979,-0.004339946899563074,9.820590019226074,-7.919697964098305e-06,-0.00045387994032353163,-0.00036406898288987577,0.0,2.99,60
713.7993383798748,1781615254.4641502,1.7516651153564453,-0.005663813091814518,9.820898056030273,-4.192935648461571e-06,-0.00031890106038190424,-0.00036324470420368016,0.0,3.0,60
713.8093383796513,1781615254.4736545,1.7502408027648926,-0.002994889160618186,9.821361541748047,-3.61746486987613e-07,-0.00018968120275530964,-0.0003628139093052596,0.0,3.0100000000000002,60
713.8193383794278,1781615254.4861598,1.7499746084213257,-0.005611865781247616,9.821990966796875,3.0713476917298976e-06,-6.740776007063687e-05,-0.00036215558066032827,0.0,3.02,60
713.8293383792043,1781615254.4953232,1.748551845550537,-0.003014653455466032,9.822463035583496,4.42152850155253e-06,4.495538814808242e-05,-0.0003610960266087204,0.0,3.0300000000000002,60
713.8393383789808,1781615254.5034766,1.7479305267333984,-0.004321026150137186,9.823723793029785,7.722994268988259e-06,0.00015110780077520758,-0.00036064302548766136,0.0,3.04,60
713.8493383787572,1781615254.5127866,1.747820496559143,-0.005887400358915329,9.82466983795166,1.0577906323305797e-05,0.00024781966931186616,-0.00035997803206555545,0.0,3.0500000000000003,60
713.8593383785337,1781615254.5228078,1.7456997632980347,-0.004116381984204054,9.825742721557617,1.3331676200323272e-05,0.0003346827579662204,-0.00035954578197561204,0.0,3.06,60
713.8693383783102,1781615254.5303342,1.745319128036499,-0.004319130443036556,9.826817512512207,1.572608744027093e-05,0.00041130598401650786,-0.000359127763658762,0.0,3.0700000000000003,60
713.8793383780867,1781615254.5394132,1.7444305419921875,-0.004339058883488178,9.827937126159668,1.783355764928274e-05,0.0004774958360940218,-0.00035886417026631534,0.0,3.08,60
713.8893383778632,1781615254.5494883,1.7435625791549683,-0.004312898963689804,9.829090118408203,1.9539344066288322e-05,0.0005333523149602115,-0.0003585816884879023,0.0,3.09,60
713.8993383776397,1781615254.5600069,1.7423713207244873,-0.003027992555871606,9.830245018005371,2.0891315216431394e-05,0.0005788865964859724,-0.0003582640492822975,0.0,3.1,60
713.9093383774161,1781615254.5690973,1.7425193786621094,-0.005907483398914337,9.831371307373047,2.1644566004397348e-05,0.0006144485669210553,-0.0003576072340365499,0.0,3.11,60
713.9193383771926,1781615254.5786047,1.7406595945358276,-0.003095223568379879,9.83250904083252,2.228161429229658e-05,0.000640346494037658,-0.00035716642742045224,0.0,3.12,60
713.9293383769691,1781615254.5871108,1.739475965499878,-0.004138990771025419,9.833573341369629,2.236438922409434e-05,0.000656982883810997,-0.00035643792944028974,0.0,3.13,60
713.9393383767456,1781615254.6012802,1.7398695945739746,-0.005995524115860462,9.834588050842285,2.207424222433474e-05,0.0006649091374129057,-0.00035561443655751646,0.0,3.14,60
713.9493383765221,1781615254.608377,1.7377245426177979,-0.004172642249614,9.835579872131348,2.1868832845939323e-05,0.0006647876580245793,-0.00035505727282725275,0.0,3.15,60
713.9593383762985,1781615254.6188877,1.7372606992721558,-0.004418650176376104,9.836456298828125,2.1644842490786687e-05,0.0006571928388439119,-0.00035461876541376114,0.0,3.16,60
713.969338376075,1781615254.6316178,1.7362010478973389,-0.004389210604131222,9.837318420410156,2.120584213116672e-05,0.000642916071228683,-0.00035419061896391213,0.0,3.17,60
713.9793383758515,1781615254.6411462,1.7357505559921265,-0.0045766630209982395,9.838047981262207,2.0523255443549715e-05,0.0006225320976227522,-0.00035375228617340326,0.0,3.18,60
713.989338375628,1781615254.6506596,1.7341351509094238,-0.005443429574370384,9.838754653930664,1.9762923329835758e-05,0.0005969686317257583,-0.0003534126444719732,0.0,3.19,60
713.9993383754045,1781615254.6621957,1.7330641746520996,-0.0030440520495176315,9.839339256286621,1.9205650460207835e-05,0.00056681246496737,-0.00035342591581866145,0.0,3.2,60
714.009338375181,1781615254.6733682,1.7324144840240479,-0.004353413823992014,9.839839935302734,1.83474512596149e-05,0.0005328982369974256,-0.0003533302224241197,0.0,3.21,60
714.0193383749574,1781615254.6818736,1.731440544128418,-0.0043606823310256,9.840276718139648,1.7374151866533794e-05,0.000495931482873857,-0.000353095616446808,0.0,3.22,60
714.0293383747339,1781615254.6924005,1.7307583093643188,-0.0056729502975940704,9.840588569641113,1.6210420653806068e-05,0.0004565248382277787,-0.0003528565866872668,0.0,3.23,60
714.0393383745104,1781615254.7026114,1.729196310043335,-0.003043320495635271,9.840866088867188,1.530212102807127e-05,0.0004154790367465466,-0.00035294899134896696,0.0,3.24,60
714.0493383742869,1781615254.711137,1.728530764579773,-0.004347264301031828,9.841045379638672,1.4331592865346465e-05,0.0003735037462320179,-0.00035293155815452337,0.0,3.25,60
714.0593383740634,1781615254.7202134,1.7275453805923462,-0.004358831327408552,9.841160774230957,1.3073985428491142e-05,0.0003310697211418301,-0.00035270865191705525,0.0,3.2600000000000002,60
714.0693383738399,1781615254.7304974,1.7265580892562866,-0.004361642058938742,9.841203689575195,1.1804398127424065e-05,0.0002888839226216078,-0.000352489878423512,0.0,3.27,60
714.0793383736163,1781615254.7450156,1.7255700826644897,-0.004370931535959244,9.841174125671387,1.051469735102728e-05,0.0002473584609106183,-0.0003522232873365283,0.0,3.2800000000000002,60
714.0893383733928,1781615254.7502363,1.7245820760726929,-0.004379552323371172,9.841078758239746,9.322502592112869e-06,0.00020695957937277853,-0.00035195122472941875,0.0,3.29,60
714.0993383731693,1781615254.75975,1.7235901355743408,-0.004387408960610628,9.840954780578613,8.178335519914981e-06,0.00016823979967739433,-0.00035162625135853887,0.0,3.3000000000000003,60
714.1093383729458,1781615254.7682781,1.7223105430603027,-0.0030925157479941845,9.840751647949219,7.156772426242242e-06,0.00013136609049979597,-0.0003512954863253981,0.0,3.31,60
714.1193383727223,1781615254.7783642,1.7214571237564087,-0.005470672622323036,9.840503692626953,5.844296083523659e-06,9.67042869888246e-05,-0.00035058922367170453,0.0,3.3200000000000003,60
714.1293383724988,1781615254.7906733,1.7210936546325684,-0.0046309782192111015,9.84026050567627,4.742458713735687e-06,6.473189569078386e-05,-0.0003498946316540241,0.0,3.33,60
714.1393383722752,1781615254.7991893,1.7199485301971436,-0.005666124168783426,9.839957237243652,3.7784320738865063e-06,3.540792749845423e-05,-0.0003493072581477463,0.0,3.34,60
714.1493383720517,1781615254.8086934,1.7179081439971924,-0.002815327839925885,9.839628219604492,3.2735022159613436e-06,8.835160770104267e-06,-0.0003491372335702181,0.0,3.35,60
714.1593383718282,1781615254.8244379,1.718476414680481,-0.005870790686458349,9.839269638061523,2.683386810531374e-06,-1.4728317182743922e-05,-0.0003487408976070583,0.0,3.36,60
714.1693383716047,1781615254.8349416,1.715935230255127,-0.0028365894686430693,9.838945388793945,2.5397021090611815e-06,-3.519669917295687e-05,-0.0003486850473564118,0.0,3.37,60
714.1793383713812,1781615254.8444467,1.7163959741592407,-0.005841495469212532,9.838573455810547,2.2253459519561147e-06,-5.259242243482731e-05,-0.00034839747240766883,0.0,3.38,60
714.1893383711576,1781615254.8539708,1.7138854265213013,-0.0027615108992904425,9.838224411010742,2.134118403773755e-06,-6.69338769512251e-05,-0.00034834377584047616,0.0,3.39,60
714.1993383709341,1781615254.8644814,1.71444833278656,-0.005912781227380037,9.838072776794434,-2.0066975139343413e-06,-7.970933802425861e-05,-0.0003480629820842296,0.0,3.4,60
714.2093383707106,1781615254.8765125,1.7122200727462769,-0.004059136379510164,9.837467193603516,-1.2583349189299042e-06,-8.813768363324925e-05,-0.0003480639134068042,0.0,3.41,60
714.2193383704871,1781615254.8860168,1.7114500999450684,-0.0029678347054868937,9.837142944335938,-5.24809706803353e-07,-9.377006063004956e-05,-0.0003481058811303228,0.0,3.42,60
714.2293383702636,1781615254.8950193,1.7112414836883545,-0.004536633379757404,9.836796760559082,-2.654126340928542e-08,-9.675670298747718e-05,-0.00034782502916641533,0.0,3.43,60
714.2393383700401,1781615254.9052083,1.709322452545166,-0.004092024173587561,9.836502075195312,3.670745343242743e-07,-9.727100405143574e-05,-0.0003474094846751541,0.0,3.44,60
714.2493383698165,1781615254.913354,1.7095900774002075,-0.005852119065821171,9.836188316345215,6.100877385506465e-07,-9.55537470872514e-05,-0.00034676960785873234,0.0,3.45,60
714.259338369593,1781615254.923374,1.7070916891098022,-0.0027688846457749605,9.835942268371582,1.1508753914313274e-06,-9.177790343528613e-05,-0.00034642519312910736,0.0,3.46,60
714.2693383693695,1781615254.9318871,1.7076544761657715,-0.0058733150362968445,9.835671424865723,1.4854819028187194e-06,-8.613208774477243e-05,-0.000345833832398057,0.0,3.47,60
714.279338369146,1781615254.9414022,1.7054531574249268,-0.004093509633094072,9.835453033447266,2.065791704808362e-06,-7.888689287938178e-05,-0.0003455155238043517,0.0,3.48,60
714.2893383689225,1781615254.9505794,1.7046709060668945,-0.0030351360328495502,9.8352632522583,2.677228849279345e-06,-7.016626477707177e-05,-0.000345280539477244,0.0,3.49,60
714.299338368699,1781615254.961104,1.704790711402893,-0.005859673488885164,9.835076332092285,3.0597987006331095e-06,-6.024990216246806e-05,-0.00034479619353078306,0.0,3.5,60
714.3093383684754,1781615254.9702685,1.7025927305221558,-0.004079186357557774,9.834935188293457,3.591981567296898e-06,-4.9401372962165624e-05,-0.000344415515428409,0.0,3.5100000000000002,60
714.3193383682519,1781615254.9807816,1.7021082639694214,-0.004321865271776915,9.834794044494629,4.1144694478134625e-06,-3.785095759667456e-05,-0.0003441710723564029,0.0,3.52,60
714.3293383680284,1781615254.9903,1.700746774673462,-0.002984609454870224,9.834714889526367,4.651031304092612e-06,-2.5693521820358e-05,-0.00034391318331472576,0.0,3.5300000000000002,60
714.3393383678049,1781615254.9998052,1.7008479833602905,-0.005858147516846657,9.834607124328613,4.824623374588555e-06,-1.323225751548307e-05,-0.0003433352685533464,0.0,3.54,60
714.3493383675814,1781615255.00932,1.6986520290374756,-0.004078899044543505,9.834568977355957,5.125897132529644e-06,-5.789072474726709e-07,-0.00034293706994503736,0.0,3.5500000000000003,60
714.3593383673579,1781615255.0184,1.6979042291641235,-0.00296914204955101,9.83454418182373,5.416908607003279e-06,1.2051540579705033e-05,-0.00034255103673785925,0.0,3.56,60
714.3693383671343,1781615255.0274096,1.6975308656692505,-0.005620927549898624,9.834521293640137,5.444699127110653e-06,2.4524095351807773e-05,-0.0003417700936552137,0.0,3.5700000000000003,60
714.3793383669108,1781615255.0364172,1.696732759475708,-0.004557804670184851,9.834527015686035,5.628085546049988e-06,3.669667421490885e-05,-0.0003411564975976944,0.0,3.58,60
714.3893383666873,1781615255.0454998,1.6945672035217285,-0.002772327046841383,9.834552764892578,5.825497737532714e-06,4.8436613724334165e-05,-0.0003407146723475307,0.0,3.59,60
714.3993383664638,1781615255.0550044,1.6951391696929932,-0.005874993745237589,9.834589004516602,5.866314495506231e-06,5.959074405836873e-05,-0.00033994551631622016,0.0,3.6,60
714.4093383662403,1781615255.0645092,1.6926590204238892,-0.002794609172269702,9.834632873535156,6.016993665980408e-06,7.00622404110618e-05,-0.00033933736267499626,0.0,3.61,60
714.4193383660167,1781615255.0740147,1.6932296752929688,-0.005893470719456673,9.834698677062988,6.015377948642708e-06,7.984548574313521e-05,-0.0003385046438779682,0.0,3.62,60
714.4293383657932,1781615255.0844448,1.6913278102874756,-0.005420065484941006,9.834782600402832,6.0713637139997445e-06,8.894360507838428e-05,-0.00033790015731938183,0.0,3.63,60
714.4393383655697,1781615255.0919666,1.6902925968170166,-0.002975422888994217,9.834843635559082,6.470194421126507e-06,9.709057485451922e-05,-0.00033765341504476964,0.0,3.64,60
714.4493383653462,1781615255.102478,1.6896289587020874,-0.004329928662627935,9.834917068481445,6.843387836852344e-06,0.00010432623093947768,-0.00033737579360604286,0.0,3.65,60
714.4593383651227,1781615255.112993,1.688851237297058,-0.005597947631031275,9.8350191116333,7.017634288786212e-06,0.00011061691475333646,-0.0003369654295966029,0.0,3.66,60
714.4693383648992,1781615255.1225288,1.6873140335083008,-0.0029690160881727934,9.835113525390625,7.321525117731653e-06,0.00011607009219005704,-0.00033686781534925103,0.0,3.67,60
714.4793383646756,1781615255.133045,1.6866753101348877,-0.0042740036733448505,9.835186004638672,7.427006949001225e-06,0.00012051357771269977,-0.0003365621087141335,0.0,3.68,60
714.4893383644521,1781615255.1445467,1.6857178211212158,-0.004281696863472462,9.835285186767578,7.451999863405945e-06,0.00012413116928655654,-0.00033614563290029764,0.0,3.69,60
714.4993383642286,1781615255.1540518,1.6847596168518066,-0.0042923809960484505,9.835371971130371,7.369546892732615e-06,0.00012681426596827805,-0.0003356558154337108,0.0,3.7,60
714.5093383640051,1781615255.164556,1.6838018894195557,-0.004304802510887384,9.835455894470215,7.1402228059014305e-06,0.00012868041812907904,-0.00033505656756460667,0.0,3.71,60
714.5193383637816,1781615255.1740613,1.6833142042160034,-0.004533585160970688,9.835546493530273,6.9790607994946185e-06,0.00012976161087863147,-0.00033439273829571903,0.0,3.72,60
714.529338363558,1781615255.1845763,1.6816989183425903,-0.005396336317062378,9.835638046264648,6.900815606059041e-06,0.0001302278251387179,-0.0003337535890750587,0.0,3.73,60
714.5393383633345,1781615255.1930895,1.6806303262710571,-0.0029975553043186665,9.835709571838379,7.0682076511729974e-06,0.0001299432769883424,-0.0003335204964969307,0.0,3.74,60
714.549338363111,1781615255.201595,1.6802772283554077,-0.005605780519545078,9.83576774597168,7.075954272295348e-06,0.00012900926230940968,-0.0003330900508444756,0.0,3.75,60
714.5593383628875,1781615255.2121243,1.6782608032226562,-0.0027551704552024603,9.835847854614258,7.309254669962684e-06,0.00012757517106365412,-0.00033287404221482575,0.0,3.7600000000000002,60
714.569338362664,1781615255.2218385,1.6790357828140259,-0.004727043677121401,9.835890769958496,7.214454853965435e-06,0.00012557153240777552,-0.0003324134449940175,0.0,3.77,60
714.5793383624405,1781615255.2313466,1.6769192218780518,-0.005409771576523781,9.835927963256836,7.095701676007593e-06,0.00012304256961215287,-0.00033190762042067945,0.0,3.7800000000000002,60
714.589338362217,1781615255.2408705,1.6753764152526855,-0.002789616584777832,9.835967063903809,7.116035703802481e-06,0.00012017162953270599,-0.0003316635265946388,0.0,3.79,60
714.5993383619934,1781615255.2523887,1.6761465072631836,-0.004763063974678516,9.836010932922363,6.900614607729949e-06,0.0001170996911241673,-0.0003311608743388206,0.0,3.8000000000000003,60
714.6093383617699,1781615255.2618928,1.6740546226501465,-0.005394964944571257,9.836028099060059,6.6820557549363e-06,0.00011376816837582737,-0.0003306446014903486,0.0,3.81,60
714.6193383615464,1781615255.2724216,1.6729843616485596,-0.0029937964864075184,9.836039543151855,6.678963018202921e-06,0.00011015006748493761,-0.00033038551919162273,0.0,3.8200000000000003,60
714.6293383613229,1781615255.282926,1.6725164651870728,-0.005554892588406801,9.836045265197754,6.366174602590036e-06,0.00010642041161190718,-0.00032979942625388503,0.0,3.83,60
714.6393383610994,1781615255.2924392,1.6704727411270142,-0.0027478255797177553,9.836053848266602,6.2961744333733805e-06,0.00010265195305692032,-0.00032944008125923574,0.0,3.84,60
714.6493383608758,1781615255.3019474,1.671061396598816,-0.005801063496619463,9.836036682128906,6.066167770768516e-06,9.884849714580923e-05,-0.0003288047155365348,0.0,3.85,60
714.6593383606523,1781615255.3114827,1.6693311929702759,-0.004245929419994354,9.836045265197754,5.939230049989419e-06,9.512757242191583e-05,-0.0003282586403656751,0.0,3.86,60
714.6693383604288,1781615255.3204901,1.6683664321899414,-0.004255927167832851,9.836027145385742,5.945060820522485e-06,9.148302342509851e-05,-0.0003279153897892684,0.0,3.87,60
714.6793383602053,1781615255.3361173,1.6666396856307983,-0.0027493336237967014,9.836008071899414,6.005519935570192e-06,8.795775647740811e-05,-0.0003277026698924601,0.0,3.88,60
714.6893383599818,1781615255.34012,1.6672275066375732,-0.00580123346298933,9.835968971252441,5.8058190006704535e-06,8.451809117104858e-05,-0.0003271613095421344,0.0,3.89,60
714.6993383597583,1781615255.3493097,1.6655009984970093,-0.004242557566612959,9.835936546325684,5.711379344575107e-06,8.128575427690521e-05,-0.00032670903601683676,0.0,3.9,60
714.7093383595347,1781615255.3653994,1.6642428636550903,-0.0029520075768232346,9.835922241210938,5.733335910917958e-06,7.827115769032389e-05,-0.0003263808030169457,0.0,3.91,60
714.7193383593112,1781615255.3734875,1.6638602018356323,-0.005607022903859615,9.835867881774902,5.462688932311721e-06,7.548377470811829e-05,-0.00032577046658843756,0.0,3.92,60
714.7293383590877,1781615255.383013,1.661840558052063,-0.0027509131468832493,9.835835456848145,5.415473424363881e-06,7.288908091140911e-05,-0.0003253060858696699,0.0,3.93,60
714.7393383588642,1781615255.392309,1.662445306777954,-0.005758678540587425,9.83597469329834,8.673897355038207e-06,6.929320079507306e-05,-0.0003244844265282154,0.0,3.94,60
714.7493383586407,1781615255.401823,1.6606744527816772,-0.004313596058636904,9.835728645324707,7.917653420008719e-06,6.730181485181674e-05,-0.0003237869532313198,0.0,3.95,60
714.7593383584172,1781615255.4103513,1.6592652797698975,-0.004041057080030441,9.835671424865723,7.336886937991949e-06,6.561194459209219e-05,-0.0003232886374462396,0.0,3.96,60
714.7693383581936,1781615255.4205122,1.6595350503921509,-0.005805321503430605,9.835647583007812,6.899957952555269e-06,6.427473272196949e-05,-0.0003228301357012242,0.0,3.97,60
714.7793383579701,1781615255.4320953,1.6567540168762207,-0.0014268065569922328,9.835603713989258,6.856276741018519e-06,6.320035026874393e-05,-0.00032288202783092856,0.0,3.98,60
714.7893383577466,1781615255.4406092,1.6579253673553467,-0.007125828415155411,9.835556030273438,6.337720151350368e-06,6.23970918240957e-05,-0.00032241176813840866,0.0,3.99,60
721.7993382010609,1781615262.5071118,-0.19869132339954376,0.027132896706461906,8.779533386230469,-8.734644507057965e-05,-0.02745920605957508,0.00033250715932808816,0.0,0.0,80
721.8093382008374,1781615262.5171373,-0.2146342545747757,0.002621500752866268,9.196843147277832,-0.00019991490989923477,-0.0425029881298542,0.0003340388066135347,0.0,0.01,80
721.8193382006139,1781615262.5332031,-0.19758525490760803,0.0015241323271766305,9.545239448547363,-0.00030265050008893013,-0.054149333387613297,0.00033289738348685205,0.0,0.02,80
721.8293382003903,1781615262.5367053,-0.15233001112937927,0.022970518097281456,9.82412052154541,-0.00031274891807697713,-0.0628572478890419,0.00022955681197345257,0.0,0.03,80
721.8393382001668,1781615262.5502121,-0.07403987646102905,0.0025474238209426403,10.036003112792969,-0.000407134008128196,-0.0690799131989479,0.00022115658794064075,0.0,0.04,80
721.8493381999433,1781615262.5597265,0.031362175941467285,0.0022695502266287804,10.186144828796387,-0.000491052633151412,-0.07325009256601334,0.00020827901607844979,0.0,0.05,80
721.8593381997198,1781615262.5688205,0.16591623425483704,0.004969210363924503,10.281107902526855,-0.0005642750184051692,-0.07576844096183777,0.00019032774434890598,0.0,0.06,80
721.8693381994963,1781615262.5788555,0.32925158739089966,0.004605880007147789,10.328542709350586,-0.0006266993586905301,-0.07699659466743469,0.00016665318980813026,0.0,0.07,80
721.8793381992728,1781615262.5893605,0.5197374224662781,0.005052532535046339,10.336523056030273,-0.0006785411387681961,-0.07725352793931961,0.0001366040378343314,0.0,0.08,80
721.8893381990492,1781615262.5988767,0.735839307308197,0.005628406535834074,10.313011169433594,-0.0007197362720035017,-0.07681459933519363,9.956012218026444e-05,0.0,0.09,80
721.8993381988257,1781615262.6083827,0.9774966835975647,0.007329607382416725,10.265692710876465,-0.0007506913971155882,-0.07591229677200317,5.4807627748232335e-05,0.0,0.1,80
721.9093381986022,1781615262.6178823,1.2460297346115112,0.00565999886021018,10.201623916625977,-0.0007718117558397353,-0.07473870366811752,1.698792289062112e-06,0.0,0.11,80
721.9193381983787,1781615262.6308918,1.5367401838302612,0.008488187566399574,10.127095222473145,-0.000783492811024189,-0.0734490379691124,-6.048072100384161e-05,0.0,0.12,80
721.9293381981552,1781615262.6434047,1.8536690473556519,0.007993197999894619,10.047530174255371,-0.0007863638456910849,-0.07216555625200272,-0.00013247907918412238,0.0,0.13,80
721.9393381979316,1781615262.654916,2.1918818950653076,0.01083427481353283,9.96751594543457,-0.0007811062969267368,-0.07098191231489182,-0.0002149151696357876,0.0,0.14,80
721.9493381977081,1781615262.6654215,2.556199550628662,0.008890311233699322,9.89067268371582,-0.0007684695301577449,-0.06996753811836243,-0.0003085649514105171,0.0,0.15,80
721.9593381974846,1781615262.6739264,2.8070976734161377,-0.008670913986861706,9.853720664978027,-0.0008373220334760845,-0.068671815097332,-0.00030285760294646025,0.0,0.16,80
721.9693381972611,1781615262.6824389,2.7980549335479736,0.01210496574640274,9.884102821350098,-0.0007994436891749501,-0.06617304682731628,-0.0004044822999276221,0.0,0.17,80
721.9793381970376,1781615262.6919577,2.7914674282073975,-0.014239409938454628,9.891535758972168,-0.0008677567238919437,-0.06272297352552414,-0.00037030037492513657,0.0,0.18,80
721.9893381968141,1781615262.7010634,2.7880396842956543,-0.007518718484789133,9.880550384521484,-0.0008892612531781197,-0.05854879692196846,-0.0003675762563943863,0.0,0.19,80
721.9993381965905,1781615262.7112727,2.786167860031128,-0.006161168683320284,9.855462074279785,-0.0008846703567542136,-0.05385163426399231,-0.00037693738704547286,0.0,0.2,80
722.009338196367,1781615262.7197876,2.7853307723999023,0.01173507422208786,9.820422172546387,-0.0007909191772341728,-0.04880639910697937,-0.00047853714204393327,0.0,0.21,80
722.0193381961435,1781615262.729805,2.7868783473968506,-0.013391049578785896,9.77914810180664,-0.0008096919627860188,-0.0435623861849308,-0.0004408701788634062,0.0,0.22,80
722.02933819592,1781615262.7388542,2.7889153957366943,-0.00925208069384098,9.735199928283691,-0.0007886917446739972,-0.038245148956775665,-0.00043120584450662136,0.0,0.23,80
722.0393381956965,1781615262.7473476,2.7924013137817383,0.0012967726215720177,9.691338539123535,-0.0006715081399306655,-0.03295832872390747,-0.00040548486867919564,0.0,0.24,80
722.049338195473,1781615262.7568517,2.7952022552490234,-0.007785816676914692,9.649857521057129,-0.0006354752695187926,-0.027785927057266235,-0.0004017974133603275,0.0,0.25,80
722.0593381952494,1781615262.765857,2.7987468242645264,-0.0058456421829760075,9.612678527832031,-0.0005844300030730665,-0.022794459015130997,-0.00040586356772109866,0.0,0.26,80
722.0693381950259,1781615262.7759411,2.8029096126556396,0.0008705694926902652,9.581147193908691,-0.0004556959611363709,-0.018035510554909706,-0.0003874351386912167,0.0,0.27,80
722.0793381948024,1781615262.7854025,2.807075262069702,-0.008175329305231571,9.556061744689941,-0.0004087069828528911,-0.013547706417739391,-0.00038618798134848475,0.0,0.28,80
722.0893381945789,1781615262.7969093,2.8103854656219482,-0.005117717664688826,9.538060188293457,-0.0003519187739584595,-0.009358920156955719,-0.000391563109587878,0.0,0.29,80
722.0993381943554,1781615262.8070366,2.8136067390441895,-0.00479251891374588,9.527193069458008,-0.0002910486364271492,-0.005488220136612654,-0.0003988439275417477,0.0,0.3,80
722.1093381941319,1781615262.8151178,2.8182287216186523,-0.0066407714039087296,9.523341178894043,-0.00022882349730934948,-0.0019471811829134822,-0.0004065143293701112,0.0,0.31,80
722.1193381939083,1781615262.826041,2.8197715282440186,0.0017704174388200045,9.526182174682617,-9.740817040437832e-05,0.0012585582444444299,-0.00038923617103137076,0.0,0.32,80
722.1293381936848,1781615262.835386,2.8232688903808594,-0.006451675668358803,9.535048484802246,-5.3688807383878157e-05,0.0041281236335635185,-0.00038831817801110446,0.0,0.33,80
722.1393381934613,1781615262.8448997,2.8254237174987793,-0.007040581665933132,9.549407958984375,-6.133405804575887e-06,0.006664653774350882,-0.0003929937374778092,0.0,0.34,80
722.1493381932378,1781615262.854403,2.827606678009033,-0.005850012879818678,9.56838607788086,4.154051566729322e-05,0.008874249644577503,-0.00040027187787927687,0.0,0.35000000000000003,80
722.1593381930143,1781615262.8629143,2.8283348083496094,-0.005447102710604668,9.591216087341309,8.725666702957824e-05,0.010765553452074528,-0.0004088485147804022,0.0,0.36,80
722.1693381927907,1781615262.8742702,2.8303885459899902,0.0019373421091586351,9.617110252380371,0.00019894041179213673,0.012349195778369904,-0.0003924270858988166,0.0,0.37,80
722.1793381925672,1781615262.8847895,2.830540657043457,-0.00665729446336627,9.645130157470703,0.00021989134256727993,0.013637494295835495,-0.0003929039230570197,0.0,0.38,80
722.1893381923437,1781615262.8942943,2.8315794467926025,-0.006410685833543539,9.674626350402832,0.00024238054174929857,0.01464405469596386,-0.0003992703859694302,0.0,0.39,80
722.1993381921202,1781615262.9048207,2.8317997455596924,-0.006211493164300919,9.704858779907227,0.00026297071599401534,0.015383780002593994,-0.0004083217354491353,0.0,0.4,80
722.2093381918967,1781615262.9143252,2.831183671951294,0.00188009615521878,9.735203742980957,0.00034895751741714776,0.015872495248913765,-0.00039344452670775354,0.0,0.41000000000000003,80
722.2193381916732,1781615262.9259048,2.8315165042877197,-0.007295391988009214,9.764934539794922,0.00034501065965741873,0.01612681709229946,-0.00039594463305547833,0.0,0.42,80
722.2293381914496,1781615262.9369133,2.83009672164917,-0.005203810520470142,9.793728828430176,0.0003426945477258414,0.016164105385541916,-0.00040453317342326045,0.0,0.43,80
722.2393381912261,1781615262.9469159,2.8302297592163086,-0.00018408506002742797,9.821084022521973,0.00040551149868406355,0.016002271324396133,-0.00039095355896279216,0.0,0.44,80
722.2493381910026,1781615262.9595144,2.827875852584839,-0.005721891764551401,9.846620559692383,0.0003822627186309546,0.015659773722290993,-0.0003953436098527163,0.0,0.45,80
722.2593381907791,1781615262.9690297,2.8275797367095947,-0.0056246365420520306,9.870124816894531,0.0003616240865085274,0.01515537966042757,-0.00040565087692812085,0.0,0.46,80
722.2693381905556,1781615262.9801774,2.8262555599212646,0.0010445995721966028,9.89140796661377,0.0004083201347384602,0.014507857151329517,-0.00039363489486277103,0.0,0.47000000000000003,80
722.279338190332,1781615262.9916835,2.8236589431762695,-0.005905036814510822,9.91020679473877,0.00036886887392029166,0.013736266642808914,-0.00039962545270100236,0.0,0.48,80
722.2893381901085,1781615263.0037274,2.822875738143921,-0.005754437763243914,9.926597595214844,0.0003332252090331167,0.012859487906098366,-0.00041141340625472367,0.0,0.49,80
722.299338189885,1781615263.0152311,2.82008957862854,0.001647983561269939,9.940496444702148,0.0003683145041577518,0.01189611665904522,-0.0003997989115305245,0.0,0.5,80
722.3093381896615,1781615263.0287561,2.818981170654297,-0.006476883310824633,9.951844215393066,0.0003167145769111812,0.010864416137337685,-0.00040666357381269336,0.0,0.51,80
722.319338189438,1781615263.0458598,2.816014528274536,0.0009250653092749417,9.96082878112793,0.0003367783792782575,0.009782022796571255,-0.0003948126104660332,0.0,0.52,80
722.3293381892145,1781615263.057023,2.814223527908325,-0.0063032363541424274,9.967400550842285,0.00027725164545699954,0.008666031993925571,-0.0004020263731945306,0.0,0.53,80
722.339338188991,1781615263.0669527,2.8119499683380127,-0.005599759053438902,9.971810340881348,0.00022510570124723017,0.007532498333603144,-0.00041536931530572474,0.0,0.54,80
722.3493381887674,1781615263.0800083,2.809922695159912,0.0026324777863919735,9.97414493560791,0.00024787060101516545,0.006396682001650333,-0.0004051698779221624,0.0,0.55,80
722.3593381885439,1781615263.092051,2.8067405223846436,-0.005971294827759266,9.9744873046875,0.00018546597857493907,0.005272656679153442,-0.00041335562127642334,0.0,0.56,80
722.3693381883204,1781615263.1011026,2.804656744003296,0.002201334573328495,9.973152160644531,0.000198908950551413,0.004173452965915203,-0.0004019754705950618,0.0,0.5700000000000001,80
722.3793381880969,1781615263.111631,2.802610397338867,-0.007550742011517286,9.970151901245117,0.00013344749459065497,0.0031108057592064142,-0.0004094993928447366,0.0,0.58,80
722.3893381878734,1781615263.1271658,2.7997264862060547,0.0020169676281511784,9.965849876403809,0.0001436885358998552,0.0020951838232576847,-0.00039868365274742246,0.0,0.59,80
722.3993381876498,1781615263.131167,2.7974135875701904,-0.006155947223305702,9.96023178100586,7.865510997362435e-05,0.0011356055038049817,-0.00040676939534023404,0.0,0.6,80
722.4093381874263,1781615263.144695,2.794975996017456,0.000598538143094629,9.953679084777832,8.853074541548267e-05,0.00023987461463548243,-0.00039665534859523177,0.0,0.61,80
722.4193381872028,1781615263.154199,2.792341709136963,-0.00598053028807044,9.946183204650879,2.5706005544634536e-05,-0.0005857048090547323,-0.0004050226998515427,0.0,0.62,80
722.4293381869793,1781615263.165718,2.7897074222564697,0.0018879349809139967,9.93808650970459,3.7273912312230095e-05,-0.001336071640253067,-0.0003954507119487971,0.0,0.63,80
722.4393381867558,1781615263.175223,2.787648916244507,-0.007175852544605732,9.92939567565918,-2.232241786259692e-05,-0.0020076718647032976,-0.0004036347090732306,0.0,0.64,80
722.4493381865323,1781615263.1867406,2.7850940227508545,-0.004091695416718721,9.92039680480957,-7.029132393654436e-05,-0.0025979853235185146,-0.0004173018387518823,0.0,0.65,80
722.4593381863087,1781615263.1960225,2.782588243484497,0.0015898505225777626,9.91121768951416,-4.2625481000868604e-05,-0.0031058744061738253,-0.0004074856697116047,0.0,0.66,80
722.4693381860852,1781615263.2051573,2.780120611190796,-0.005684023257344961,9.901873588562012,-9.24449268495664e-05,-0.0035312953405082226,-0.0004152290930505842,0.0,0.67,80
722.4793381858617,1781615263.2146647,2.77783465385437,0.0009419781272299588,9.892675399780273,-6.702807149849832e-05,-0.0038752835243940353,-0.000403789832489565,0.0,0.68,80
722.4893381856382,1781615263.2248213,2.7758524417877197,-0.005919265560805798,9.883564949035645,-0.00011324562365189195,-0.004139797296375036,-0.00041031045839190483,0.0,0.6900000000000001,80
722.4993381854147,1781615263.2350907,2.773102045059204,-0.005051915068179369,9.874784469604492,-0.00014792452566325665,-0.004327594302594662,-0.00042184320045635104,0.0,0.7000000000000001,80
722.5093381851912,1781615263.2465968,2.7717785835266113,2.241514994238969e-05,9.866381645202637,-0.00010830925748450682,-0.004442376084625721,-0.000410526932682842,0.0,0.71,80
722.5193381849676,1781615263.2560086,2.768216133117676,-0.005309614818543196,9.85834789276123,-0.0001442053180653602,-0.004488402046263218,-0.00041689269710332155,0.0,0.72,80
722.5293381847441,1781615263.265207,2.7671217918395996,0.0006242103409022093,9.850892066955566,-0.0001072554659913294,-0.004470470827072859,-0.000404633377911523,0.0,0.73,80
722.5393381845206,1781615263.2757132,2.764744997024536,-0.006854874547570944,9.843920707702637,-0.00014016884961165488,-0.004393886309117079,-0.0004099001525901258,0.0,0.74,80
722.5493381842971,1781615263.2857563,2.7627627849578857,-0.005139011889696121,9.837583541870117,-0.00016233569476753473,-0.004264296032488346,-0.0004202167910989374,0.0,0.75,80
722.5593381840736,1781615263.2977796,2.7604596614837646,0.0013370935339480639,9.8319091796875,-0.00011335012095514685,-0.0040875393897295,-0.0004087609995622188,0.0,0.76,80
722.56933818385,1781615263.3090215,2.7587430477142334,-0.005596674047410488,9.82681941986084,-0.00013814929116051644,-0.003869631327688694,-0.00041399660403840244,0.0,0.77,80
722.5793381836265,1781615263.3190787,2.756647825241089,-0.0061632548458874226,9.822458267211914,-0.00015374210488516837,-0.003616529982537031,-0.0004234308435115963,0.0,0.78,80
722.589338183403,1781615263.3287396,2.755073070526123,0.0010455658193677664,9.818763732910156,-9.96825474430807e-05,-0.003334380453452468,-0.0004110285663045943,0.0,0.79,80
722.5993381831795,1781615263.3392441,2.7525055408477783,-0.005355296656489372,9.815669059753418,-0.00011935590009670705,-0.003029102459549904,-0.0004153070622123778,0.0,0.8,80
722.609338182956,1781615263.3497505,2.751467227935791,-0.006457250565290451,9.813254356384277,-0.00013062336074654013,-0.0027064806781709194,-0.00042383730760775506,0.0,0.81,80
722.6193381827325,1781615263.359805,2.7492265701293945,-0.0002239312307210639,9.811492919921875,-7.408481178572401e-05,-0.0023720047902315855,-0.0004111171292606741,0.0,0.8200000000000001,80
722.629338182509,1781615263.370094,2.7474591732025146,-0.0055935983546078205,9.810270309448242,-9.039610449690372e-05,-0.002030974254012108,-0.0004151218745391816,0.0,0.8300000000000001,80
722.6393381822854,1781615263.379609,2.74526047706604,-0.004876410588622093,9.809622764587402,-9.89932959782891e-05,-0.0016882542986422777,-0.0004233742074575275,0.0,0.84,80
722.6493381820619,1781615263.389751,2.7440028190612793,0.0006592604913748801,9.80955696105957,-4.2079424019902945e-05,-0.001348393503576517,-0.00041054163011722267,0.0,0.85,80
722.6593381818384,1781615263.3991137,2.7419819831848145,-0.006740478798747063,9.809908866882324,-5.745804446632974e-05,-0.0010155115742236376,-0.0004139562079217285,0.0,0.86,80
722.6693381816149,1781615263.4086204,2.740682601928711,-0.006495315115898848,9.810737609863281,-6.57807249808684e-05,-0.0006932655232958496,-0.00042167946230620146,0.0,0.87,80
722.6793381813914,1781615263.4199522,2.738142967224121,-0.004727391991764307,9.81196117401123,-6.958779704291373e-05,-0.000385090708732605,-0.0004313054378144443,0.0,0.88,80
722.6893381811678,1781615263.4277604,2.736980676651001,0.0009455234394408762,9.813549995422363,-8.143901141011156e-06,-9.36972865019925e-05,-0.00041819605394266546,0.0,0.89,80
722.6993381809443,1781615263.4382753,2.734870672225952,-0.00679624592885375,9.815367698669434,-2.232547376479488e-05,0.00017841251974459738,-0.00042121848673559725,0.0,0.9,80
722.7093381807208,1781615263.4467788,2.733612537384033,-0.0065407659858465195,9.817489624023438,-3.0366863938979805e-05,0.00042935696546919644,-0.00042835064232349396,0.0,0.91,80
722.7193381804973,1781615263.4567862,2.7306745052337646,0.0009185670060105622,9.819853782653809,2.5584364266251214e-05,0.0006575778243131936,-0.0004151585162617266,0.0,0.92,80
722.7293381802738,1781615263.4677963,2.729762554168701,-0.005753671750426292,9.82228946685791,9.192633115162607e-06,0.0008619804866611958,-0.0004182116244919598,0.0,0.93,80
722.7393381800503,1781615263.4779632,2.728179931640625,-0.006628328002989292,9.824884414672852,-1.4081323342907126e-06,0.00104184215888381,-0.0004252344078850001,0.0,0.9400000000000001,80
722.7493381798267,1781615263.4900107,2.7256064414978027,-0.004849877208471298,9.8275728225708,-8.497002454532776e-06,0.001196876517497003,-0.000434193410910666,0.0,0.9500000000000001,80
722.7593381796032,1781615263.4990416,2.724367141723633,0.0006340743275359273,9.830283164978027,4.794328197021969e-05,0.0013270045164972544,-0.00042100806604139507,0.0,0.96,80
722.7693381793797,1781615263.5095506,2.722273826599121,-0.006928865797817707,9.832954406738281,2.9634569727932103e-05,0.0014325955417007208,-0.00042395462514832616,0.0,0.97,80
722.7793381791562,1781615263.5197084,2.7204089164733887,-0.006458236835896969,9.835607528686523,1.686669565970078e-05,0.0015142294578254223,-0.000430765823693946,0.0,0.98,80
722.7893381789327,1781615263.5297692,2.718801736831665,0.00021615292644128203,9.838225364685059,6.679580837953836e-05,0.001572830369696021,-0.00041761770262382925,0.0,0.99,80
722.7993381787091,1781615263.5388577,2.7158470153808594,-0.005397321656346321,9.840685844421387,4.548855940811336e-05,0.0016095038736239076,-0.00042089185444638133,0.0,1.0,80
722.8093381784856,1781615263.5479906,2.7150790691375732,-0.006673436611890793,9.843038558959961,2.948982364614494e-05,0.0016254815272986889,-0.0004279338172636926,0.0,1.01,80
722.8193381782621,1781615263.5569804,2.7128162384033203,-0.005197439808398485,9.84526252746582,1.7062135157175362e-05,0.0016222111880779266,-0.00043677640496753156,0.0,1.02,80
722.8293381780386,1781615263.56663,2.7105467319488525,0.0006983389030210674,9.847352981567383,6.744591519236565e-05,0.001601284951902926,-0.00042390957241877913,0.0,1.03,80
722.8393381778151,1781615263.5766325,2.708763599395752,-0.006984603591263294,9.849209785461426,4.431726483744569e-05,0.0015644804807379842,-0.0004270385834388435,0.0,1.04,80
722.8493381775916,1781615263.586683,2.7064101696014404,-0.005215747747570276,9.850934982299805,2.6832814910449088e-05,0.001513521303422749,-0.0004340199811849743,0.0,1.05,80
722.859338177368,1781615263.5978403,2.7049856185913086,3.280647797510028e-05,9.852456092834473,7.1201597165782e-05,0.0014500559773296118,-0.0004209450271446258,0.0,1.06,80
722.8693381771445,1781615263.6068454,2.702744722366333,-0.007026068866252899,9.853731155395508,4.555040868581273e-05,0.0013760777655988932,-0.00042399976518936455,0.0,1.07,80
722.879338176921,1781615263.6175866,2.7006640434265137,-0.006556489039212465,9.85486888885498,2.584670983196702e-05,0.0012932769022881985,-0.00043104999349452555,0.0,1.08,80
722.8893381766975,1781615263.6286092,2.698359727859497,-0.004986748099327087,9.855778694152832,1.0024076800618786e-05,0.001203463296405971,-0.00043994406587444246,0.0,1.09,80
722.899338176474,1781615263.6376345,2.6968069076538086,0.00038348586531355977,9.856549263000488,5.679804598912597e-05,0.0011083359131589532,-0.0004271871584933251,0.0,1.1,80
722.9093381762505,1781615263.64867,2.69415283203125,-0.005639545153826475,9.857033729553223,3.1363717425847426e-05,0.001009518513455987,-0.0004305081383790821,0.0,1.11,80
722.9193381760269,1781615263.6566696,2.6924424171447754,-0.006592229008674622,9.857398986816406,1.1577978511922993e-05,0.0009085646015591919,-0.00043728380114771426,0.0,1.12,80
722.9293381758034,1781615263.6658998,2.6906559467315674,-7.270448259077966e-05,9.857637405395508,5.349342245608568e-05,0.0008070728508755565,-0.00042420002864673734,0.0,1.1300000000000001,80
722.9393381755799,1781615263.6754048,2.6877477169036865,-0.006730885710567236,9.857617378234863,2.67705436272081e-05,0.0007062361692078412,-0.00042718322947621346,0.0,1.1400000000000001,80
722.9493381753564,1781615263.6849117,2.6862974166870117,-0.005446460098028183,9.857513427734375,6.360018687701086e-06,0.0006073618424125016,-0.0004341067688073963,0.0,1.1500000000000001,80
722.9593381751329,1781615263.6944256,2.6837382316589355,-0.0050246440805494785,9.85727310180664,-1.0143268809770234e-05,0.0005116035463288426,-0.00044257985427975655,0.0,1.16,80
722.9693381749094,1781615263.7049432,2.682551383972168,-0.0011409418657422066,9.856924057006836,3.510588430799544e-05,0.00041973646148107946,-0.0004296551051083952,0.0,1.17,80
722.9793381746858,1781615263.7144582,2.679054021835327,-0.005391419865190983,9.856407165527344,1.0108759852300864e-05,0.00033285049721598625,-0.0004327697097323835,0.0,1.18,80
722.9893381744623,1781615263.7249622,2.6781229972839355,-0.006717070937156677,9.855851173400879,-9.107229743676726e-06,0.0002516518870834261,-0.00043915287824347615,0.0,1.19,80
722.9993381742388,1781615263.7345898,2.675467014312744,1.5934097973513417e-05,9.855228424072266,3.2459756766911596e-05,0.00017660399316810071,-0.0004263005394022912,0.0,1.2,80
723.0093381740153,1781615263.74463,2.6732261180877686,-0.006889811251312494,9.854547500610352,7.073861070239218e-06,0.00010910056880675256,-0.0004290992219466716,0.0,1.21,80
723.0193381737918,1781615263.7541423,2.670931816101074,-0.005384877324104309,9.85387134552002,-1.2011795661237556e-05,4.9801536079030484e-05,-0.0004355400742497295,0.0,1.22,80
723.0293381735682,1781615263.7646492,2.6680679321289062,-0.005000425036996603,9.853111267089844,-2.687392770894803e-05,-1.2631303434318397e-06,-0.0004435757582541555,0.0,1.23,80
723.0393381733447,1781615263.7741537,2.6655995845794678,0.00024778617080301046,9.852335929870605,1.8376100342720747e-05,-4.429555337992497e-05,-0.00043074204586446285,0.0,1.24,80
723.0493381731212,1781615263.7846587,2.663865327835083,-0.007127022370696068,9.851452827453613,-4.700815225078259e-06,-7.942016236484051e-05,-0.00043322923011146486,0.0,1.25,80
723.0593381728977,1781615263.795163,2.6609129905700684,-0.0064806388691067696,9.850605010986328,-2.189279257436283e-05,-0.00010704907617764547,-0.0004390582616906613,0.0,1.26,80
723.0693381726742,1781615263.8066688,2.6581201553344727,-0.004984006285667419,9.849740982055664,-3.4894776035798714e-05,-0.00012735566997434944,-0.00044660011189989746,0.0,1.27,80
723.0793381724507,1781615263.816066,2.655815839767456,0.0002200673770857975,9.848909378051758,1.1930192158615682e-05,-0.00014084126451052725,-0.0004333411925472319,0.0,1.28,80
723.0893381722271,1781615263.8268173,2.6540777683258057,-0.007117659319192171,9.848048210144043,-9.246956324204803e-06,-0.00014787178952246904,-0.00043534371070563793,0.0,1.29,80
723.0993381720036,1781615263.8367386,2.650679588317871,-0.00629514642059803,9.847261428833008,-2.4582617697888054e-05,-0.0001488207490183413,-0.0004407701489981264,0.0,1.3,80
723.1093381717801,1781615263.8457408,2.6488771438598633,-0.005206592381000519,9.846516609191895,-3.599409319576807e-05,-0.00014430948067456484,-0.0004478459886740893,0.0,1.31,80
723.1193381715566,1781615263.8548641,2.6460952758789062,9.092572872759774e-05,9.845845222473145,1.1781520697695669e-05,-0.00013480625057127327,-0.0004344085173215717,0.0,1.32,80
723.1293381713331,1781615263.863063,2.6443533897399902,-0.0071281143464148045,9.845148086547852,-7.781621206959244e-06,-0.00012085116759408265,-0.00043617415940389037,0.0,1.33,80
723.1393381711096,1781615263.8725648,2.64109468460083,-0.005177745129913092,9.844589233398438,-2.179837792937178e-05,-0.00010286868928233162,-0.0004411732661537826,0.0,1.34,80
723.149338170886,1781615263.8840814,2.6390602588653564,-0.006318585481494665,9.844057083129883,-3.2402254873886704e-05,-8.147851622197777e-05,-0.0004475717432796955,0.0,1.35,80
723.1593381706625,1781615263.894593,2.6369450092315674,-0.0002912944182753563,9.843646049499512,1.4871120583848096e-05,-5.7165212638210505e-05,-0.00043405842734500766,0.0,1.36,80
723.169338170439,1781615263.9041042,2.633749485015869,-0.006633666809648275,9.843212127685547,-3.838937118416652e-06,-3.051556268474087e-05,-0.0004355213022790849,0.0,1.37,80
723.1793381702155,1781615263.913632,2.6322641372680664,-0.006719824858009815,9.842916488647461,-1.719297142699361e-05,-1.8725072550296318e-06,-0.00044018711196258664,0.0,1.3800000000000001,80
723.189338169992,1781615263.9228003,2.6290504932403564,-0.004996893461793661,9.842659950256348,-2.6954152417602018e-05,2.8097412723582238e-05,-0.0004465258971322328,0.0,1.3900000000000001,80
723.1993381697685,1781615263.9353633,2.6269757747650146,-0.006199811585247517,9.842463493347168,-3.4277218219358474e-05,5.896415314055048e-05,-0.00045325621613301337,0.0,1.4000000000000001,80
723.2093381695449,1781615263.9458933,2.6249327659606934,-0.00020314128778409213,9.842362403869629,1.6246614904957823e-05,9.020789730129763e-05,-0.00043944999924860895,0.0,1.41,80
723.2193381693214,1781615263.9560103,2.621955633163452,-0.005574243143200874,9.842236518859863,-3.360817686370865e-07,0.00012146371591370553,-0.0004407482629176229,0.0,1.42,80
723.2293381690979,1781615263.9667053,2.619800567626953,-0.006528294645249844,9.842217445373535,-1.2387898095767014e-05,0.0001523771061329171,-0.0004447030369192362,0.0,1.43,80
723.2393381688744,1781615263.9772167,2.6179392337799072,-0.0065897488966584206,9.842235565185547,-2.1263298549456522e-05,0.00018256092153023928,-0.00045007767039351165,0.0,1.44,80
723.2493381686509,1781615263.9887266,2.614609479904175,-0.006047974340617657,9.842307090759277,-2.7678375772666186e-05,0.0002117371477652341,-0.00045611144741997123,0.0,1.45,80
723.2593381684273,1781615263.9988189,2.612961530685425,-0.00026869928115047514,9.842416763305664,2.293567558808718e-05,0.00023944258282426745,-0.0004419557808432728,0.0,1.46,80
723.2693381682038,1781615264.0088797,2.609959840774536,-0.005550580099225044,9.842509269714355,6.9166057983238716e-06,0.00026558246463537216,-0.0004426193772815168,0.0,1.47,80
723.2793381679803,1781615264.0203862,2.608236312866211,-0.007873580791056156,9.84266471862793,-4.677924152929336e-06,0.00028991475119255483,-0.00044607138261199,0.0,1.48,80
723.2893381677568,1781615264.0300047,2.605212926864624,-0.005031576845794916,9.842854499816895,-1.3050205780018587e-05,0.0003123012138530612,-0.00045134234824217856,0.0,1.49,80
723.2993381675333,1781615264.0391464,2.6036152839660645,-0.006461258977651596,9.843055725097656,-1.9309325580252334e-05,0.0003325873985886574,-0.0004570149176288396,0.0,1.5,80
723.3093381673098,1781615264.0496624,2.6002299785614014,0.00114680256228894,9.843306541442871,3.054361877730116e-05,0.0003507162327878177,-0.00044277048436924815,0.0,1.51,80
723.3193381670862,1781615264.059813,2.5986545085906982,-0.008187434636056423,9.843486785888672,1.4340883353725076e-05,0.00036656821612268686,-0.00044298567809164524,0.0,1.52,80
723.3293381668627,1781615264.069317,2.594815492630005,-0.005239312071353197,9.843954086303711,2.703094423850416e-06,0.00038338746526278555,-0.00044632417848333716,0.0,1.53,80
723.3393381666392,1781615264.0788255,2.58872389793396,-0.006605762988328934,9.845254898071289,-6.159892109280918e-06,0.0004142801626585424,-0.0004508016863837838,0.0,1.54,80
723.3493381664157,1781615264.088924,2.5808751583099365,-0.006071920972317457,9.8461332321167,-1.2767772204824723e-05,0.0004556140920612961,-0.0004560363304335624,0.0,1.55,80
723.3593381661922,1781615264.099008,2.5747787952423096,-0.0005473120836541057,9.846636772155762,3.5212964576203376e-05,0.0005042526172474027,-0.0004416467563714832,0.0,1.56,80
723.3693381659687,1781615264.109374,2.5676538944244385,-0.006797684356570244,9.846792221069336,1.9191429601050913e-05,0.0005574164679273963,-0.00044169509783387184,0.0,1.57,80
723.3793381657451,1781615264.118883,2.5609517097473145,-0.006485918071120977,9.846746444702148,7.4918657446687575e-06,0.0006128718378022313,-0.0004445240192580968,0.0,1.58,80
723.3893381655216,1781615264.1291323,2.5544376373291016,-0.005221460945904255,9.846475601196289,-1.3077994935883908e-06,0.0006686845445074141,-0.0004488316481001675,0.0,1.59,80
723.3993381652981,1781615264.138656,2.547518730163574,-0.006213444285094738,9.846101760864258,-8.142315891745966e-06,0.0007233098731376231,-0.0004535894840955734,0.0,1.6,80
723.4093381650746,1781615264.1490233,2.5404765605926514,-0.004823499359190464,9.845645904541016,-1.3430470971798059e-05,0.0007756878039799631,-0.0004583182162605226,0.0,1.61,80
723.4193381648511,1781615264.1570237,2.5342142581939697,-0.0016151692252606153,9.84514331817627,3.502987601677887e-05,0.0008247424266301095,-0.0004431856796145439,0.0,1.62,80
723.4293381646276,1781615264.1691656,2.527442693710327,-0.006754647474735975,9.844622611999512,1.9776332919718698e-05,0.0008701113401912153,-0.0004424674261827022,0.0,1.6300000000000001,80
723.439338164404,1781615264.1806622,2.520826816558838,-0.00644924771040678,9.844162940979004,8.829271791910287e-06,0.0009113945998251438,-0.0004445732629392296,0.0,1.6400000000000001,80
723.4493381641805,1781615264.1898108,2.514347791671753,-0.005187260918319225,9.843704223632812,6.416734663616808e-07,0.000948370317928493,-0.00044815827277489007,0.0,1.6500000000000001,80
723.459338163957,1781615264.1999753,2.5074715614318848,-0.006134596653282642,9.84333324432373,-5.8191808420815505e-06,0.0009810315677896142,-0.0004520215734373778,0.0,1.6600000000000001,80
723.4693381637335,1781615264.2091386,2.500805139541626,-0.006137218791991472,9.843024253845215,-1.0740036486822646e-05,0.0010093951132148504,-0.00045598860015161335,0.0,1.67,80
723.47933816351,1781615264.2176442,2.4939801692962646,-0.004831766244024038,9.842784881591797,-1.4316738088382408e-05,0.0010337423300370574,-0.000460083712823689,0.0,1.68,80
723.4893381632864,1781615264.2277398,2.4881985187530518,-0.001875522779300809,9.84263801574707,3.5103563277516514e-05,0.001054133172146976,-0.00044431863352656364,0.0,1.69,80
723.4993381630629,1781615264.2372327,2.4804317951202393,-0.006466380786150694,9.842490196228027,2.142546873074025e-05,0.0010708911577239633,-0.00044281998998485506,0.0,1.7,80
723.5093381628394,1781615264.2477534,2.474313497543335,-0.006367738824337721,9.842447280883789,1.1598635865084361e-05,0.0010843055788427591,-0.00044388227979652584,0.0,1.71,80
723.5193381626159,1781615264.2567532,2.467726707458496,-0.006224584765732288,9.842447280883789,4.408280346979154e-06,0.0010945682879537344,-0.00044643713044933975,0.0,1.72,80
723.5293381623924,1781615264.2683976,2.461289644241333,-0.005029402673244476,9.842511177062988,-9.935968137142481e-07,0.0011020554229617119,-0.0004497598856687546,0.0,1.73,80
723.5393381621689,1781615264.2789044,2.454458475112915,-0.006055447738617659,9.842598915100098,-5.185670488572214e-06,0.0011070448672398925,-0.0004531399754341692,0.0,1.74,80
723.5493381619453,1781615264.2884119,2.4478893280029297,-0.006052777636796236,9.842733383178711,-8.373790478799492e-06,0.0011097532697021961,-0.00045637835864908993,0.0,1.75,80
723.5593381617218,1781615264.2979188,2.441317319869995,-0.006045439746230841,9.842869758605957,-1.0626315997797064e-05,0.0011103508295491338,-0.0004595524806063622,0.0,1.76,80
723.5693381614983,1781615264.3079581,2.434561252593994,-0.00039144608308561146,9.843040466308594,3.9206803194247186e-05,0.0011091065825894475,-0.0004435477894730866,0.0,1.77,80
723.5793381612748,1781615264.3190472,2.428579330444336,-0.006810673512518406,9.843178749084473,2.6643954697647132e-05,0.001106317387893796,-0.00044142111437395215,0.0,1.78,80
723.5893381610513,1781615264.3286352,2.4210405349731445,-0.006100396625697613,9.843337059020996,1.7700200260151178e-05,0.001102066715247929,-0.0004418014141265303,0.0,1.79,80
723.5993381608278,1781615264.3391387,2.415038824081421,-0.006183357443660498,9.843485832214355,1.1001420716638677e-05,0.0010964850662276149,-0.0004435590235516429,0.0,1.8,80
723.6093381606042,1781615264.3496456,-0.5792484283447266,-0.012485779821872711,10.605084419250488,5.275362127576955e-06,0.012248462066054344,-0.0003571646520867944,0.0,1.81,80
723.6193381603807,1781615264.359698,-0.546700656414032,0.0014199836878105998,10.307188987731934,7.466164970537648e-05,0.020968815311789513,-0.0003582138742785901,0.0,1.82,80
723.6293381601572,1781615264.3698986,-0.5190261602401733,-0.010189867578446865,10.052300453186035,7.690633356105536e-05,0.027506602928042412,-0.00028550709248520434,0.0,1.83,80
723.6393381599337,1781615264.3793168,-0.49506255984306335,0.0036532238591462374,9.842700958251953,0.0001408978132531047,0.032131318002939224,-0.0002859231026377529,0.0,1.84,80
723.6493381597102,1781615264.388824,-0.4752727448940277,0.001721800654195249,9.677938461303711,0.00019766463083215058,0.03511682152748108,-0.0002861086104530841,0.0,1.85,80
723.6593381594867,1781615264.3989153,-0.4602465033531189,-0.010402116924524307,9.555770874023438,0.0001901111681945622,0.036729976534843445,-0.00021649470727425069,0.0,1.86,80
723.6693381592631,1781615264.408266,-0.44888609647750854,0.00459892675280571,9.472689628601074,0.00024102418683469296,0.03722146525979042,-0.00021629406546708196,0.0,1.87,80
723.6793381590396,1781615264.417775,-0.4402145743370056,0.001646177377551794,9.42410945892334,0.00028472038684412837,0.03682030737400055,-0.00021597876911982894,0.0,1.8800000000000001,80
723.6893381588161,1781615264.4288244,-0.4348653554916382,0.0024038217961788177,9.40503215789795,0.000321414991049096,0.03573003038764,-0.00021558049775194377,0.0,1.8900000000000001,80
723.6993381585926,1781615264.4408643,-0.4322502613067627,-0.010424332693219185,9.41025447845459,0.0002960448618978262,0.034127216786146164,-0.00014810304855927825,0.0,1.9000000000000001,80
723.7093381583691,1781615264.4510837,-0.43123820424079895,0.004391400143504143,9.434749603271484,0.00032705452758818865,0.03216125816106796,-0.00014757153985556215,0.0,1.9100000000000001,80
723.7193381581455,1781615264.4656,-0.43168947100639343,0.0017144317971542478,9.473628997802734,0.0003511840768624097,0.02995591051876545,-0.00014703178021591157,0.0,1.92,80
723.729338157922,1781615264.474116,-0.4338056445121765,0.0028713250067085028,9.522449493408203,0.00036877498496323824,0.027610739693045616,-0.00014649976219516248,0.0,1.93,80
723.7393381576985,1781615264.4846308,-0.43642836809158325,0.0026734669227153063,9.577378273010254,0.0003799427067860961,0.0252040084451437,-0.00014598958659917116,0.0,1.94,80
723.749338157475,1781615264.4941356,-0.44036173820495605,0.001770551549270749,9.634991645812988,0.00038492484600283206,0.022795183584094048,-0.00014551167259924114,0.0,1.95,80
723.7593381572515,1781615264.503649,-0.44275495409965515,0.0023022987879812717,9.692544937133789,0.0003839489072561264,0.020427905023097992,-0.00014507383457385004,0.0,1.96,80
723.769338157028,1781615264.5151465,-0.4473978579044342,-0.009899923577904701,9.747781753540039,0.0003224157262593508,0.01813288778066635,-7.784039189573377e-05,0.0,1.97,80
723.7793381568044,1781615264.5251539,-0.4506476819515228,0.0026141812559217215,9.799070358276367,0.00031919675529934466,0.015930259600281715,-7.743686728645116e-05,0.0,1.98,80
723.7893381565809,1781615264.5356865,-0.4541143774986267,0.0026695583947002888,9.845065116882324,0.0003112987906206399,0.013832155615091324,-7.708110933890566e-05,0.0,1.99,80
723.7993381563574,1781615264.5458071,-0.4573466181755066,0.002647061599418521,9.8850736618042,0.0002991659566760063,0.011844836175441742,-7.677247049286962e-05,0.0,2.0,80
723.8093381561339,1781615264.5559886,-0.4608493149280548,0.002961673540994525,9.918590545654297,0.0002830881276167929,0.00997042004019022,-7.651044870726764e-05,0.0,2.0100000000000002,80
723.8193381559104,1781615264.5666115,-0.4627209007740021,0.0014367937110364437,9.945534706115723,0.00026371306739747524,0.008208237588405609,-7.629128231201321e-05,0.0,2.02,80
723.8293381556869,1781615264.5771194,-0.4653046429157257,0.0027938615530729294,9.966034889221191,0.00024140281311701983,0.006556288339197636,-7.611289038322866e-05,0.0,2.0300000000000002,80
723.8393381554633,1781615264.5876348,-0.46713200211524963,0.0015522370813414454,9.98038387298584,0.0002168299979530275,0.005011668428778648,-7.597056537633762e-05,0.0,2.04,80
723.8493381552398,1781615264.5979981,-0.4691092073917389,0.0029183966107666492,9.98904037475586,0.00019030217663384974,0.00357144046574831,-7.58622118155472e-05,0.0,2.05,80
723.8593381550163,1781615264.6081467,-0.47066354751586914,0.002982676960527897,9.992559432983398,0.00016255649097729474,0.002233015839010477,-7.578243094030768e-05,0.0,2.06,80
723.8693381547928,1781615264.6176558,-0.471551775932312,0.001753689837642014,9.991557121276855,0.00013391891843639314,0.000994205824099481,-7.572887261630967e-05,0.0,2.07,80
723.8793381545693,1781615264.62771,-0.4648665189743042,0.006840578280389309,9.98666763305664,0.00010505727550480515,-0.000146364196552895,-7.569677836727351e-05,0.0,2.08,80
723.8893381543458,1781615264.6379523,-0.4888666570186615,-0.00706510990858078,9.978557586669922,7.63292919145897e-05,-0.00118977390229702,-7.568362343590707e-05,0.0,2.09,80
723.8993381541222,1781615264.6480396,-0.46667736768722534,0.00836374331265688,9.967805862426758,4.832536797039211e-05,-0.002136356197297573,-7.56852823542431e-05,0.0,2.1,80
723.9093381538987,1781615264.6580698,-0.47395721077919006,0.0005464257556013763,9.9550142288208,2.1379717509262264e-05,-0.0029863817617297173,-7.56994413677603e-05,0.0,2.11,80
723.9193381536752,1781615264.668576,-0.47589558362960815,0.003671085461974144,9.940783500671387,-4.201277533866232e-06,-0.003739828011021018,-7.572400500066578e-05,0.0,2.12,80
723.9293381534517,1781615264.6788366,-0.4746359884738922,0.001798078534193337,9.925470352172852,-2.80325511994306e-05,-0.004396896343678236,-7.575627387268469e-05,0.0,2.13,80
723.9393381532282,1781615264.6883442,-0.47631025314331055,0.0025406270287930965,9.909660339355469,-4.992997128283605e-05,-0.0049579390324652195,-7.579489465570077e-05,0.0,2.14,80
723.9493381530046,1781615264.6978533,-0.47521644830703735,0.001969187520444393,9.893613815307617,-6.957769801374525e-05,-0.005423593334853649,-7.583751721540466e-05,0.0,2.15,80
723.9593381527811,1781615264.7068563,1.8865081071853638,0.008709422312676907,9.2921781539917,-8.54799582157284e-05,-0.014550436288118362,-0.00014605953765567392,0.0,2.16,80
723.9693381525576,1781615264.7177079,1.8617315292358398,-0.004103212617337704,9.508437156677246,-0.00016410645912401378,-0.021699892356991768,-0.00014009774895384908,0.0,2.17,80
723.9793381523341,1781615264.729755,1.8404141664505005,0.006935854908078909,9.692073822021484,-0.000170170416822657,-0.02706560492515564,-0.00021103519247844815,0.0,2.18,80
723.9893381521106,1781615264.739932,1.8217180967330933,-0.008004274219274521,9.841352462768555,-0.00024852901697158813,-0.030858194455504417,-0.00019400285964366049,0.0,2.19,80
723.9993381518871,1781615264.7501607,1.8063716888427734,-0.00429421616718173,9.956721305847168,-0.0003041781601496041,-0.03329326584935188,-0.00019154042820446193,0.0,2.2,80
724.0093381516635,1781615264.7606657,1.7958351373672485,-0.004603739362210035,10.039972305297852,-0.00034422657336108387,-0.03458169847726822,-0.00019707047613337636,0.0,2.21,80
724.01933815144,1781615264.7711694,1.785682201385498,0.010279824957251549,10.093964576721191,-0.0003220434591639787,-0.03492281585931778,-0.00026896409690380096,0.0,2.22,80
724.0293381512165,1781615264.781698,1.779345154762268,-0.007739415857940912,10.122143745422363,-0.00037185344262979925,-0.03449986129999161,-0.0002536057436373085,0.0,2.23,80
724.039338150993,1781615264.7907984,1.7760162353515625,-0.005550024565309286,10.128498077392578,-0.00040279029053635895,-0.033476974815130234,-0.00024943024618551135,0.0,2.24,80
724.0493381507695,1781615264.802053,1.772682785987854,-0.003083034185692668,10.117032051086426,-0.0004202037234790623,-0.03199788182973862,-0.00025151370209641755,0.0,2.25,80
724.059338150546,1781615264.8105822,1.7723174095153809,-0.004140864126384258,10.091670036315918,-0.0004280123976059258,-0.03018576093018055,-0.00025661892141215503,0.0,2.2600000000000002,80
724.0693381503224,1781615264.8199463,1.7716498374938965,-0.0023646007757633924,10.056107521057129,-0.0004281526489648968,-0.02814389578998089,-0.00026341306511312723,0.0,2.27,80
724.0793381500989,1781615264.830019,1.7733718156814575,-0.003804217092692852,10.01381778717041,-0.00042234908323735,-0.025956977158784866,-0.0002704393700696528,0.0,2.2800000000000002,80
724.0893381498754,1781615264.8403583,1.7746620178222656,-0.0024854782968759537,9.967687606811523,-0.0004114620096515864,-0.023693298920989037,-0.00027746427804231644,0.0,2.29,80
724.0993381496519,1781615264.8498642,1.7769544124603271,-0.003877358976751566,9.920321464538574,-0.00039633410051465034,-0.021406345069408417,-0.00028391199884936213,0.0,2.3000000000000003,80
724.1093381494284,1781615264.8589687,1.7785711288452148,-0.002459457376971841,9.87385368347168,-0.0003774947836063802,-0.019137036055326462,-0.00028993282467126846,0.0,2.31,80
724.1193381492049,1781615264.8685026,1.781242847442627,-0.003876433242112398,9.83010482788086,-0.00035200081765651703,-0.016917163506150246,-0.0002951995993498713,0.0,2.32,80
724.1293381489813,1781615264.8770113,1.7837917804718018,-0.0029842196963727474,9.78976058959961,-0.00032789871329441667,-0.014766189269721508,-0.0002998228301294148,0.0,2.33,80
724.1393381487578,1781615264.8880816,1.7859166860580444,-0.004201094154268503,9.754327774047852,-0.00030151629471220076,-0.012700831517577171,-0.0003037836868315935,0.0,2.34,80
724.1493381485343,1781615264.8950815,1.787690281867981,-0.002973286435008049,9.724156379699707,-0.0002732623543124646,-0.01073117833584547,-0.00030733790481463075,0.0,2.35,80
724.1593381483108,1781615264.9065876,1.7904268503189087,-0.00470301927998662,9.699529647827148,-0.00024373926862608641,-0.008863735012710094,-0.00031039491295814514,0.0,2.36,80
724.1693381480873,1781615264.9168904,1.7908879518508911,-0.0030167330987751484,9.680474281311035,-0.00021303944231476635,-0.007102189585566521,-0.0003132515703327954,0.0,2.37,80
724.1793381478637,1781615264.9257798,1.7928539514541626,-0.0033483668230473995,9.666826248168945,-0.00018183923384640366,-0.00544845312833786,-0.00031551707070320845,0.0,2.38,80
724.1893381476402,1781615264.9347844,1.794406771659851,-0.004788897465914488,9.658295631408691,-0.00015069045184645802,-0.0039033815264701843,-0.00031734947697259486,0.0,2.39,80
724.1993381474167,1781615264.9442892,1.7952094078063965,-0.0035371261183172464,9.65447998046875,-0.00011962785356445238,-0.002467021346092224,-0.00031901494367048144,0.0,2.4,80
724.2093381471932,1781615264.9537938,1.7960937023162842,-0.0036748633719980717,9.654867172241211,-8.915982471080497e-05,-0.0011392044834792614,-0.00032045558327808976,0.0,2.41,80
724.2193381469697,1781615264.9630024,1.796256422996521,-0.0034874349366873503,9.658916473388672,-5.9652327763615176e-05,8.027319563552737e-05,-0.0003216272161807865,0.0,2.42,80
724.2293381467462,1781615264.9721315,1.7975839376449585,-0.005143992602825165,9.666121482849121,-3.1531362765235826e-05,0.001191996387206018,-0.00032244346220977604,0.0,2.43,80
724.2393381465226,1781615264.9806597,1.7973227500915527,-0.0025782401207834482,9.675922393798828,-4.752942459163023e-06,0.002196364803239703,-0.00032332175760529935,0.0,2.44,80
724.2493381462991,1781615264.991165,1.7977391481399536,-0.0051207211799919605,9.687773704528809,2.0209859940223396e-05,0.003093901090323925,-0.00032400336931459606,0.0,2.45,80
724.2593381460756,1781615265.001669,1.7975417375564575,-0.003861714620143175,9.701181411743164,4.333292963565327e-05,0.0038853243459016085,-0.0003247377462685108,0.0,2.46,80
724.2693381458521,1781615265.011172,1.7983306646347046,-0.005416292697191238,9.715682983398438,6.433641829062253e-05,0.004571503959596157,-0.00032546609872952104,0.0,2.47,80
724.2793381456286,1781615265.022678,1.7975069284439087,-0.003840997349470854,9.731247901916504,9.012910595629364e-05,0.005151478573679924,-0.0003265060659032315,0.0,2.48,80
724.289338145405,1781615265.0347543,1.7970317602157593,-0.0027428455650806427,9.746312141418457,0.00010579725494608283,0.005631895270198584,-0.0003275795897934586,0.0,2.49,80
724.2993381451815,1781615265.0448174,1.7978570461273193,-0.005644545890390873,9.761777877807617,0.00011890949099324644,0.006012661382555962,-0.0003286334977019578,0.0,2.5,80
724.309338144958,1781615265.0565705,1.7966877222061157,-0.004097927827388048,9.776994705200195,0.00012991043331567198,0.006296669133007526,-0.0003301239921711385,0.0,2.5100000000000002,80
724.3193381447345,1781615265.0665734,1.7960485219955444,-0.0028677184600383043,9.791646003723145,0.00013871336705051363,0.006487411912530661,-0.00033192444243468344,0.0,2.52,80
724.329338144511,1781615265.0777576,1.7958483695983887,-0.004176141228526831,9.805594444274902,0.000144887191709131,0.006589227356016636,-0.00033347660792060196,0.0,2.5300000000000002,80
724.3393381442875,1781615265.0882618,1.7958306074142456,-0.004496829118579626,9.818719863891602,0.00014873612963128835,0.006606976501643658,-0.00033499838900752366,0.0,2.54,80
724.349338144064,1781615265.0987694,1.794264554977417,-0.004051935393363237,9.830843925476074,0.00015034042007755488,0.006545976735651493,-0.0003366334130987525,0.0,2.5500000000000003,80
724.3593381438404,1781615265.1078985,1.794622778892517,-0.004603483714163303,9.841952323913574,0.00014956035010982305,0.006412208080291748,-0.00033845988218672574,0.0,2.56,80
724.3693381436169,1781615265.1179533,1.793131709098816,-0.003060801886022091,9.851941108703613,0.00014763757644686848,0.006212576758116484,-0.00034041141043417156,0.0,2.57,80
724.3793381433934,1781615265.128038,1.7921843528747559,-0.0041748518124222755,9.860769271850586,0.00014371881843544543,0.005953668616712093,-0.00034217300708405674,0.0,2.58,80
724.3893381431699,1781615265.1395452,1.7925788164138794,-0.0059519060887396336,9.868481636047363,0.00013823792687617242,0.005642573814839125,-0.0003439538413658738,0.0,2.59,80
724.3993381429464,1781615265.1500607,1.7902827262878418,-0.002940269187092781,9.875053405761719,0.00013166842109058052,0.005286776460707188,-0.0003462181775830686,0.0,2.6,80
724.4093381427228,1781615265.1595757,1.7898590564727783,-0.00318587152287364,9.880529403686523,0.00012387936294544488,0.00489372992888093,-0.0003484663902781904,0.0,2.61,80
724.4193381424993,1781615265.1697595,1.7896636724472046,-0.004762368742376566,9.88492202758789,0.00011489211465232074,0.0044708545319736,-0.00035050726728513837,0.0,2.62,80
724.4293381422758,1781615265.1810794,1.7880170345306396,-0.005621899850666523,9.888289451599121,0.00010505317914066836,0.00402549933642149,-0.0003525055944919586,0.0,2.63,80
724.4393381420523,1781615265.1906064,1.7865952253341675,-0.0019175016786903143,9.890701293945312,9.48577726376243e-05,0.003564797807484865,-0.00035486393608152866,0.0,2.64,80
724.4493381418288,1781615265.2007575,1.7860444784164429,-0.004505372606217861,9.892184257507324,8.389847789658234e-05,0.0030956550035625696,-0.0003568023385014385,0.0,2.65,80
724.4593381416053,1781615265.2101197,1.7844749689102173,-0.004323063883930445,9.892831802368164,7.260772690642625e-05,0.0026245045010000467,-0.0003585378872230649,0.0,2.66,80
724.4693381413817,1781615265.218635,1.7843315601348877,-0.0047611938789486885,9.89271068572998,6.124917126726359e-05,0.0021575235296040773,-0.00036019727122038603,0.0,2.67,80
724.4793381411582,1781615265.2297804,1.7819890975952148,-0.003001243807375431,9.89190673828125,5.003006663173437e-05,0.0017002362292259932,-0.00036193319829180837,0.0,2.68,80
724.4893381409347,1781615265.2388198,1.781934380531311,-0.0058551509864628315,9.890416145324707,3.89072738471441e-05,0.0012576457811519504,-0.0003633344604168087,0.0,2.69,80
724.4993381407112,1781615265.249888,1.780494213104248,-0.004546640440821648,9.88844108581543,2.8422909963410348e-05,0.0008343842928297818,-0.00036497091059572995,0.0,2.7,80
724.5093381404877,1781615265.2610795,1.778501033782959,-0.0029661282896995544,9.885937690734863,1.8566532162367366e-05,0.0004342308675404638,-0.0003667652781587094,0.0,2.71,80
724.5193381402642,1781615265.2695959,1.7786176204681396,-0.004734438378363848,9.88303279876709,9.199427950079553e-06,6.060627492843196e-05,-0.000368365814210847,0.0,2.72,80
724.5293381400406,1781615265.2796857,1.7762653827667236,-0.0029626209288835526,9.879801750183105,5.059288810116414e-07,-0.0002837922365870327,-0.00036987103521823883,0.0,2.73,80
724.5393381398171,1781615265.2887616,1.7765476703643799,-0.0060320510528981686,9.876301765441895,-7.742368325125426e-06,-0.0005966777680441737,-0.0003708724689204246,0.0,2.74,80
724.5493381395936,1781615265.2988324,1.774216890335083,-0.004216495435684919,9.872575759887695,-1.5051075024530292e-05,-0.0008766781538724899,-0.0003720595268532634,0.0,2.75,80
724.5593381393701,1781615265.3079767,1.7731826305389404,-0.0031280715484172106,9.86870002746582,-2.1444262529257685e-05,-0.0011227477807551622,-0.0003733477205969393,0.0,2.7600000000000002,80
724.5693381391466,1781615265.3169773,1.7724080085754395,-0.004450220614671707,9.864748001098633,-2.715376831474714e-05,-0.0013343674363568425,-0.0003743166453205049,0.0,2.77,80
724.579338138923,1781615265.327103,1.7712210416793823,-0.0044280472211539745,9.860787391662598,-3.215487231500447e-05,-0.0015114141860976815,-0.0003749536699615419,0.0,2.7800000000000002,80
724.5893381386995,1781615265.3366065,1.7701903581619263,-0.0044051045551896095,9.856846809387207,-3.635926259448752e-05,-0.0016543969977647066,-0.0003754672361537814,0.0,2.79,80
724.599338138476,1781615265.3466089,1.7687573432922363,-0.0030881166458129883,9.852941513061523,-3.975268919020891e-05,-0.0017642586026340723,-0.0003758357197511941,0.0,2.8000000000000003,80
724.6093381382525,1781615265.3569999,1.7683247327804565,-0.005758346524089575,9.849170684814453,-4.243760122335516e-05,-0.0018421090207993984,-0.00037576144677586854,0.0,2.81,80
724.619338138029,1781615265.3666432,1.766639232635498,-0.0031009099911898375,9.845548629760742,-4.419456672621891e-05,-0.0018894367385655642,-0.00037575550959445536,0.0,2.82,80
724.6293381378055,1781615265.3766458,1.7661672830581665,-0.005686052609235048,9.842094421386719,-4.538735083770007e-05,-0.0019080741330981255,-0.00037537681055255234,0.0,2.83,80
724.639338137582,1781615265.3859677,1.76463782787323,-0.003080782014876604,9.838850975036621,-4.560463275993243e-05,-0.0019001334439963102,-0.0003750248870346695,0.0,2.84,80
724.6493381373584,1781615265.3981686,1.7642067670822144,-0.005667243618518114,9.83583927154541,-4.533076207735576e-05,-0.0018677260959520936,-0.00037436484126374125,0.0,2.85,80
724.6593381371349,1781615265.4106743,1.7627191543579102,-0.0030673504807054996,9.833086013793945,-4.4255226384848356e-05,-0.0018132843542844057,-0.00037377869011834264,0.0,2.86,80
724.6693381369114,1781615265.4189353,1.7623000144958496,-0.005708186887204647,9.830602645874023,-4.278092455933802e-05,-0.0017390814609825611,-0.00037281669210642576,0.0,2.87,80
724.6793381366879,1781615265.428146,1.7610299587249756,-0.004366872366517782,9.828394889831543,-4.062505831825547e-05,-0.0016477461904287338,-0.00037209229776635766,0.0,2.88,80
724.6893381364644,1781615265.4446728,1.7600948810577393,-0.004329554736614227,9.826451301574707,-3.804518564720638e-05,-0.0015418240800499916,-0.00037129485281184316,0.0,2.89,80
724.6993381362408,1781615265.4507637,1.7592583894729614,-0.004379659425467253,9.824792861938477,-3.505168933770619e-05,-0.0014238476287573576,-0.00037044906639494,0.0,2.9,80
724.7093381360173,1781615265.4598556,1.7578812837600708,-0.004118158016353846,9.82341480255127,-3.178572660544887e-05,-0.0012962444452568889,-0.0003695441992022097,0.0,2.91,80
724.7193381357938,1781615265.4689064,1.757907748222351,-0.0045773945748806,9.822317123413086,-2.8418839065125212e-05,-0.0011613480746746063,-0.0003685277479235083,0.0,2.92,80
724.7293381355703,1781615265.4774108,1.7570000886917114,-0.004577941726893187,9.82148265838623,-2.4793780539766885e-05,-0.0010215528309345245,-0.00036738032940775156,0.0,2.93,80
724.7393381353468,1781615265.4869282,1.7554466724395752,-0.005443857982754707,9.82091236114502,-2.104242958012037e-05,-0.0008789275889284909,-0.0003661972004920244,0.0,2.94,80
724.7493381351233,1781615265.4984426,1.754874348640442,-0.004343092907220125,9.820594787597656,-1.690834506007377e-05,-0.0007355337147600949,-0.0003653262392617762,0.0,2.95,80
724.7593381348997,1781615265.5069494,1.753994345664978,-0.004367187153548002,9.820464134216309,-1.2741586033371277e-05,-0.000593337113969028,-0.000364568957593292,0.0,2.96,80
724.7693381346762,1781615265.5184562,1.7531400918960571,-0.004337300546467304,9.820599555969238,-8.729070032131858e-06,-0.00045387580757960677,-0.0003639003844000399,0.0,2.97,80
724.7793381344527,1781615265.5271256,1.7522673606872559,-0.004356566350907087,9.82088851928711,-4.84521751786815e-06,-0.0003188490809407085,-0.0003632565203588456,0.0,2.98,80
724.7893381342292,1781615265.5351284,1.7517093420028687,-0.0056282649748027325,9.821382522583008,-1.1571396498766262e-06,-0.0001895668392535299,-0.00036252549034543335,0.0,2.99,80
724.7993381340057,1781615265.5466335,1.750257134437561,-0.0030067143961787224,9.82200813293457,2.552005298639415e-06,-6.726173887727782e-05,-0.000362047809176147,0.0,3.0,80
724.8093381337821,1781615265.570799,1.7499945163726807,-0.005622005555778742,9.822760581970215,5.781675554317189e-06,4.71181956527289e-05,-0.0003613433800637722,0.0,3.0100000000000002,80
724.8193381335586,1781615265.5828586,1.7488278150558472,-0.004299444146454334,9.823657035827637,8.838177564030048e-06,0.00015277914644684643,-0.0003608631668612361,0.0,3.02,80
724.8293381333351,1781615265.5923643,1.7479504346847534,-0.004322300665080547,9.824641227722168,1.1776401152019389e-05,0.0002491135965101421,-0.00036051677307114005,0.0,3.0300000000000002,80
724.8393381331116,1781615265.6008942,1.7470972537994385,-0.004296737723052502,9.825684547424316,1.4377209481608588e-05,0.0003356043598614633,-0.00036022451240569353,0.0,3.04,80
724.8493381328881,1781615265.6110775,1.746212124824524,-0.004317155573517084,9.826781272888184,1.6582514945184812e-05,0.00041193063952960074,-0.0003600075433496386,0.0,3.0500000000000003,80
724.8593381326646,1781615265.6246057,1.7450337409973145,-0.0030364193953573704,9.827908515930176,1.8465021639713086e-05,0.000477835739729926,-0.0003598309413064271,0.0,3.06,80
724.869338132441,1781615265.6347601,1.745219111442566,-0.005868557374924421,9.829065322875977,1.967161733773537e-05,0.000533418555278331,-0.00035919167567044497,0.0,3.0700000000000003,80
724.8793381322175,1781615265.6430042,1.7430530786514282,-0.00413941964507103,9.830245971679688,2.07194152608281e-05,0.0005788758862763643,-0.00035878384369425476,0.0,3.08,80
724.889338131994,1781615265.6535082,1.7423551082611084,-0.0030387460719794035,9.831387519836426,2.161384873033967e-05,0.0006143543869256973,-0.00035840095370076597,0.0,3.09,80
724.8993381317705,1781615265.6650357,1.7424969673156738,-0.005915740504860878,9.832489967346191,2.201457209594082e-05,0.0006401657010428607,-0.0003577196621336043,0.0,3.1,80
724.909338131547,1781615265.6755483,1.7405210733413696,-0.003060916904360056,9.83359432220459,2.2223381165531464e-05,0.0006568346288986504,-0.00035721875610761344,0.0,3.11,80
724.9193381313235,1781615265.6850543,1.7394373416900635,-0.004149081185460091,9.834616661071777,2.198271977249533e-05,0.0006647692644037306,-0.000356530596036464,0.0,3.12,80
724.9293381310999,1781615265.6945596,1.7397171258926392,-0.005958023015409708,9.835567474365234,2.144820973626338e-05,0.0006646155961789191,-0.00035564479185268283,0.0,3.13,80
724.9393381308764,1781615265.7047431,1.7376476526260376,-0.004230398219078779,9.836503028869629,2.0957271772203967e-05,0.0006570243858732283,-0.0003551289264578372,0.0,3.14,80
724.9493381306529,1781615265.7180989,1.7370926141738892,-0.004384415689855814,9.83731746673584,2.031349140452221e-05,0.0006426821346394718,-0.0003546359366737306,0.0,3.15,80
724.9593381304294,1781615265.733936,1.7361397743225098,-0.004398366902023554,9.838082313537598,1.9663910279632546e-05,0.0006223797681741416,-0.00035425301757641137,0.0,3.16,80
724.9693381302059,1781615265.7444403,1.7356821298599243,-0.004583566915243864,9.838757514953613,1.899224844237324e-05,0.0005968227051198483,-0.0003538692253641784,0.0,3.17,80
724.9793381299824,1781615265.7539594,1.7340608835220337,-0.005450813099741936,9.839360237121582,1.824289392970968e-05,0.0005667018122039735,-0.0003534833958838135,0.0,3.18,80
724.9893381297588,1781615265.76663,1.7329869270324707,-0.0030498241540044546,9.839859962463379,1.767761023074854e-05,0.000532756675966084,-0.00035353770363144577,0.0,3.19,80
724.9993381295353,1781615265.775633,1.7323306798934937,-0.004360946360975504,9.840290069580078,1.679395791143179e-05,0.0004957880591973662,-0.00035344669595360756,0.0,3.2,80
725.0093381293118,1781615265.785894,1.7313563823699951,-0.004368623252958059,9.840630531311035,1.5809977412573062e-05,0.00045646578655578196,-0.00035335341817699373,0.0,3.21,80
725.0193381290883,1781615265.7959452,1.7306667566299438,-0.005680111702531576,9.840879440307617,1.4789554370508995e-05,0.0004154569760430604,-0.0003531369147822261,0.0,3.22,80
725.0293381288648,1781615265.8080628,1.7291027307510376,-0.003050165483728051,9.841075897216797,1.3965165635454468e-05,0.0003735113132279366,-0.00035327213117852807,0.0,3.23,80
725.0393381286412,1781615265.8175902,1.7284350395202637,-0.004355208016932011,9.841170310974121,1.2928840988024604e-05,0.00033110237563960254,-0.00035325612407177687,0.0,3.24,80
725.0493381284177,1781615265.8255897,1.7274466753005981,-0.004361835308372974,9.841229438781738,1.1874442861881107e-05,0.0002888833114411682,-0.0003531824331730604,0.0,3.25,80
725.0593381281942,1781615265.8377438,1.7264611721038818,-0.004371444694697857,9.84117317199707,1.0677052159735467e-05,0.00024732330348342657,-0.000352929113432765,0.0,3.2600000000000002,80
725.0693381279707,1781615265.8467433,1.7251819372177124,-0.0030756432097405195,9.84109115600586,9.476530976826325e-06,0.00020693795522674918,-0.0003527083317749202,0.0,3.27,80
725.0793381277472,1781615265.8595207,1.724770426750183,-0.005722427740693092,9.840964317321777,8.121827704599127e-06,0.00016816782590467483,-0.0003521088510751724,0.0,3.2800000000000002,80
725.0893381275237,1781615265.8690271,1.7230193614959717,-0.0041671874932944775,9.840751647949219,6.950660917937057e-06,0.0001312803360633552,-0.0003516142023727298,0.0,3.29,80
725.0993381273001,1781615265.8785338,1.7229748964309692,-0.004624595399945974,9.840530395507812,5.79481866225251e-06,9.66974112088792e-05,-0.00035112909972667694,0.0,3.3000000000000003,80
725.1093381270766,1781615265.8920407,1.7215102910995483,-0.004406442865729332,9.840271949768066,4.973343038727762e-06,6.464905891334638e-05,-0.0003506932989694178,0.0,3.31,80
725.1193381268531,1781615265.9021022,1.7208404541015625,-0.005668795667588711,9.83995532989502,4.1373168642167e-06,3.526211730786599e-05,-0.0003502888430375606,0.0,3.3200000000000003,80
725.1293381266296,1781615265.9136064,1.7187966108322144,-0.0028171190060675144,9.839649200439453,3.735733798748697e-06,8.750635970500298e-06,-0.0003501888131722808,0.0,3.33,80
725.1393381264061,1781615265.9231217,1.7192293405532837,-0.005872626323252916,9.839289665222168,3.207258487236686e-06,-1.477176647313172e-05,-0.00034993625013157725,0.0,3.34,80
725.1493381261826,1781615265.9322321,1.7168980836868286,-0.0017105459701269865,9.838951110839844,2.9694313070649514e-06,-3.5277113056508824e-05,-0.0003499718732200563,0.0,3.35,80
725.159338125959,1781615265.9427385,1.7163397073745728,-0.005430593620985746,9.838583946228027,2.3939123821037356e-06,-5.2707415306940675e-05,-0.0003494028642307967,0.0,3.36,80
725.1693381257355,1781615265.954101,1.7162779569625854,-0.005893583409488201,9.838228225708008,1.82756070898904e-06,-6.699735240545124e-05,-0.00034875833080150187,0.0,3.37,80
725.179338125512,1781615265.9636,1.7137682437896729,-0.002810203470289707,9.83788013458252,1.6405957694587414e-06,-7.838209421606734e-05,-0.000348486821167171,0.0,3.38,80
725.1893381252885,1781615265.9748418,1.714347243309021,-0.00586648378521204,9.837495803833008,1.437588707631221e-06,-8.687601803103462e-05,-0.00034805803443305194,0.0,3.39,80
725.199338125065,1781615265.985354,1.7118407487869263,-0.0027845115400850773,9.837179183959961,1.4543192037308472e-06,-9.261625382350758e-05,-0.00034791469806805253,0.0,3.4,80
725.2093381248415,1781615265.9958606,1.7124223709106445,-0.005838288459926844,9.836835861206055,1.390075567542226e-06,-9.569036774337292e-05,-0.00034749769838526845,0.0,3.41,80
725.2193381246179,1781615266.0059748,1.7101852893829346,-0.004106292966753244,9.836540222167969,1.60382899139222e-06,-9.628692350815982e-05,-0.0003474016848485917,0.0,3.42,80
725.2293381243944,1781615266.0153205,1.7094241380691528,-0.0029998375102877617,9.836241722106934,1.8720525076787453e-06,-9.469334327150136e-05,-0.0003473497345112264,0.0,3.43,80
725.2393381241709,1781615266.0258288,1.709223747253418,-0.004567990079522133,9.835933685302734,2.0242075606802246e-06,-9.109562961384654e-05,-0.00034703456913121045,0.0,3.44,80
725.2493381239474,1781615266.036586,1.7073081731796265,-0.004126035142689943,9.835714340209961,2.064923819489195e-06,-8.560519927414134e-05,-0.0003466264752205461,0.0,3.45,80
725.2593381237239,1781615266.046602,1.707580327987671,-0.0058855582028627396,9.835484504699707,2.0395582396304235e-06,-7.846089283702895e-05,-0.0003460385778453201,0.0,3.46,80
725.2693381235003,1781615266.0568514,1.7050888538360596,-0.0028047061059623957,9.835285186767578,2.306352826053626e-06,-6.995911826379597e-05,-0.00034573013545013964,0.0,3.47,80
725.2793381232768,1781615266.0695539,1.7056548595428467,-0.0059080482460558414,9.835101127624512,2.3999841687327716e-06,-6.0228318034205586e-05,-0.0003451975353527814,0.0,3.48,80
725.2893381230533,1781615266.079773,1.7031662464141846,-0.0028276690281927586,9.834959030151367,2.768701733657508e-06,-4.958466161042452e-05,-0.00034496071748435497,0.0,3.49,80
725.2993381228298,1781615266.089966,1.7036540508270264,-0.005836145021021366,9.834800720214844,2.920738552347757e-06,-3.811723945545964e-05,-0.0003443546302150935,0.0,3.5,80
725.3093381226063,1781615266.099041,1.7014542818069458,-0.0040560332126915455,9.834739685058594,3.1927211239235476e-06,-2.5997116608778015e-05,-0.0003439215070102364,0.0,3.5100000000000002,80
725.3193381223828,1781615266.1093295,1.7009700536727905,-0.004297388717532158,9.834664344787598,3.5667469546751818e-06,-1.3515564205590636e-05,-0.00034356501419097185,0.0,3.52,80
725.3293381221592,1781615266.118942,1.6997246742248535,-0.0030080960132181644,9.834587097167969,3.961151378462091e-06,-9.949015975507791e-07,-0.0003432601224631071,0.0,3.5300000000000002,80
725.3393381219357,1781615266.128423,1.6998506784439087,-0.00583178224042058,9.834545135498047,4.090505171916448e-06,1.1586857908696402e-05,-0.0003426351468078792,0.0,3.54,80
725.3493381217122,1781615266.1387954,1.6973401308059692,-0.0028002397157251835,9.834541320800781,4.351958068582462e-06,2.3976941520231776e-05,-0.0003421902365516871,0.0,3.5500000000000003,80
725.3593381214887,1781615266.14933,1.6974666118621826,-0.005632738117128611,9.8345365524292,4.340822215453954e-06,3.608597762649879e-05,-0.0003413998056203127,0.0,3.56,80
725.3693381212652,1781615266.1593006,1.6966668367385864,-0.004570744000375271,9.834567070007324,4.576001629175153e-06,4.7837456804700196e-05,-0.00034077450982294977,0.0,3.5700000000000003,80
725.3793381210417,1781615266.1691346,1.694501280784607,-0.002785256365314126,9.834607124328613,4.92742947244551e-06,5.900350151932798e-05,-0.0003403229347895831,0.0,3.58,80
725.3893381208181,1781615266.1794858,1.6950746774673462,-0.005890086758881807,9.834648132324219,5.0147568799729925e-06,6.951454270165414e-05,-0.0003395848034415394,0.0,3.59,80
725.3993381205946,1781615266.189259,1.692591905593872,-0.002806680742651224,9.834717750549316,5.306809271132806e-06,7.929812272777781e-05,-0.00033904300653375685,0.0,3.6,80
725.4093381203711,1781615266.198765,1.6931670904159546,-0.005912519060075283,9.83476734161377,5.278115168039221e-06,8.827711280900985e-05,-0.00033818892552517354,0.0,3.61,80
725.4193381201476,1781615266.209262,1.6909716129302979,-0.004130965564399958,9.834866523742676,5.519307705981191e-06,9.643490921007469e-05,-0.0003375601954758167,0.0,3.62,80
725.4293381199241,1781615266.2202594,1.690407395362854,-0.004278761800378561,9.834932327270508,5.823485935252393e-06,0.00010373469558544457,-0.0003369769547134638,0.0,3.63,80
725.4393381197006,1781615266.2301273,1.689450740814209,-0.004293494392186403,9.835023880004883,6.015915914758807e-06,0.00011012628237949684,-0.0003363896976225078,0.0,3.64,80
725.449338119477,1781615266.2417014,1.688968539237976,-0.0045267269015312195,9.83510971069336,6.143760856502922e-06,0.00011556870595086366,-0.00033580666058696806,0.0,3.65,80
725.4593381192535,1781615266.2545154,1.687354564666748,-0.005390303209424019,9.835211753845215,6.351504453050438e-06,0.00012010973296128213,-0.00033522662124596536,0.0,3.66,80
725.46933811903,1781615266.2671108,1.6858162879943848,-0.002771290484815836,9.835297584533691,6.861143447167706e-06,0.0001237759570358321,-0.000334994780132547,0.0,3.67,80
725.4793381188065,1781615266.2809763,1.6865952014923096,-0.004746668506413698,9.83537769317627,6.977061275392771e-06,0.00012658096966333687,-0.00033451165654696524,0.0,3.68,80
725.489338118583,1781615266.2915561,1.6845065355300903,-0.005379223730415106,9.83548355102539,7.227424703160068e-06,0.0001285853941226378,-0.00033401863765902817,0.0,3.69,80
725.4993381183594,1781615266.3017607,1.6834410429000854,-0.0029823703225702047,9.835546493530273,7.554878720839042e-06,0.0001296732370974496,-0.0003338291426189244,0.0,3.7,80
725.5093381181359,1781615266.3120174,1.6830886602401733,-0.005587659310549498,9.8356351852417,7.784314220771194e-06,0.00013010921247769147,-0.00033345582778565586,0.0,3.71,80
725.5193381179124,1781615266.321462,1.6814090013504028,-0.002461293712258339,9.832266807556152,3.030300467798952e-05,0.00010685902088880539,-0.0003296653158031404,0.0,3.72,80
725.5293381176889,1781615266.3312666,1.6815589666366577,-0.005877848248928785,9.836742401123047,2.693105307116639e-05,0.00011211743549210951,-0.0003292928449809551,0.0,3.73,80
725.5393381174654,1781615266.3405788,1.6798388957977295,-0.004307716619223356,9.836697578430176,2.374608811805956e-05,0.00011610788351390511,-0.0003292368201073259,0.0,3.74,80
725.5493381172419,1781615266.351411,1.678806185722351,-0.004227034747600555,9.836617469787598,2.0763174688909203e-05,0.00011875220661750063,-0.0003293700283393264,0.0,3.75,80
725.5593381170183,1781615266.3612556,1.677092432975769,-0.0027168591041117907,9.836532592773438,1.8015780369751155e-05,0.0001201166887767613,-0.000329647766193375,0.0,3.7600000000000002,80
725.5693381167948,1781615266.3704438,1.6776700019836426,-0.005817989818751812,9.836432456970215,1.5080557204782963e-05,0.0001202977291541174,-0.0003296220093034208,0.0,3.77,80
725.5793381165713,1781615266.380605,1.675662636756897,-0.0029550360050052404,9.836360931396484,1.250692548637744e-05,0.00011951233318541199,-0.0003297430812381208,0.0,3.7800000000000002,80
725.5893381163478,1781615266.3899107,1.675495982170105,-0.004477097187191248,9.836289405822754,9.840773600444663e-06,0.00011778382759075612,-0.0003295580099802464,0.0,3.79,80
725.5993381161243,1781615266.399714,1.673860788345337,-0.005384744144976139,9.836199760437012,7.380683655355824e-06,0.00011531615746207535,-0.0003292961628176272,0.0,3.8000000000000003,80
725.6093381159008,1781615266.4101777,1.6723461151123047,-0.0027094699908047915,9.836145401000977,5.33748789166566e-06,0.00011225946218473837,-0.00032924351398833096,0.0,3.81,80
725.6193381156772,1781615266.4198492,1.6729179620742798,-0.005811847746372223,9.836061477661133,3.3394023830624064e-06,0.00010871370614040643,-0.0003288371372036636,0.0,3.8200000000000003,80
725.6293381154537,1781615266.4297235,1.6711915731430054,-0.004249676130712032,9.836028099060059,1.7549025415064534e-06,0.00010491086140973493,-0.0003286793071310967,0.0,3.83,80
725.6393381152302,1781615266.4391077,1.6702284812927246,-0.004261755850166082,9.835983276367188,6.935532610441442e-07,0.00010092457523569465,-0.0003286109713371843,0.0,3.84,80
725.6493381150067,1781615266.4486177,1.6685278415679932,-0.0027031912468373775,9.835954666137695,-1.780436917897532e-07,9.687838610261679e-05,-0.00032861882937140763,0.0,3.85,80
725.6593381147832,1781615266.4588406,1.6690928936004639,-0.005800339393317699,9.835898399353027,-1.0409165724922786e-06,9.276132914237678e-05,-0.0003282177494838834,0.0,3.86,80
725.6693381145597,1781615266.4693487,1.6673651933670044,-0.004240143578499556,9.835871696472168,-1.509546791567118e-06,8.88101349119097e-05,-0.00032792866113595665,0.0,3.87,80
725.6793381143361,1781615266.4788551,1.6663975715637207,-0.004253254737704992,9.835848808288574,-1.7936987433131435e-06,8.501343836542219e-05,-0.00032777947490103543,0.0,3.88,80
725.6893381141126,1781615266.4879913,1.6646699905395508,-0.002742805751040578,9.835807800292969,-1.849086061156413e-06,8.139505371218547e-05,-0.00032769766403362155,0.0,3.89,80
725.6993381138891,1781615266.496991,1.6652573347091675,-0.005793491844087839,9.835780143737793,-1.9980177512479713e-06,7.807521615177393e-05,-0.000327198242302984,0.0,3.9,80
725.7093381136656,1781615266.507824,1.663503646850586,-0.004279306158423424,9.835745811462402,-1.8065367157760193e-06,7.499993807869032e-05,-0.0003268804575782269,0.0,3.91,80
725.7193381134421,1781615266.517332,1.6625621318817139,-0.004247370641678572,9.835737228393555,-1.4768475011806004e-06,7.232328061945736e-05,-0.00032659745193086565,0.0,3.92,80
725.7293381132185,1781615266.5268545,1.6608331203460693,-0.0027347735594958067,9.835697174072266,-9.777446621228592e-07,6.985713116591796e-05,-0.00032635475508868694,0.0,3.93,80
725.739338112995,1781615266.5358648,1.6613972187042236,-0.005834608338773251,9.835648536682129,-7.152124794629344e-07,6.772276537958533e-05,-0.0003257305361330509,0.0,3.94,80
725.7493381127715,1781615266.5443695,1.6596664190292358,-0.004274490289390087,9.835631370544434,-2.507259750927915e-07,6.597156607313082e-05,-0.00032520637614652514,0.0,3.95,80
725.759338112548,1781615266.5538664,1.6584120988845825,-0.0029866548720747232,9.835591316223145,3.636202734469407e-07,6.452853995142505e-05,-0.0003248249413445592,0.0,3.96,80
725.7693381123245,1781615266.5631862,1.6574701070785522,-0.005324703641235828,9.8355712890625,7.32244188839104e-07,6.338131061056629e-05,-0.0003240446385461837,0.0,3.97,80
725.779338112101,1781615266.5746918,1.6575372219085693,-0.005836359690874815,9.835526466369629,1.2677223821810912e-06,6.256405322346836e-05,-0.00032340033794753253,0.0,3.98,80
725.7893381118774,1781615266.5849931,1.6546696424484253,-0.0013658852549269795,9.835494995117188,2.0968177523172926e-06,6.20130667812191e-05,-0.00032315784483216703,0.0,3.99,80
