t,t_wall,ax,ay,gravity,gx,gy,psi_dot,delta_dot,t_rel,v0_kmh
709.9361456986517,1781612375.0029187,0.08398913592100143,-0.0006035629194229841,9.363138198852539,5.99168379267212e-05,-0.008223370648920536,-0.0002538370026741177,0.0,0.0,30
709.9461456984282,1781612375.0134246,0.08157231658697128,-0.00023114254872780293,9.632330894470215,6.466578633990139e-05,-0.013223603367805481,-0.00025374366668984294,0.0,0.01,30
709.9561456982046,1781612375.0245254,0.10621868073940277,0.00013734067033510655,9.875509262084961,7.72916100686416e-05,-0.01600041799247265,-0.00025346886832267046,0.0,0.02,30
709.9661456979811,1781612375.0348804,0.1645229309797287,0.0004993210313841701,10.041086196899414,9.473627869738266e-05,-0.01672980934381485,-0.0002529723569750786,0.0,0.03,30
709.9761456977576,1781612375.0450277,0.2630496621131897,-0.014248858205974102,10.10815715789795,5.843550752615556e-05,-0.015802467241883278,-0.00020579843840096146,0.0,0.04,30
709.9861456975341,1781612375.055524,0.40279632806777954,-0.0005095074302516878,10.083234786987305,8.627502393210307e-05,-0.013717479072511196,-0.0002046884037554264,0.0,0.05,30
709.9961456973106,1781612375.065567,0.5815592408180237,0.0019081896170973778,9.991745948791504,0.00010907051182584837,-0.010992269963026047,-0.00020314015273470432,0.0,0.06,30
710.006145697087,1781612375.0756533,0.8039862513542175,-0.0007689216872677207,9.868114471435547,0.00012202084326418117,-0.00809477735310793,-0.0002010929019888863,0.0,0.07,30
710.0161456968635,1781612375.086158,1.063438057899475,1.4628337339672726e-05,9.746173858642578,0.000123215198982507,-0.005402781534940004,-0.00019858611631207168,0.0,0.08,30
710.02614569664,1781612375.096781,1.3576899766921997,-6.567333912244067e-05,9.652129173278809,0.00011267200170550495,-0.003187449648976326,-0.0001955082407221198,0.0,0.09,30
710.0361456964165,1781612375.1071272,1.6874773502349854,-0.0015749247977510095,9.600672721862793,9.243896784028038e-05,-0.0016145885456353426,-0.00019174080807715654,0.0,0.1,30
710.046145696193,1781612375.1176355,2.0472829341888428,-0.0005666457582265139,9.595290184020996,6.610053242184222e-05,-0.0007561109378002584,-0.00018733822798822075,0.0,0.11,30
710.0561456959695,1781612375.1277094,2.436706066131592,-0.0005368719575926661,9.629300117492676,3.727654984686524e-05,-0.0006084686028771102,-0.00018206746608484536,0.0,0.12,30
710.066145695746,1781612375.1378071,2.8566057682037354,-0.0018755027558654547,9.689663887023926,1.0197497431363445e-05,-0.001112261088564992,-0.00017602182924747467,0.0,0.13,30
710.0761456955224,1781612375.14844,3.300760507583618,-0.00029028579592704773,9.761147499084473,-1.1009208719769958e-05,-0.0021684756502509117,-0.00016903811774682254,0.0,0.14,30
710.0861456952989,1781612375.1584427,3.775944232940674,-0.001563635771162808,9.829453468322754,-2.325658169866074e-05,-0.00365337822586298,-0.0001609537284821272,0.0,0.15,30
710.0961456950754,1781612375.1690552,4.098781108856201,3.3088523196056485e-05,9.902891159057617,-2.5911032935255207e-05,-0.0050842552445828915,-0.00015224091475829482,0.0,0.16,30
710.1061456948519,1781612375.1795654,4.079585552215576,0.00025435996940359473,9.984350204467773,-2.020595275098458e-05,-0.005688135512173176,-0.0001435827143723145,0.0,0.17,30
710.1161456946284,1781612375.1906567,4.064234733581543,-0.0008581274305470288,10.010092735290527,-8.127017281367444e-06,-0.005588540807366371,-0.00013479583139996976,0.0,0.18,30
710.1261456944048,1781612375.2011073,4.051826000213623,-0.0007858581375330687,9.986756324768066,6.901118467794731e-06,-0.0049553182907402515,-0.00012627417163457721,0.0,0.19,30
710.1361456941813,1781612375.211615,4.04255485534668,0.0004930159193463624,9.92955207824707,2.179532930313144e-05,-0.0039713080041110516,-0.00011775279563153163,0.0,0.2,30
710.1461456939578,1781612375.2227566,4.039032936096191,-0.0008530411287210882,9.857462882995605,3.3582142350496724e-05,-0.0028057782910764217,-0.000109235814306885,0.0,0.21,30
710.1561456937343,1781612375.233253,4.03731107711792,0.0002149913925677538,9.787843704223633,4.068402267876081e-05,-0.001600733958184719,-0.00010061646025860682,0.0,0.22,30
710.1661456935108,1781612375.2447734,4.038337230682373,-0.0009779317770153284,9.734135627746582,4.226781311444938e-05,-0.00046574193402193487,-9.188886906486005e-05,0.0,0.23,30
710.1761456932873,1781612375.2549987,4.040660381317139,6.739854870829731e-05,9.70361042022705,3.831627327599563e-05,0.000521868234500289,-8.319498738273978e-05,0.0,0.24,30
710.1861456930637,1781612375.2655067,4.045501232147217,-0.0013288730988278985,9.697321891784668,2.9169730623834766e-05,0.0013113790191709995,-7.450975681422278e-05,0.0,0.25,30
710.1961456928402,1781612375.2750106,4.0499773025512695,-0.0014174573589116335,9.711541175842285,1.6495348972966895e-05,0.0018751141615211964,-6.580885383300483e-05,0.0,0.26,30
710.2061456926167,1781612375.2855163,4.0536208152771,-0.00017632592062000185,9.739906311035156,2.3901029635453597e-06,0.0022040698677301407,-5.727184907300398e-05,0.0,0.27,30
710.2161456923932,1781612375.2955666,4.0590434074401855,-0.0014544854639098048,9.774508476257324,-1.1555358469195198e-05,0.0023048468865454197,-4.8688656534068286e-05,0.0,0.28,30
710.2261456921697,1781612375.3060718,4.062131881713867,-0.0001433483703294769,9.808184623718262,-2.3850974685046822e-05,0.002197260968387127,-4.0080460166791454e-05,0.0,0.29,30
710.2361456919461,1781612375.316579,4.066323757171631,-0.0013500438071787357,9.836042404174805,-3.32905983668752e-05,0.0019136988557875156,-3.146007293253206e-05,0.0,0.3,30
710.2461456917226,1781612375.3266864,4.067770481109619,1.7035735027093324e-06,9.85468578338623,-3.8588521420024335e-05,0.0014957267558202147,-2.285815753566567e-05,0.0,0.31,30
710.2561456914991,1781612375.3369362,4.069969177246094,-0.0011646078201010823,9.863412857055664,-3.927525176550262e-05,0.0009921337477862835,-1.4268734048528131e-05,0.0,0.32,30
710.2661456912756,1781612375.3484423,4.070119857788086,-0.0010896308813244104,9.863261222839355,-3.612340151448734e-05,0.00045568819041363895,-5.7322413340443745e-06,0.0,0.33,30
710.2761456910521,1781612375.3585172,4.070840358734131,-0.0010640487307682633,9.856253623962402,-2.896643491112627e-05,-6.300731183728203e-05,2.7847224828292383e-06,0.0,0.34,30
710.2861456908286,1781612375.368579,4.061333179473877,0.0018498769495636225,9.845121383666992,-1.9584715118980967e-05,-0.0005179012659937143,1.1223648471059278e-05,0.0,0.35000000000000003,30
710.296145690605,1781612375.3786612,4.066542625427246,-0.0010858337627723813,9.832474708557129,-8.384621651202906e-06,-0.0008730681729502976,1.978388536372222e-05,0.0,0.36,30
710.3061456903815,1781612375.3888032,4.060452461242676,-0.0008071778574958444,9.820311546325684,2.4752439458097797e-06,-0.001104809925891459,2.8314219889580272e-05,0.0,0.37,30
710.316145690158,1781612375.400028,4.057033538818359,0.0002602440945338458,9.810044288635254,1.3279001905175392e-05,-0.0012036506086587906,3.6885881854686886e-05,0.0,0.38,30
710.3261456899345,1781612375.410525,4.05399227142334,-0.0009540229220874608,9.802411079406738,2.176117050112225e-05,-0.0011745438678190112,4.540224836091511e-05,0.0,0.39,30
710.336145689711,1781612375.4205906,4.050023078918457,0.0002447518054395914,9.797525405883789,2.7441608835943043e-05,-0.001034582033753395,5.3970125009072945e-05,0.0,0.4,30
710.3461456894875,1781612375.4300578,4.048465728759766,-0.001078281900845468,9.79521656036377,3.0024930310901254e-05,-0.0008099014521576464,6.254999607335776e-05,0.0,0.41000000000000003,30
710.3561456892639,1781612375.4415762,4.046167373657227,-0.0010566703276708722,9.794919967651367,2.8862223189207725e-05,-0.0005330068524926901,7.107311103027314e-05,0.0,0.42,30
710.3661456890404,1781612375.4517002,4.045294284820557,-6.180368654895574e-05,9.796127319335938,2.5283608920290135e-05,-0.00023771674023009837,7.964675751281902e-05,0.0,0.43,30
710.3761456888169,1781612375.4617834,4.042666435241699,-0.0001999435480684042,9.798432350158691,1.9239247194491327e-05,4.4371085095917806e-05,8.829568105284125e-05,0.0,0.44,30
710.3861456885934,1781612375.4722922,4.049726486206055,-0.0020774216391146183,9.80129337310791,1.1591620932449587e-05,0.00028722331626340747,9.697045607026666e-05,0.0,0.45,30
710.3961456883699,1781612375.4818053,4.04419469833374,-0.0003577388124540448,9.804378509521484,3.974823357566493e-06,0.00047087890561670065,0.00010558478970779106,0.0,0.46,30
710.4061456881464,1781612375.4928763,4.046412944793701,-3.8446069083875045e-05,9.807528495788574,-3.695428631544928e-06,0.0005844676634296775,0.00011408899445086718,0.0,0.47000000000000003,30
710.4161456879228,1781612375.502979,4.0478715896606445,-0.0011942413402721286,9.810577392578125,-1.0226553968095686e-05,0.00062633550260216,0.00012259122740942985,0.0,0.48,30
710.4261456876993,1781612375.5134907,4.049261093139648,-0.0012618576874956489,9.813260078430176,-1.557634095661342e-05,0.0006011637160554528,0.00013118908100295812,0.0,0.49,30
710.4361456874758,1781612375.5227332,4.049450397491455,-4.4639429688686505e-05,9.815534591674805,-1.846323903009761e-05,0.0005202728789299726,0.00013956510520074517,0.0,0.5,30
710.4461456872523,1781612375.5332398,4.049200534820557,0.00010178416414419189,9.817361831665039,-1.9309534764033742e-05,0.00039910676423460245,0.00014813286543358117,0.0,0.51,30
710.4561456870288,1781612375.5437472,4.050083637237549,-0.0011202975874766707,9.818512916564941,-1.793942465155851e-05,0.00025522676878608763,0.00015663975500501692,0.0,0.52,30
710.4661456868052,1781612375.5538468,4.043789386749268,-0.001743371831253171,9.819060325622559,-1.5241205801430624e-05,0.00010566703713266179,0.00016528510604985058,0.0,0.53,30
710.4761456865817,1781612375.5643616,4.058882236480713,0.001640753704123199,9.818899154663086,-1.095386778615648e-05,-3.4219461667817086e-05,0.00017381548241246492,0.0,0.54,30
710.4861456863582,1781612375.5738618,4.041830062866211,-0.0017001272644847631,9.81810188293457,-6.248589670576621e-06,-0.0001524973486084491,0.0001823574275476858,0.0,0.55,30
710.4961456861347,1781612375.5842564,4.046393394470215,-0.0010314536048099399,9.816783905029297,-9.452190283809614e-07,-0.00024043665325734764,0.00019094443996436894,0.0,0.56,30
710.5061456859112,1781612375.5948257,4.0440473556518555,0.00021951297821942717,9.815186500549316,3.696681233122945e-06,-0.0002934201038442552,0.00019949828856624663,0.0,0.5700000000000001,30
710.5161456856877,1781612375.6050453,4.043584823608398,-0.0010536799672991037,9.813375473022461,7.781022759445477e-06,-0.0003111067053396255,0.00020804385712835938,0.0,0.58,30
710.5261456854641,1781612375.6155503,4.041299819946289,0.0001811760594137013,9.811558723449707,1.0508312698220834e-05,-0.00029644626192748547,0.00021660496713593602,0.0,0.59,30
710.5361456852406,1781612375.625925,4.0413126945495605,0.01343544851988554,9.810023307800293,6.55527546769008e-05,-0.0002551266807131469,0.00017922410916071385,0.0,0.6,30
710.5461456850171,1781612375.636432,4.039050579071045,-0.00017354141164105386,9.808828353881836,5.21042020409368e-05,-0.0001946206612046808,0.00018774376076180488,0.0,0.61,30
710.5561456847936,1781612375.646576,4.038671970367432,-0.0014291341649368405,9.808008193969727,3.488868969725445e-05,-0.00012352553312666714,0.00019629031885415316,0.0,0.62,30
710.5661456845701,1781612375.6566818,4.038083076477051,-0.0003923861659131944,9.807732582092285,1.6796700947452337e-05,-4.9644084356259555e-05,0.0002047864836640656,0.0,0.63,30
710.5761456843466,1781612375.6669922,4.037991523742676,-0.0015510262455791235,9.807872772216797,-7.350744795076025e-07,1.951771446329076e-05,0.00021335935161914676,0.0,0.64,30
710.586145684123,1781612375.6764987,4.036862373352051,0.012612394988536835,9.80838680267334,3.4655800845939666e-05,7.768139766994864e-05,0.00017848463903646916,0.0,0.65,30
710.5961456838995,1781612375.687117,4.036917686462402,-0.0005107438191771507,9.809157371520996,1.0996417586284224e-05,0.00012103169137844816,0.00018710942822508514,0.0,0.66,30
710.606145683676,1781612375.6976604,4.037088394165039,-0.0016349110519513488,9.810145378112793,-1.0874352483369876e-05,0.00014715910947415978,0.0001956181658897549,0.0,0.67,30
710.6161456834525,1781612375.7077363,4.035910606384277,-0.00027386227156966925,9.811138153076172,-2.8475922590587288e-05,0.0001558242365717888,0.00020413741003721952,0.0,0.68,30
710.626145683229,1781612375.7178216,4.0365891456604,-0.001426266273483634,9.811997413635254,-4.053754310007207e-05,0.00014835118781775236,0.00021268306591082364,0.0,0.6900000000000001,30
710.6361456830055,1781612375.7288728,4.029223918914795,0.013892726972699165,9.81287670135498,3.1089457479538396e-06,0.0001277309056604281,0.0001784202322596684,0.0,0.7000000000000001,30
710.6461456827819,1781612375.7384412,4.048086166381836,-0.0016400233143940568,9.813518524169922,-9.513300028629601e-06,9.78389143710956e-05,0.00018691718287300318,0.0,0.71,30
710.6561456825584,1781612375.7489564,4.028954982757568,-0.001220897538587451,9.813888549804688,-1.9291508579044603e-05,6.232837040442973e-05,0.00019543211965356022,0.0,0.72,30
710.6661456823349,1781612375.7594728,4.033807277679443,-1.4434267541219015e-05,9.813918113708496,-2.541023786761798e-05,2.546321411500685e-05,0.00020399880304466933,0.0,0.73,30
710.6761456821114,1781612375.76983,4.034074783325195,-0.0012127213412895799,9.813840866088867,-2.8030650355503894e-05,-9.094492270378396e-06,0.00021254031162243336,0.0,0.74,30
710.6861456818879,1781612375.7793317,4.032383441925049,0.000135274778585881,9.813557624816895,-2.694690010685008e-05,-3.809887857642025e-05,0.00022098838235251606,0.0,0.75,30
710.6961456816643,1781612375.7899992,4.032308101654053,0.013004292733967304,9.813117027282715,2.7754942493629642e-05,-5.9878180763917044e-05,0.0001859086041804403,0.0,0.76,30
710.7061456814408,1781612375.800507,4.031697750091553,-0.0013139884686097503,9.812560081481934,2.077285898849368e-05,-7.308491331059486e-05,0.00019444813369773328,0.0,0.77,30
710.7161456812173,1781612375.8108637,4.029911041259766,-6.461607699748129e-05,9.812079429626465,1.2493128451751545e-05,-7.758395804557949e-05,0.0002029779425356537,0.0,0.78,30
710.7261456809938,1781612375.8200326,4.03005313873291,-0.0013274229131639004,9.811609268188477,4.135294602747308e-06,-7.396652654279023e-05,0.00021153275156393647,0.0,0.79,30
710.7361456807703,1781612375.8305535,4.028329849243164,-4.105708285351284e-05,9.811346054077148,-3.2772352369647706e-06,-6.32866212981753e-05,0.00022004444326739758,0.0,0.8,30
710.7461456805468,1781612375.8406837,4.028313159942627,0.012307604774832726,9.810931205749512,3.933279003831558e-05,-4.8094792873598635e-05,0.00018689321586862206,0.0,0.81,30
710.7561456803232,1781612375.8511903,4.027871608734131,-0.0015091634122654796,9.810792922973633,2.3182990844361484e-05,-3.0089948268141598e-05,0.00019547675037756562,0.0,0.8200000000000001,30
710.7661456800997,1781612375.861699,4.026227951049805,-0.00023437439813278615,9.810811042785645,6.665458840870997e-06,-1.1463398550404236e-05,0.00020398995548021048,0.0,0.8300000000000001,30
710.7761456798762,1781612375.8727438,4.026577472686768,-0.0014716163277626038,9.810821533203125,-8.124854502966627e-06,5.8751470533024985e-06,0.00021247724362183362,0.0,0.84,30
710.7861456796527,1781612375.8832648,4.025073051452637,-0.0001352275867247954,9.81094741821289,-1.9734845409402624e-05,2.0436007616808638e-05,0.00022094427549745888,0.0,0.85,30
710.7961456794292,1781612375.8927817,4.025241374969482,0.012264403514564037,9.811115264892578,2.047807356575504e-05,3.117411324637942e-05,0.0001877479226095602,0.0,0.86,30
710.8061456792057,1781612375.9039922,4.024900436401367,-0.0015076817944645882,9.811380386352539,4.392030859889928e-06,3.7506779335672036e-05,0.0001961855305125937,0.0,0.87,30
710.8161456789821,1781612375.9145076,4.023420810699463,-0.0001960091176442802,9.811691284179688,-9.708743164082989e-06,3.959955211030319e-05,0.00020468734146561474,0.0,0.88,30
710.8261456787586,1781612375.9246697,4.023834705352783,-0.0013847064692527056,9.811898231506348,-2.057364326901734e-05,3.7596255424432456e-05,0.00021318631479516625,0.0,0.89,30
710.8361456785351,1781612375.9358068,4.022308826446533,0.011664526537060738,9.8121337890625,1.7175447283079848e-05,3.292294422863051e-05,0.0001829003740567714,0.0,0.9,30
710.8461456783116,1781612375.9458363,4.021349906921387,-0.00031543546356260777,9.812353134155273,2.4390360522374976e-06,2.6950005121761933e-05,0.00019147427519783378,0.0,0.91,30
710.8561456780881,1781612375.955895,4.019956588745117,-0.0013237748062238097,9.812459945678711,-1.0490182830835693e-05,2.0624182070605457e-05,0.00019994290778413415,0.0,0.92,30
710.8661456778646,1781612375.9663992,4.019220352172852,-0.0013731915969401598,9.812435150146484,-2.015796781051904e-05,1.442600569134811e-05,0.0002084969892166555,0.0,0.93,30
710.876145677641,1781612375.976905,4.016967296600342,-1.9857548977597617e-05,9.812300682067871,-2.6525147404754534e-05,8.303748472826555e-06,0.0002169853396480903,0.0,0.9400000000000001,30
710.8861456774175,1781612375.9862015,4.016857147216797,0.011781911365687847,9.812175750732422,1.717462691885885e-05,3.282679244875908e-06,0.00018580054165795445,0.0,0.9500000000000001,30
710.896145677194,1781612375.9969518,4.014265537261963,-0.00010914890299318358,9.81198501586914,6.498618404293666e-06,-7.936809254260879e-08,0.00019433416309766471,0.0,0.96,30
710.9061456769705,1781612376.007457,4.013368606567383,-0.0012645293027162552,9.811904907226562,-3.29306840285426e-06,-1.963301428986597e-06,0.00020286795916035771,0.0,0.97,30
710.916145676747,1781612376.0175636,4.012540340423584,-0.0013159491354599595,9.811797142028809,-1.1120262570329942e-05,-2.1135192582732998e-06,0.00021152828412596136,0.0,0.98,30
710.9261456765234,1781612376.0276203,4.010437965393066,0.011321492493152618,9.81168270111084,2.6897789211943746e-05,-6.450096634580404e-07,0.00018292390450369567,0.0,0.99,30
710.9361456762999,1781612376.037707,4.009426593780518,-0.00029119692044332623,9.811613082885742,1.3049670087639242e-05,1.8556081613496644e-06,0.00019153110042680055,0.0,1.0,30
710.9461456760764,1781612376.0477552,4.008537292480469,-0.0014415320474654436,9.811605453491211,-3.110087050117727e-07,5.0266403377463575e-06,0.00020014478650409728,0.0,1.01,30
710.9561456758529,1781612376.0584714,4.006274223327637,-0.00013211273471824825,9.811553955078125,-1.1714325410139281e-05,8.617294042778667e-06,0.00020870663865935057,0.0,1.02,30
710.9661456756294,1781612376.068978,4.005906581878662,-0.0013443074421957135,9.811603546142578,-2.024870082095731e-05,1.2197082469356246e-05,0.00021722324891015887,0.0,1.03,30
710.9761456754059,1781612376.078483,4.003851890563965,0.011749102734029293,9.811659812927246,2.0287547158659436e-05,1.5398130926769227e-05,0.00018691127479542047,0.0,1.04,30
710.9861456751823,1781612376.0889025,4.0033159255981445,-0.0014459658414125443,9.811655044555664,7.328944775508717e-06,1.787310429790523e-05,0.00019540119683369994,0.0,1.05,30
710.9961456749588,1781612376.0994227,4.001020908355713,-0.00014352780999615788,9.811726570129395,-4.769440238305833e-06,1.9420520402491093e-05,0.00020381783542688936,0.0,1.06,30
711.0061456747353,1781612376.1094744,4.000668048858643,-0.0013728034682571888,9.811741828918457,-1.476258421462262e-05,2.0299350580899045e-05,0.00021239003399387002,0.0,1.07,30
711.0161456745118,1781612376.1206236,3.9986181259155273,0.011303480714559555,9.811869621276855,2.1996927898726426e-05,2.046442386927083e-05,0.00018352302140556276,0.0,1.08,30
711.0261456742883,1781612376.1297052,3.9941654205322266,-0.0001819898752728477,9.81215763092041,7.63843854656443e-06,2.5613229809096083e-05,0.00019204818818252534,0.0,1.09,30
711.0361456740648,1781612376.1402092,3.987800121307373,-0.001532814814709127,9.812691688537598,-5.166379651200259e-06,4.1300023440271616e-05,0.00020057774963788688,0.0,1.1,30
711.0461456738412,1781612376.1507182,3.979114532470703,-0.0012815798399969935,9.81274700164795,-1.5811670891707763e-05,6.396386015694588e-05,0.00020903472614008933,0.0,1.11,30
711.0561456736177,1781612376.1609893,3.971193313598633,0.011052877642214298,9.812421798706055,1.9006703951163217e-05,8.977082325145602e-05,0.00018117818399332464,0.0,1.12,30
711.0661456733942,1781612376.171498,3.963931083679199,-0.00031883499468676746,9.811912536621094,4.03578042096342e-06,0.00011522226850502193,0.00018962663307320327,0.0,1.1300000000000001,30
711.0761456731707,1781612376.182635,3.956272602081299,-0.0013291038339957595,9.811397552490234,-9.042472811415792e-06,0.00013805048365611583,0.00019796662672888488,0.0,1.1400000000000001,30
711.0861456729472,1781612376.1927812,3.9492809772491455,-0.001372850383631885,9.810924530029297,-1.9484696167637594e-05,0.00015625954256393015,0.00020629541540984064,0.0,1.1500000000000001,30
711.0961456727237,1781612376.202011,3.94104266166687,0.010938240215182304,9.810636520385742,1.5309238733607344e-05,0.00016873780987225473,0.0001790210953913629,0.0,1.16,30
711.1061456725001,1781612376.2125196,3.933871269226074,-0.00028156975167803466,9.810693740844727,1.4411237998501747e-06,0.00017569729243405163,0.00018744388944469392,0.0,1.17,30
711.1161456722766,1781612376.222704,3.9268174171447754,-0.0014192895032465458,9.81095027923584,-1.0714608833950479e-05,0.00017714833666104823,0.0001958912907866761,0.0,1.18,30
711.1261456720531,1781612376.2338986,3.9183645248413086,-8.233635890064761e-05,9.811331748962402,-2.0034938643220812e-05,0.00017401549848727882,0.00020426904666237533,0.0,1.19,30
711.1361456718296,1781612376.2451138,3.9119739532470703,0.00956948846578598,9.81165599822998,1.5191489183052909e-05,0.00016687408788129687,0.00017735856818035245,0.0,1.2,30
711.1461456716061,1781612376.2556195,3.9033703804016113,-0.00016067024262156337,9.812101364135742,2.7679636787070194e-06,0.00015751503815408796,0.00018570476095192134,0.0,1.21,30
711.1561456713825,1781612376.266724,3.89621901512146,-0.00021833427308592945,9.812411308288574,-8.299537512357347e-06,0.0001468837435822934,0.00019399900338612497,0.0,1.22,30
711.166145671159,1781612376.2762306,3.888511896133423,-0.0012228291016072035,9.8126802444458,-1.6994959878502414e-05,0.00013639905955642462,0.00020232870883774012,0.0,1.23,30
711.1761456709355,1781612376.2867386,3.8748488426208496,0.011504149064421654,9.812666893005371,1.7719095922075212e-05,0.00012660543143283576,0.00017576297977939248,0.0,1.24,30
711.186145670712,1781612376.296956,3.8859782218933105,-0.0031159119680523872,9.812600135803223,4.591612650983734e-06,0.00011800717766163871,0.00018398127576801926,0.0,1.25,30
711.1961456704885,1781612376.3074613,3.8598978519439697,-0.0005335331661626697,9.81248950958252,-6.874279733892763e-06,0.00011178904969710857,0.00019221477850805968,0.0,1.26,30
711.206145670265,1781612376.317659,3.8576319217681885,-9.550098184263334e-05,9.812179565429688,-1.6068444892880507e-05,0.00010766764171421528,0.00020037047215737402,0.0,1.27,30
711.2161456700414,1781612376.3278935,3.8453848361968994,0.0114261694252491,9.812003135681152,1.779432932380587e-05,0.00010603806731523946,0.00017395240138284862,0.0,1.28,30
711.2261456698179,1781612376.3385334,3.8533895015716553,-0.0031324487645179033,9.811800003051758,4.558567979984218e-06,0.00010709404887165874,0.00018214868032373488,0.0,1.29,30
711.2361456695944,1781612376.3475366,3.8303074836730957,-0.0005124048329889774,9.811667442321777,-7.349105999310268e-06,0.0001097522908821702,0.00019026648078579456,0.0,1.3,30
711.2461456693709,1781612376.3586037,3.8271470069885254,-9.71237022895366e-05,9.811460494995117,-1.675208295637276e-05,0.00011388264101697132,0.00019846204668283463,0.0,1.31,30
711.2561456691474,1781612376.368451,3.814297914505005,0.011381372809410095,9.81139850616455,1.716710721666459e-05,0.00011888001608895138,0.00017212422972079366,0.0,1.32,30
711.2661456689239,1781612376.3789704,3.8247995376586914,-0.0031652813777327538,9.811463356018066,4.059844286530279e-06,0.0001241426944034174,0.0001801992766559124,0.0,1.33,30
711.2761456687003,1781612376.3884733,3.798492908477783,0.0007081297226250172,9.811458587646484,-7.750400072836783e-06,0.000129148960695602,0.00018831451598089188,0.0,1.34,30
711.2861456684768,1781612376.3984754,3.797274112701416,-0.0012574474094435573,9.811565399169922,-1.7087755622924305e-05,0.00013344849867280573,0.00019637917284853756,0.0,1.35,30
711.2961456682533,1781612376.4093933,3.7831380367279053,0.011344718746840954,9.811671257019043,1.6715684978407808e-05,0.0001369560050079599,0.00017007814312819391,0.0,1.36,30
711.3061456680298,1781612376.4199111,3.7965030670166016,-0.003128081327304244,9.81174087524414,3.483258979031234e-06,0.0001389810786349699,0.0001781615719664842,0.0,1.37,30
711.3161456678063,1781612376.4304109,3.7675232887268066,0.0006852737860754132,9.81179141998291,-8.102471838355996e-06,0.00013939976633992046,0.00018620897026266903,0.0,1.3800000000000001,30
711.3261456675828,1781612376.4398038,3.767310857772827,-0.0001905748649733141,9.81186580657959,-1.759524820954539e-05,0.0001388528326060623,0.0001942267845151946,0.0,1.3900000000000001,30
711.3361456673592,1781612376.4508939,3.7530839443206787,0.010214516893029213,9.811922073364258,1.6249365216935985e-05,0.00013745629985351115,0.00016803071775939316,0.0,1.4000000000000001,30
711.3461456671357,1781612376.4612067,3.766188621520996,-0.001899053924717009,9.81197738647461,3.5665636914927745e-06,0.00013477509492076933,0.00017607367772143334,0.0,1.41,30
711.3561456669122,1781612376.4727132,3.737950325012207,-0.0004990603192709386,9.812073707580566,-7.87876433605561e-06,0.00013214426871854812,0.00018410217307973653,0.0,1.42,30
711.3661456666887,1781612376.483086,3.7374396324157715,-0.00018719742365647107,9.812055587768555,-1.6896388842724264e-05,0.00012959062587469816,0.00019207753939554095,0.0,1.43,30
711.3761456664652,1781612376.4935942,3.723719596862793,0.010199262760579586,9.812005996704102,1.6957077605184168e-05,0.00012697154306806624,0.0001660297712078318,0.0,1.44,30
711.3861456662416,1781612376.5037253,3.735091209411621,-0.001960302935913205,9.811927795410156,4.0105433072312735e-06,0.00012451634393073618,0.00017399140051566064,0.0,1.45,30
711.3961456660181,1781612376.5138712,3.708554744720459,-0.0004610858450178057,9.811878204345703,-7.657974492758512e-06,0.00012242645607329905,0.0001820104371290654,0.0,1.46,30
711.4061456657946,1781612376.523918,3.7016420364379883,0.010703595355153084,9.811917304992676,1.9759458155022003e-05,0.0001211771959788166,0.0001584661949891597,0.0,1.47,30
711.4161456655711,1781612376.534423,3.7120745182037354,-0.0033644388895481825,9.811934471130371,4.459085630514892e-06,0.00012067832722095773,0.00016637882799841464,0.0,1.48,30
711.4261456653476,1781612376.5449276,3.680546283721924,0.0002319993218407035,9.811908721923828,-9.221781510859728e-06,0.00012086565402569249,0.00017432737513445318,0.0,1.49,30
711.4361456651241,1781612376.5554335,3.697152614593506,-0.00034445119672454894,9.811841011047363,-1.963616523426026e-05,0.00012125625653425232,0.00018218846525996923,0.0,1.5,30
711.4461456649005,1781612376.5665078,3.6658334732055664,0.010002740658819675,9.811805725097656,1.082336348190438e-05,0.00012228070409037173,0.00015795475337654352,0.0,1.51,30
711.456145664677,1781612376.5765784,3.6825270652770996,-0.0024200831539928913,9.811688423156738,-1.968673586816294e-06,0.00012309350131545216,0.00016587661230005324,0.0,1.52,30
711.4661456644535,1781612376.5866337,3.6506357192993164,-0.00031303256400860846,9.811775207519531,-1.2648719348362647e-05,0.0001243806618731469,0.0001735962287057191,0.0,1.53,30
711.47614566423,1781612376.5967152,3.668468713760376,-7.558135985163972e-05,9.811809539794922,-2.0840792785747908e-05,0.0001255776733160019,0.0001813327253330499,0.0,1.54,30
711.4861456640065,1781612376.6072204,3.634882926940918,0.01021300908178091,9.811738014221191,1.2014558706141543e-05,0.00012647076800931245,0.00015669035201426595,0.0,1.55,30
711.496145663783,1781612376.6177263,3.654468297958374,-0.0026987064629793167,9.811800003051758,1.114951487579674e-06,0.00012722107931040227,0.00016448053065687418,0.0,1.56,30
711.5061456635594,1781612376.627239,3.6203672885894775,7.394057320198044e-05,9.811838150024414,-8.6376767285401e-06,0.00012751553731504828,0.0001722490123938769,0.0,1.57,30
711.5161456633359,1781612376.6377525,3.638462543487549,0.0008175394614227116,9.811909675598145,-1.587034967087675e-05,0.00012752317707054317,0.00018012840882875025,0.0,1.58,30
711.5261456631124,1781612376.6478436,3.606769323348999,0.009279832243919373,9.811878204345703,1.693052581686061e-05,0.00012726658314932138,0.00015540340973529965,0.0,1.59,30
711.5361456628889,1781612376.6584535,3.6246531009674072,-0.0030822339467704296,9.811869621276855,5.833064278704114e-06,0.00012675701873376966,0.00016317782865371555,0.0,1.6,30
711.5461456626654,1781612376.6689577,3.5910375118255615,0.0005112133803777397,9.811891555786133,-4.769524366565747e-06,0.00012586306547746062,0.00017092291091103107,0.0,1.61,30
711.5561456624418,1781612376.6794822,3.6092236042022705,0.009996812790632248,9.811924934387207,2.2079646441852674e-05,0.00012514273112174124,0.0001484434469603002,0.0,1.62,30
711.5661456622183,1781612376.6895146,3.5776615142822266,-0.0013628931483253837,9.811880111694336,7.249534974107519e-06,0.0001242372818524018,0.00015613454161211848,0.0,1.6300000000000001,30
711.5761456619948,1781612376.7000203,3.594726324081421,-0.0020786146633327007,9.811902046203613,-6.376174042088678e-06,0.00012323021655902267,0.0001638005778659135,0.0,1.6400000000000001,30
711.5861456617713,1781612376.7105293,3.562859058380127,-0.0007151668542064726,9.811871528625488,-1.7255410057259724e-05,0.0001222531427629292,0.0001714968093438074,0.0,1.6500000000000001,30
711.5961456615478,1781612376.7210364,3.5802488327026367,0.0102712232619524,9.811920166015625,1.1100548363174312e-05,0.0001218921024701558,0.00014817029295954853,0.0,1.6600000000000001,30
711.6061456613243,1781612376.731553,3.548435688018799,-0.0012121974723413587,9.811882972717285,-1.9485573830024805e-06,0.00012142315972596407,0.00015571202675346285,0.0,1.67,30
711.6161456611007,1781612376.741601,3.5650970935821533,6.472928362200037e-05,9.811963081359863,-1.2848919141106308e-05,0.0001212822025991045,0.00016327941557392478,0.0,1.68,30
711.6261456608772,1781612376.7516816,3.5345518589019775,-0.0024869164917618036,9.81190013885498,-2.122668593074195e-05,0.00012122838234063238,0.00017080218822229654,0.0,1.69,30
711.6361456606537,1781612376.762767,3.5512380599975586,0.010813573375344276,9.811827659606934,1.0193125490332022e-05,0.00012112130934838206,0.00014697488222736865,0.0,1.7,30
711.6461456604302,1781612376.7732077,3.5197155475616455,-0.001279410207644105,9.811834335327148,3.1665244648593216e-08,0.00012124193017370999,0.00015457635163329542,0.0,1.71,30
711.6561456602067,1781612376.7837164,3.5367283821105957,-0.0012609512777999043,9.811808586120605,-9.256576049665455e-06,0.00012108903320040554,0.000162293144967407,0.0,1.72,30
711.6661456599832,1781612376.7937937,3.505549192428589,0.01016521267592907,9.811812400817871,1.8147737137041986e-05,0.00012114352284697816,0.0001407163799740374,0.0,1.73,30
711.6761456597596,1781612376.8032992,3.522343873977661,-0.0031393917743116617,9.811826705932617,5.563068043556996e-06,0.00012104267807444558,0.00014863163232803345,0.0,1.74,30
711.6861456595361,1781612376.8138113,3.4905104637145996,0.0004886632668785751,9.811890602111816,-6.134188424766762e-06,0.00012135649740230292,0.00015647451800759882,0.0,1.75,30
711.6961456593126,1781612376.8241935,3.509119749069214,-0.0008518754621036351,9.811906814575195,-1.5705902114859782e-05,0.0001215324955410324,0.0001641846465645358,0.0,1.76,30
711.7061456590891,1781612376.8347003,3.4759812355041504,0.010020741261541843,9.81186580657959,1.2998159036214929e-05,0.00012122147745685652,0.00014169022324495018,0.0,1.77,30
711.7161456588656,1781612376.844801,3.494382381439209,-0.0027146420907229185,9.811942100524902,1.1788083611463662e-06,0.00012119052553316578,0.0001495706383138895,0.0,1.78,30
711.726145658642,1781612376.8553088,3.4626662731170654,-1.832499765441753e-05,9.811849594116211,-9.355265319754835e-06,0.00012077521387254819,0.0001574350899318233,0.0,1.79,30
711.7361456584185,1781612376.865819,3.4798190593719482,0.008916030637919903,9.811816215515137,1.598511698830407e-05,0.0001204907675855793,0.00013650515757035464,0.0,1.8,30
711.746145658195,1781612376.8751907,3.448033332824707,-0.0005257324082776904,9.811860084533691,2.295132162544178e-06,0.0001202880303026177,0.0001442347711417824,0.0,1.81,30
711.7561456579715,1781612376.8856976,3.466024875640869,-0.0016551926964893937,9.811911582946777,-9.83534482656978e-06,0.00012003176379948854,0.0001519756333436817,0.0,1.82,30
711.766145657748,1781612376.8967764,3.434483766555786,-0.000988474814221263,9.811922073364258,-1.8749382434180006e-05,0.00011976068344665691,0.00015973986592143774,0.0,1.83,30
711.7761456575245,1781612376.906885,3.4515697956085205,0.010130491107702255,9.811832427978516,9.573002898832783e-06,0.0001193324860651046,0.0001378167944494635,0.0,1.84,30
711.786145657301,1781612376.9169433,3.4197921752929688,-0.0011578034609556198,9.81188678741455,-1.6223934835579712e-06,0.00011935093061765656,0.00014549127081409097,0.0,1.85,30
711.7961456570774,1781612376.927449,3.435927152633667,-0.0012108454247936606,9.812066078186035,-1.1282881132501643e-05,0.0001227011380251497,0.0001530509616713971,0.0,1.86,30
711.8061456568539,1781612376.9387252,3.402517318725586,0.00850208941847086,9.812131881713867,1.443596829631133e-05,0.00012836953101214021,0.0001325437187915668,0.0,1.87,30
711.8161456566304,1781612376.948867,3.4185171127319336,-0.0016098406631499529,9.811992645263672,2.262556336063426e-06,0.0001349178492091596,0.00014011577877681702,0.0,1.8800000000000001,30
711.8261456564069,1781612376.9593942,3.3844916820526123,-0.0010832243133336306,9.811944007873535,-8.59315423440421e-06,0.00014212459791451693,0.00014767148240935057,0.0,1.8900000000000001,30
711.8361456561834,1781612376.9696355,3.403205633163452,0.0006757189985364676,9.811767578125,-1.6962330846581608e-05,0.00014868241851218045,0.00015527810319326818,0.0,1.9000000000000001,30
711.8461456559598,1781612376.9800746,3.365734577178955,0.00828112754970789,9.811662673950195,1.1357779840182047e-05,0.00015396928938571364,0.00013374019181355834,0.0,1.9100000000000001,30
711.8561456557363,1781612376.9905832,3.3868167400360107,-0.0012630925048142672,9.811511039733887,2.1486472689957736e-07,0.00015763590636197478,0.00014129003102425486,0.0,1.92,30
711.8661456555128,1781612377.0010931,3.3481969833374023,-0.0012471318477764726,9.811568260192871,-9.43173927225871e-06,0.00015975520364008844,0.00014889230078551918,0.0,1.93,30
711.8761456552893,1781612377.0116017,3.3711681365966797,0.00976680126041174,9.811610221862793,1.5511372112086974e-05,0.00016029481776058674,0.00012862851144745946,0.0,1.94,30
711.8861456550658,1781612377.0218318,3.3303940296173096,-0.0016393465921282768,9.81173038482666,2.910613147832919e-06,0.00015963490295689553,0.0001361370668746531,0.0,1.95,30
711.8961456548423,1781612377.0320034,3.3534436225891113,-0.0004062025109305978,9.811832427978516,-8.493635505146813e-06,0.00015787965094204992,0.0001435958401998505,0.0,1.96,30
711.9061456546187,1781612377.043526,3.3142402172088623,-0.002082924824208021,9.811941146850586,-1.7675918570603244e-05,0.00015526526840403676,0.00015106402861420065,0.0,1.97,30
711.9161456543952,1781612377.053882,3.3362886905670166,0.010968131013214588,9.812004089355469,9.748016054800246e-06,0.00015202583745121956,0.0001298880233662203,0.0,1.98,30
711.9261456541717,1781612377.0643885,3.2979021072387695,-0.0023124385625123978,9.812116622924805,-1.0888380757023697e-06,0.00014877819921821356,0.00013735149696003646,0.0,1.99,30
711.9361456539482,1781612377.0747943,3.3186326026916504,8.216143214667682e-06,9.812152862548828,-1.0462020327395294e-05,0.00014568099868483841,0.000144707431900315,0.0,2.0,30
711.9461456537247,1781612377.084861,3.281975746154785,0.008151227608323097,9.812101364135742,1.3932271031080745e-05,0.00014270131941884756,0.0001249768101843074,0.0,2.0100000000000002,30
711.9561456535012,1781612377.0958965,3.3017289638519287,-0.0027074734680354595,9.812073707580566,2.015706968450104e-06,0.00014009080769028515,0.00013232171477284282,0.0,2.02,30
711.9661456532776,1781612377.1064034,3.264533042907715,0.00016492372378706932,9.812029838562012,-8.618999345344491e-06,0.00013836940343026072,0.00013976207992527634,0.0,2.0300000000000002,30
711.9761456530541,1781612377.116515,3.2849929332733154,-0.0004798312147613615,9.811948776245117,-1.7127926184912212e-05,0.00013731233775615692,0.00014710745017509907,0.0,2.04,30
711.9861456528306,1781612377.126691,3.24881911277771,0.009104020893573761,9.811874389648438,1.0411291441414505e-05,0.00013683810539077967,0.00012617306492757052,0.0,2.05,30
711.9961456526071,1781612377.1377163,3.2651309967041016,-0.002307973336428404,9.812088966369629,-3.662608776267007e-07,0.00014174966781865805,0.0001335011183982715,0.0,2.06,30
712.0061456523836,1781612377.1478155,3.2234792709350586,-4.6201854274841025e-05,9.812381744384766,-9.531660907668993e-06,0.00015536221326328814,0.00014080967230256647,0.0,2.07,30
712.01614565216,1781612377.1584575,3.241800308227539,0.008408788591623306,9.812305450439453,1.4848544196865987e-05,0.00017423818644601852,0.00012114301352994516,0.0,2.08,30
712.0261456519365,1781612377.1684604,3.2045819759368896,-0.0006268836441449821,9.811996459960938,2.669997684279224e-06,0.00019538417109288275,0.00012831245840061456,0.0,2.09,30
712.036145651713,1781612377.1800592,3.2005131244659424,-0.0013975795591250062,9.811688423156738,-8.437511496595107e-06,0.00021621710038743913,0.00013547061826102436,0.0,2.1,30
712.0461456514895,1781612377.19058,3.1869282722473145,-5.2332932682475075e-05,9.811315536499023,-1.6589805454714224e-05,0.00023462838726118207,0.00014258261944632977,0.0,2.11,30
712.056145651266,1781612377.201076,3.1754515171051025,0.0077127693220973015,9.811057090759277,9.901508747134358e-06,0.00024914025561884046,0.00012193234579171985,0.0,2.12,30
712.0661456510425,1781612377.2115963,3.1618564128875732,-0.00013061161735095084,9.81089973449707,-1.311910182266729e-06,0.000258741871220991,0.0001290037907892838,0.0,2.13,30
712.076145650819,1781612377.2216787,3.150329113006592,-0.0013780273729935288,9.810994148254395,-1.0770513654279057e-05,0.00026356830494478345,0.00013608155131805688,0.0,2.14,30
712.0861456505954,1781612377.2317922,3.1375362873077393,0.007462088018655777,9.811169624328613,1.3285312888910994e-05,0.0002636232820805162,0.0001166407746495679,0.0,2.15,30
712.0961456503719,1781612377.2429876,3.124389886856079,-0.00014182367885950953,9.81154727935791,6.168085633362352e-07,0.0002597531711217016,0.00012368301395326853,0.0,2.16,30
712.1061456501484,1781612377.2534957,3.112586259841919,-0.00021992079564370215,9.811872482299805,-9.901436897052918e-06,0.0002525698218960315,0.00013067791587673128,0.0,2.17,30
712.1161456499249,1781612377.2645416,3.1004836559295654,-0.0013187846634536982,9.812203407287598,-1.8057466149912216e-05,0.0002435760834487155,0.00013765829498879611,0.0,2.18,30
712.1261456497014,1781612377.2746973,3.0878403186798096,0.007681023329496384,9.812450408935547,8.602405614510644e-06,0.0002338675403734669,0.00011736053420463577,0.0,2.19,30
712.1361456494778,1781612377.2858136,3.074768304824829,-0.00010172105976380408,9.812588691711426,-1.7266703480345313e-06,0.0002242382033728063,0.00012431574577931315,0.0,2.2,30
712.1461456492543,1781612377.2973187,-0.370443731546402,-0.00034244926064275205,10.174063682556152,-1.9200448150513694e-05,0.006944745779037476,0.0001243006408913061,0.0,2.21,30
712.1561456490308,1781612377.3078337,-0.3262723684310913,-0.0004420197510626167,9.91765308380127,-4.515827458817512e-05,0.011693674139678478,0.00012428854824975133,0.0,2.22,30
712.1661456488073,1781612377.3184292,-0.277538537979126,0.00711794663220644,9.690590858459473,-4.501911826082505e-05,0.01429001148790121,9.739055531099439e-05,0.0,2.23,30
712.1761456485838,1781612377.3284316,-0.23205028474330902,-0.0008401611121371388,9.543455123901367,-8.489991159876809e-05,0.01486482284963131,9.738220978761092e-05,0.0,2.24,30
712.1861456483603,1781612377.3400936,-0.19455063343048096,-0.0008165818871930242,9.495979309082031,-0.00012140734907006845,0.01376494113355875,9.737401705933735e-05,0.0,2.25,30
712.1961456481367,1781612377.3496006,-0.16767944395542145,-0.0006664220709353685,9.53994083404541,-0.00014773194561712444,0.011451679281890392,9.736544598126784e-05,0.0,2.2600000000000002,30
712.2061456479132,1781612377.3601055,-0.15174297988414764,0.008143547922372818,9.648188591003418,-0.00012958583829458803,0.008413872681558132,7.127199205569923e-05,0.0,2.27,30
712.2161456476897,1781612377.3706272,-0.14675913751125336,-0.00014089004253037274,9.784485816955566,-0.00013269850751385093,0.005100715905427933,7.12622786522843e-05,0.0,2.2800000000000002,30
712.2261456474662,1781612377.380921,-0.14879082143306732,6.717173528159037e-05,9.914273262023926,-0.00012082805187674239,0.0018837363459169865,7.12557666702196e-05,0.0,2.29,30
712.2361456472427,1781612377.3909645,-0.1574588567018509,0.00038547624717466533,10.01103401184082,-9.52850459725596e-05,-0.0009604281513020396,7.125437696231529e-05,0.0,2.3000000000000003,30
712.2461456470191,1781612377.4014745,-0.1698661893606186,0.0006217024056240916,10.060192108154297,-5.951483763055876e-05,-0.0032511886674910784,7.125890988390893e-05,0.0,2.31,30
712.2561456467956,1781612377.4116688,-0.18481573462486267,0.0019553692545741796,10.059744834899902,-1.8062508388538845e-05,-0.00489151943475008,7.12689507054165e-05,0.0,2.32,30
712.2661456465721,1781612377.4229662,-0.19936034083366394,0.0008883865084499121,10.017395973205566,2.4492030206602067e-05,-0.0058553460985422134,7.128310244297609e-05,0.0,2.33,30
712.2761456463486,1781612377.4334743,-0.21304506063461304,-0.0003624439414124936,9.947176933288574,6.258580833673477e-05,-0.006172476802021265,7.129870937205851e-05,0.0,2.34,30
712.2861456461251,1781612377.4435709,-0.22652044892311096,0.0018263752572238445,9.86582088470459,9.299338125856593e-05,-0.005913406610488892,7.13136323611252e-05,0.0,2.35,30
712.2961456459016,1781612377.4536777,-0.23648390173912048,0.00043107286910526454,9.788309097290039,0.00011217009159736335,-0.005178945139050484,7.132539030862972e-05,0.0,2.36,30
712.306145645678,1781612377.464069,-0.24364350736141205,-0.0009852739749476314,9.726263999938965,0.00011929672473343089,-0.004090806934982538,7.133275357773528e-05,0.0,2.37,30
712.3161456454545,1781612377.4745774,-0.24887488782405853,-9.050947119249031e-05,9.686321258544922,0.00011407955753384158,-0.0027813587803393602,7.133500184863806e-05,0.0,2.38,30
712.326145645231,1781612377.485,-0.2511368691921234,0.0008271292317658663,9.66999340057373,9.778362436918542e-05,-0.001386040123179555,7.133232429623604e-05,0.0,2.39,30
712.3361456450075,1781612377.4960463,2.1111953258514404,-0.0017199665307998657,9.42719841003418,7.931218715384603e-05,-0.004658167716115713,7.59928225306794e-05,0.0,2.4,30
712.346145644784,1781612377.5065525,2.096950054168701,-0.0003424894530326128,9.621706008911133,6.23045998509042e-05,-0.006774270441383123,8.072883065324277e-05,0.0,2.41,30
712.3561456445605,1781612377.5167875,2.0834858417510986,-0.0015832619974389672,9.807910919189453,4.880549749941565e-05,-0.007684703916311264,8.550840720999986e-05,0.0,2.42,30
712.3661456443369,1781612377.5268862,2.0693273544311523,0.008823174983263016,9.944348335266113,7.05675920471549e-05,-0.007524199318140745,6.330840551527217e-05,0.0,2.43,30
712.3761456441134,1781612377.5369892,2.0630857944488525,-0.0002909886243287474,10.011844635009766,5.565390529227443e-05,-0.006544489413499832,6.803060387028381e-05,0.0,2.44,30
712.3861456438899,1781612377.5474951,2.062713623046875,-0.0014447306748479605,10.011728286743164,4.0722796256886795e-05,-0.005045321304351091,7.28171580703929e-05,0.0,2.45,30
712.3961456436664,1781612377.557685,2.067586660385132,-0.0002983182785101235,9.960061073303223,2.5484203433734365e-05,-0.003318208269774914,7.759990694466978e-05,0.0,2.46,30
712.4061456434429,1781612377.5678065,2.0774025917053223,-0.00019840219465550035,9.880486488342285,1.0428087989566848e-05,-0.0016080389032140374,8.243485353887081e-05,0.0,2.47,30
712.4161456432194,1781612377.576975,2.096992254257202,0.00860131811350584,9.797264099121094,2.630829476402141e-05,-9.27885266719386e-05,6.044897236279212e-05,0.0,2.48,30
712.4261456429958,1781612377.5884814,2.0981807708740234,-0.0030836958903819323,9.729686737060547,4.321150754549308e-06,0.00111864332575351,6.540359026985243e-05,0.0,2.49,30
712.4361456427723,1781612377.6129992,2.1284143924713135,-0.00020280519674997777,9.689404487609863,-1.7122720237239264e-05,0.0019792327657341957,7.028532127151266e-05,0.0,2.5,30
712.4461456425488,1781612377.623519,2.139695167541504,-0.000400318531319499,9.679865837097168,-3.583222860470414e-05,0.0024888699408620596,7.516111509175971e-05,0.0,2.5100000000000002,30
712.4561456423253,1781612377.6336036,2.1546287536621094,0.007149217650294304,9.697179794311523,-2.0020643205498345e-05,0.002678380813449621,5.417619468062185e-05,0.0,2.52,30
712.4661456421018,1781612377.6441088,2.1676692962646484,-0.0003585007507354021,9.73316764831543,-3.6349898437038064e-05,0.002596972044557333,5.9172671171836555e-05,0.0,2.5300000000000002,30
712.4761456418782,1781612377.6546164,2.1787726879119873,-0.00018221781647298485,9.777557373046875,-4.807902223546989e-05,0.0023018300998955965,6.412662332877517e-05,0.0,2.54,30
712.4861456416547,1781612377.6651304,2.1900877952575684,-0.0014322665520012379,9.820818901062012,-5.391391096054576e-05,0.0018525015329942107,6.902687164256349e-05,0.0,2.5500000000000003,30
712.4961456414312,1781612377.675636,2.1968741416931152,8.06207608547993e-05,9.855327606201172,-5.394807885750197e-05,0.001305480720475316,7.398381421808153e-05,0.0,2.56,30
712.5061456412077,1781612377.6866946,2.2037599086761475,0.008687587454915047,9.877102851867676,-1.794337367755361e-05,0.0007153148762881756,5.3331950766732916e-05,0.0,2.57,30
712.5161456409842,1781612377.697192,2.2033486366271973,-0.001868541818112135,9.885177612304688,-1.5105388229130767e-05,0.0001316465495619923,5.829600559081882e-05,0.0,2.58,30
712.5261456407607,1781612377.7076986,2.226294994354248,0.00170616596005857,9.880911827087402,-1.0659742656571325e-05,-0.0004014795704279095,6.325884169200435e-05,0.0,2.59,30
712.5361456405371,1781612377.7177634,2.2110214233398438,-0.0019145736005157232,9.867650985717773,-4.893104687653249e-06,-0.0008469460299238563,6.825787568232045e-05,0.0,2.6,30
712.5461456403136,1781612377.7278042,2.2178902626037598,0.0014031437458470464,9.849406242370605,1.3547961543736164e-06,-0.0011769543634727597,7.325364276766777e-05,0.0,2.61,30
712.5561456400901,1781612377.738812,2.2206900119781494,-0.001006696023978293,9.829896926879883,7.623390047228895e-06,-0.0013742346782237291,7.828417437849566e-05,0.0,2.62,30
712.5661456398666,1781612377.7493188,2.2214746475219727,0.00014209322398528457,9.812146186828613,1.358968802378513e-05,-0.0014342092908918858,8.333229197887704e-05,0.0,2.63,30
712.5761456396431,1781612377.7588234,2.2220585346221924,0.0076086195185780525,9.798160552978516,4.802761759492569e-05,-0.0013642256380990148,6.27971749054268e-05,0.0,2.64,30
712.5861456394196,1781612377.7693295,2.2247557640075684,-0.0013822768814861774,9.78889274597168,4.290612559998408e-05,-0.0011829219292849302,6.790154293412343e-05,0.0,2.65,30
712.596145639196,1781612377.7798376,2.2245023250579834,0.0010846143122762442,9.784313201904297,3.493234908091836e-05,-0.0009176681051030755,7.301918958546594e-05,0.0,2.66,30
712.6061456389725,1781612377.7913527,2.228032350540161,-0.0014046960277482867,9.783841133117676,2.4436363673885353e-05,-0.0006017913110554218,7.804555934853852e-05,0.0,2.67,30
712.616145638749,1781612377.800861,2.230318784713745,-0.00023793020227458328,9.786335945129395,1.30572916532401e-05,-0.00027073442470282316,8.318318577948958e-05,0.0,2.68,30
712.6261456385255,1781612377.811931,2.2315313816070557,0.008671441115438938,9.790730476379395,3.166751776007004e-05,4.1946426790673286e-05,6.295459024840966e-05,0.0,2.69,30
712.636145638302,1781612377.8214412,2.2409300804138184,-0.0034426026977598667,9.796215057373047,1.4278631169872824e-05,0.0003084521449636668,6.803133874200284e-05,0.0,2.7,30
712.6461456380785,1781612377.8319545,2.2394907474517822,5.7418259530095384e-05,9.801883697509766,-2.727751279962831e-06,0.0005082586430944502,7.315673428820446e-05,0.0,2.71,30
712.6561456378549,1781612377.8414626,2.245225191116333,-0.00032324224594049156,9.807194709777832,-1.7433776520192623e-05,0.0006297040381468832,7.819823076715693e-05,0.0,2.72,30
712.6661456376314,1781612377.8525553,2.2492175102233887,-0.00023126309679355472,9.811810493469238,-2.8479869797592983e-05,0.0006707282736897469,8.330497803399339e-05,0.0,2.73,30
712.6761456374079,1781612377.8630598,2.2529289722442627,0.007271939888596535,9.815589904785156,-5.550685727939708e-06,0.0006371207418851554,6.279216904658824e-05,0.0,2.74,30
712.6861456371844,1781612377.8735683,2.255553722381592,-0.00014645354531239718,9.818568229675293,-1.5926458218018524e-05,0.0005419330555014312,6.789268081774935e-05,0.0,2.75,30
712.6961456369609,1781612377.8840744,2.259042978286743,-0.0013061265926808119,9.820611000061035,-2.3181355572887696e-05,0.00040268016164191067,7.300068682525307e-05,0.0,2.7600000000000002,30
712.7061456367373,1781612377.894085,2.2607693672180176,-8.263377094408497e-05,9.821554183959961,-2.7118057914776728e-05,0.00023846523254178464,7.810472743585706e-05,0.0,2.77,30
712.7161456365138,1781612377.9035904,2.2592132091522217,-0.002514718333259225,9.821845054626465,-2.722326280490961e-05,6.914632103871554e-05,8.321534551214427e-05,0.0,2.7800000000000002,30
712.7261456362903,1781612377.9138153,2.2702102661132812,0.010320205241441727,9.821133613586426,5.208049969951389e-06,-8.799170609563589e-05,6.284761184360832e-05,0.0,2.79,30
712.7361456360668,1781612377.9240897,2.2593679428100586,-0.0004806236829608679,9.819870948791504,3.0096666705503594e-06,-0.00021911454678047448,6.795061199227348e-05,0.0,2.8000000000000003,30
712.7461456358433,1781612377.9345949,2.2639591693878174,0.00014624542382080108,9.817953109741211,1.0828799759110552e-06,-0.00031483088969253004,7.307349005714059e-05,0.0,2.81,30
712.7561456356198,1781612377.9448287,2.2643632888793945,-0.0011957458918914199,9.815815925598145,-4.085647731244535e-07,-0.00037011949461884797,7.825571083230898e-05,0.0,2.82,30
712.7661456353962,1781612377.9549124,2.263925552368164,-3.063370968447998e-05,9.813406944274902,-1.1857471235998673e-06,-0.00038504780968651175,8.341318607563153e-05,0.0,2.83,30
712.7761456351727,1781612377.9654195,2.2633190155029297,0.007264272775501013,9.81119155883789,2.7282801966066472e-05,-0.00036279394407756627,6.381563434842974e-05,0.0,2.84,30
712.7861456349492,1781612377.9757142,2.264544725418091,-0.0014155855169519782,9.80918025970459,1.9970248104073107e-05,-0.0003106439544353634,6.900360313011333e-05,0.0,2.85,30
712.7961456347257,1781612377.9857974,2.262726068496704,0.0011082462733611465,9.807568550109863,1.2190522284072358e-05,-0.00023744007921777666,7.41307158023119e-05,0.0,2.86,30
712.8061456345022,1781612377.9958055,2.2717347145080566,-0.0011244085617363453,9.806558609008789,3.9400415516865905e-06,-0.00015257831546477973,7.933078450150788e-05,0.0,2.87,30
712.8161456342787,1781612378.00585,2.2486767768859863,-0.0005467424634844065,9.80608081817627,-3.416068466322031e-06,-6.564270006492734e-05,8.453130431007594e-05,0.0,2.88,30
712.8261456340551,1781612378.016918,2.27131986618042,0.008185191079974174,9.806314468383789,1.922854244185146e-05,1.5220457498799078e-05,6.498537550214678e-05,0.0,2.89,30
712.8361456338316,1781612378.0264242,2.260761260986328,-0.0007159285014495254,9.806946754455566,7.695925887674093e-06,8.336039172718301e-05,7.018350152065977e-05,0.0,2.9,30
712.8461456336081,1781612378.0375264,2.274644374847412,-0.003132164478302002,9.808035850524902,-2.9522911972890142e-06,0.00013382232282310724,7.544708205386996e-05,0.0,2.91,30
712.8561456333846,1781612378.0475597,2.2523458003997803,0.000548463431186974,9.809326171875,-1.2009569218207616e-05,0.00016452489944640547,8.058053208515048e-05,0.0,2.92,30
712.8661456331611,1781612378.0585923,2.282721996307373,-0.00011065180297009647,9.810776710510254,-1.8505546904634684e-05,0.00017561044660396874,8.585193427279592e-05,0.0,2.93,30
712.8761456329376,1781612378.0677934,2.24857234954834,0.00820675864815712,9.8120756149292,7.259236554091331e-06,0.00016844137280713767,6.596931052627042e-05,0.0,2.94,30
712.886145632714,1781612378.0788426,2.2833590507507324,-0.002068966394290328,9.813166618347168,-6.880829914734932e-07,0.0001456668396713212,7.116115011740476e-05,0.0,2.95,30
712.8961456324905,1781612378.088543,2.2520089149475098,-0.00016950808640103787,9.813974380493164,-7.547932000306901e-06,0.00011182785965502262,7.63765856390819e-05,0.0,2.96,30
712.906145632267,1781612378.0995846,2.2768945693969727,0.0006450837827287614,9.814493179321289,-1.2758137927448843e-05,7.180724060162902e-05,8.153192175086588e-05,0.0,2.97,30
712.9161456320435,1781612378.1096501,2.2583093643188477,0.007162873167544603,9.814690589904785,1.208449339173967e-05,3.019574796780944e-05,6.27282788627781e-05,0.0,2.98,30
712.92614563182,1781612378.119835,2.2662129402160645,-0.00047655164962634444,9.814579963684082,4.072783667652402e-06,-8.853642611938994e-06,6.78888100082986e-05,0.0,2.99,30
712.9361456315964,1781612378.130049,2.2650516033172607,-0.00233882456086576,9.814125061035156,-3.2342936719942372e-06,-4.170949250692502e-05,7.305416511371732e-05,0.0,3.0,30
712.9461456313729,1781612378.139557,2.265493154525757,0.0002489849866833538,9.813529968261719,-8.896179679140914e-06,-6.60845180391334e-05,7.820747850928456e-05,0.0,3.0100000000000002,30
712.9561456311494,1781612378.149834,2.2630913257598877,-0.0002661804319359362,9.812840461730957,-1.2799470823665615e-05,-8.075899677351117e-05,8.332647121278569e-05,0.0,3.02,30
712.9661456309259,1781612378.159946,2.2500622272491455,0.008702918887138367,9.812191009521484,1.3222040252003353e-05,-8.528782927896827e-05,6.439146090997383e-05,0.0,3.0300000000000002,30
712.9761456307024,1781612378.1704528,2.271284341812134,-0.0008023740956559777,9.81144905090332,6.454356935137184e-06,-8.061453263508156e-05,6.962294719414786e-05,0.0,3.04,30
712.9861456304789,1781612378.1809611,2.259185314178467,-0.001653711311519146,9.8109712600708,-2.9754377806057164e-07,-6.838244007667527e-05,7.482344517484307e-05,0.0,3.0500000000000003,30
712.9961456302553,1781612378.1920357,2.247469425201416,-0.00039480323903262615,9.81058406829834,-5.678260095010046e-06,-5.0031787395710126e-05,7.997623470146209e-05,0.0,3.06,30
713.0061456300318,1781612378.2015433,2.266777515411377,-0.0014343047514557838,9.810297966003418,-9.561632396071218e-06,-2.8615580959012732e-05,8.512622298439965e-05,0.0,3.0700000000000003,30
713.0161456298083,1781612378.2120502,2.254438877105713,0.009596518240869045,9.810287475585938,1.649024306971114e-05,-6.115611540735699e-06,6.594581645913422e-05,0.0,3.08,30
713.0261456295848,1781612378.2225604,2.2538955211639404,-0.0025127308908849955,9.810206413269043,8.726209671294782e-06,1.4870336599415168e-05,7.117503264453262e-05,0.0,3.09,30
713.0361456293613,1781612378.2327042,2.2546539306640625,0.0002199045120505616,9.810559272766113,8.742685508877912e-07,3.307430961285718e-05,7.633158384123817e-05,0.0,3.1,30
713.0461456291378,1781612378.2442098,2.2528111934661865,-0.0004958974895998836,9.810806274414062,-6.207843398442492e-06,4.7099787479965016e-05,8.156050171237439e-05,0.0,3.11,30
713.0561456289142,1781612378.254717,2.259047269821167,0.007322048302739859,9.811097145080566,1.5917898053885438e-05,5.573712769546546e-05,6.321645923890173e-05,0.0,3.12,30
713.0661456286907,1781612378.2646253,2.2441246509552,-0.000118030104204081,9.811450004577637,5.57061639483436e-06,5.9263722505420446e-05,6.836459215264767e-05,0.0,3.13,30
713.0761456284672,1781612378.2756999,2.2509937286376953,-0.0018396711675450206,9.811805725097656,-3.992626716353698e-06,5.8137899031862617e-05,7.352753164013848e-05,0.0,3.14,30
713.0861456282437,1781612378.285829,2.258213520050049,-5.7117602409562096e-05,9.812081336975098,-1.1686318430292886e-05,5.2851082728011534e-05,7.87441385909915e-05,0.0,3.15,30
713.0961456280202,1781612378.2965102,2.240555763244629,-0.0020464479457587004,9.812250137329102,-1.6913611034397036e-05,4.460064155864529e-05,8.388120477320626e-05,0.0,3.16,30
713.1061456277966,1781612378.307015,2.246650457382202,0.00951732974499464,9.812430381774902,8.350604730367195e-06,3.468348222668283e-05,6.492823013104498e-05,0.0,3.17,30
713.1161456275731,1781612378.3175201,2.251934766769409,-0.0013360714074224234,9.81247329711914,8.954751251621929e-07,2.4191331249312498e-05,7.01134922564961e-05,0.0,3.18,30
713.1261456273496,1781612378.3285677,2.239774465560913,-0.0008448230219073594,9.812376022338867,-5.6423223213641904e-06,1.4180814105202444e-05,7.527217530878261e-05,0.0,3.19,30
713.1361456271261,1781612378.3385055,2.2435641288757324,-0.00031138211488723755,9.812276840209961,-1.0195895811193623e-05,5.73412171434029e-06,8.043229900067672e-05,0.0,3.2,30
713.1461456269026,1781612378.3496056,2.243067979812622,0.008050959557294846,9.812199592590332,1.386168605677085e-05,-3.688740548568603e-07,6.23733940301463e-05,0.0,3.21,30
713.1561456266791,1781612378.359109,2.238986015319824,-0.0005810328293591738,9.812016487121582,5.839939149154816e-06,-4.157421244599391e-06,6.74944749334827e-05,0.0,3.22,30
713.1661456264555,1781612378.368613,2.239276885986328,-0.0016868249513208866,9.811809539794922,-1.5140082041398273e-06,-5.334844445314957e-06,7.267029286595061e-05,0.0,3.23,30
713.176145626232,1781612378.3791203,2.2366042137145996,-0.0002748214756138623,9.811671257019043,-7.78890353103634e-06,-4.032757715322077e-06,7.78172179707326e-05,0.0,3.24,30
713.1861456260085,1781612378.3896396,2.2364232540130615,-0.0005016275681555271,9.811534881591797,-1.2455157047952525e-05,-7.5731963988801e-07,8.293033170048147e-05,0.0,3.25,30
713.196145625785,1781612378.3993115,2.234333038330078,0.008098381571471691,9.811445236206055,1.2475184121285565e-05,4.13266388932243e-06,6.43753883196041e-05,0.0,3.2600000000000002,30
713.2061456255615,1781612378.4098184,2.233267068862915,-0.0007813677075318992,9.811423301696777,5.237988716544351e-06,9.918308023770805e-06,6.950612441869453e-05,0.0,3.27,30
713.216145625338,1781612378.4200914,2.23041033744812,-0.0012608449906110764,9.811290740966797,-1.4694098808831768e-06,1.5462053852388635e-05,7.463373185601085e-05,0.0,3.2800000000000002,30
713.2261456251144,1781612378.4295979,2.2291319370269775,-0.00030590276583097875,9.81134033203125,-7.382542207778897e-06,2.1065792680019513e-05,7.975279731908813e-05,0.0,3.29,30
713.2361456248909,1781612378.4401019,2.231924533843994,0.00732444878667593,9.81137466430664,1.5174711734289303e-05,2.5838260626187548e-05,6.202930671861395e-05,0.0,3.3000000000000003,30
713.2461456246674,1781612378.4506211,2.223676919937134,-0.00032279230072163045,9.811423301696777,6.159345048217801e-06,2.952510112663731e-05,6.714997289236635e-05,0.0,3.31,30
713.2561456244439,1781612378.4616873,2.2252495288848877,-0.0017091536428779364,9.811594009399414,-2.715417394938413e-06,3.1932191632222384e-05,7.225442095659673e-05,0.0,3.3200000000000003,30
713.2661456242204,1781612378.4710903,2.2285265922546387,-0.00018344982527196407,9.811559677124023,-9.680991752247792e-06,3.294972702860832e-05,7.735331746516749e-05,0.0,3.33,30
713.2761456239969,1781612378.4816003,2.2176811695098877,-0.0006892765522934496,9.811659812927246,-1.4969109543017112e-05,3.25399887515232e-05,8.249115489888936e-05,0.0,3.34,30
713.2861456237733,1781612378.4919162,2.2204203605651855,0.008158871904015541,9.811759948730469,9.827575922827236e-06,3.1137518817558885e-05,6.41484439256601e-05,0.0,3.35,30
713.2961456235498,1781612378.5019817,2.224885940551758,-0.0016559450887143612,9.811851501464844,2.5626825390645536e-06,2.9174325391068123e-05,6.92836256348528e-05,0.0,3.36,30
713.3061456233263,1781612378.5124898,2.2121994495391846,0.0006683547399006784,9.811838150024414,-3.999509772256715e-06,2.652226794452872e-05,7.432801794493571e-05,0.0,3.37,30
713.3161456231028,1781612378.5220003,2.216574192047119,-0.0015686315018683672,9.811903953552246,-9.447611773794051e-06,2.3902317479951307e-05,7.943700620671734e-05,0.0,3.38,30
713.3261456228793,1781612378.5325077,2.218189239501953,0.0077333226799964905,9.811903953552246,1.3336290976440068e-05,2.1557209038292058e-05,6.181612116051838e-05,0.0,3.39,30
713.3361456226557,1781612378.5427155,2.2086024284362793,-0.00047119284863583744,9.811885833740234,5.3818721426068805e-06,1.9836332285194658e-05,6.691217276966199e-05,0.0,3.4,30
713.3461456224322,1781612378.5532222,2.2114551067352295,-0.0016883440548554063,9.811891555786133,-1.9352996787347365e-06,1.860443444456905e-05,7.198153616627678e-05,0.0,3.41,30
713.3561456222087,1781612378.56273,2.2121853828430176,-0.0001899632770800963,9.811738967895508,-8.023992450034712e-06,1.7601807485334575e-05,7.706262840656564e-05,0.0,3.42,30
713.3661456219852,1781612378.573779,2.2048888206481934,-0.0005310160340741277,9.811759948730469,-1.2379331565171015e-05,1.7441914678784087e-05,8.218869334086776e-05,0.0,3.43,30
713.3761456217617,1781612378.5838466,2.2059853076934814,0.008039014413952827,9.811715126037598,1.2807716302631889e-05,1.7957114323507994e-05,6.405814201571047e-05,0.0,3.44,30
713.3861456215382,1781612378.593859,2.2068700790405273,-0.0007994259358383715,9.811630249023438,5.608688752545277e-06,1.8705881302594207e-05,6.914436380611733e-05,0.0,3.45,30
713.3961456213146,1781612378.6043742,2.199657917022705,-0.0012553957058116794,9.811577796936035,-1.5775427755215787e-06,1.9909297407139093e-05,7.421283225994557e-05,0.0,3.46,30
713.4061456210911,1781612378.6138875,2.2008183002471924,-0.00039460702100768685,9.811537742614746,-7.211676347651519e-06,2.123062040482182e-05,7.9279750934802e-05,0.0,3.47,30
713.4161456208676,1781612378.6240442,2.2018160820007324,0.007469323929399252,9.8115873336792,1.523130777059123e-05,2.2902946511749178e-05,6.18252670392394e-05,0.0,3.48,30
713.4261456206441,1781612378.634551,2.194622039794922,-0.00041763149783946574,9.811553001403809,6.13050906395074e-06,2.456501533742994e-05,6.687478889944032e-05,0.0,3.49,30
713.4361456204206,1781612378.6438794,2.195594072341919,-0.001693247351795435,9.811568260192871,-2.5188592189806513e-06,2.5791572625166737e-05,7.195868965936825e-05,0.0,3.5,30
713.4461456201971,1781612378.654197,2.1978096961975098,-0.00021007824398111552,9.81164836883545,-9.578302524460014e-06,2.6635903850547038e-05,7.699467823840678e-05,0.0,3.5100000000000002,30
713.4561456199735,1781612378.6647053,2.188480854034424,0.007180631626397371,9.811637878417969,1.1335308954585344e-05,2.7158905140822753e-05,5.993488593958318e-05,0.0,3.52,30
713.46614561975,1781612378.6750011,2.1899776458740234,-0.0005446933209896088,9.811666488647461,2.0868014871666674e-06,2.755932837317232e-05,6.501962343463674e-05,0.0,3.5300000000000002,30
713.4761456195265,1781612378.684507,2.1933088302612305,-0.0021057254634797573,9.811734199523926,-5.660632723447634e-06,2.7398913516663015e-05,7.0098256401252e-05,0.0,3.54,30
713.486145619303,1781612378.6950753,2.1829497814178467,-8.544410957256332e-05,9.811695098876953,-1.2125588000344578e-05,2.68359508481808e-05,7.519197970395908e-05,0.0,3.5500000000000003,30
713.4961456190795,1781612378.7055807,2.18530535697937,-0.00029180754791013896,9.811715126037598,-1.6289610357489437e-05,2.6315668947063386e-05,8.021917165024206e-05,0.0,3.56,30
713.506145618856,1781612378.716086,2.187596559524536,0.008915513753890991,9.811721801757812,8.464210623060353e-06,2.5630184609326534e-05,6.238891364773735e-05,0.0,3.5700000000000003,30
713.5161456186324,1781612378.7255924,2.177263021469116,-0.001328473212197423,9.811746597290039,1.9893216176569695e-06,2.5025063223438337e-05,6.747596489731222e-05,0.0,3.58,30
713.5261456184089,1781612378.7367992,2.1804752349853516,-0.0015414247754961252,9.811742782592773,-3.37834012498206e-06,2.4561355530750006e-05,7.246679888339713e-05,0.0,3.59,30
713.5361456181854,1781612378.7463045,2.181849241256714,0.00017092553025577217,9.811702728271484,-7.11907205186435e-06,2.4379423848586157e-05,7.75029620854184e-05,0.0,3.6,30
713.5461456179619,1781612378.7568123,2.1727805137634277,0.007207070477306843,9.811690330505371,1.5879195416346192e-05,2.4400798793067224e-05,6.033345925970934e-05,0.0,3.61,30
713.5561456177384,1781612378.7668757,2.1746578216552734,-0.0005849876906722784,9.811711311340332,7.627184004377341e-06,2.42238565988373e-05,6.537440640386194e-05,0.0,3.62,30
713.5661456175148,1781612378.7769792,2.1764378547668457,-0.002798156812787056,9.811629295349121,-1.2188948517177778e-07,2.396021045569796e-05,7.043627556413412e-05,0.0,3.63,30
713.5761456172913,1781612378.7874854,2.1673810482025146,0.0007078853086568415,9.811673164367676,-6.9254297159204725e-06,2.4085873519652523e-05,7.548042049165815e-05,0.0,3.64,30
713.5861456170678,1781612378.7985454,2.1693501472473145,0.007388995494693518,9.811633110046387,1.356380835204618e-05,2.4256309188785963e-05,5.86115857004188e-05,0.0,3.65,30
713.5961456168443,1781612378.8085482,2.170612335205078,-0.001104781054891646,9.811646461486816,4.084939973836299e-06,2.4329869120265357e-05,6.365538865793496e-05,0.0,3.66,30
713.6061456166208,1781612378.8185773,2.162395715713501,-0.0012392800999805331,9.811661720275879,-4.367370820546057e-06,2.4825143555062823e-05,6.865763862151653e-05,0.0,3.67,30
713.6161456163973,1781612378.8289094,2.163872480392456,-0.0004686702450271696,9.81165885925293,-1.1086074664490297e-05,2.5163988539134152e-05,7.369946979451925e-05,0.0,3.68,30
713.6261456161737,1781612378.8388755,2.165864944458008,0.00765883456915617,9.811711311340332,9.895971743389964e-06,2.5454526621615514e-05,5.710420009563677e-05,0.0,3.69,30
713.6361456159502,1781612378.8488872,2.1564276218414307,-0.0009163207141682506,9.811707496643066,9.295364407080342e-07,2.6129608158953488e-05,6.21346989646554e-05,0.0,3.7,30
713.6461456157267,1781612378.859496,2.15798282623291,-0.0004515314067248255,9.811675071716309,-6.577834028576035e-06,2.6396899556857534e-05,6.716412462992594e-05,0.0,3.71,30
713.6561456155032,1781612378.8695793,2.161015510559082,-0.0006551041733473539,9.8116455078125,-1.1979093869740609e-05,2.6620749849826097e-05,7.217116944957525e-05,0.0,3.72,30
713.6661456152797,1781612378.8790808,2.150944471359253,-0.0011610230430960655,9.811612129211426,-1.5924659237498417e-05,2.6600044293445535e-05,7.72364073782228e-05,0.0,3.73,30
713.6761456150562,1781612378.8895905,2.153134346008301,0.007788488641381264,9.811566352844238,8.602351044828538e-06,2.6476331186131574e-05,5.985157622490078e-05,0.0,3.74,30
713.6861456148326,1781612378.8996036,2.1547505855560303,-0.00010742376616690308,9.81163215637207,2.3495883851865074e-06,2.6193720259470865e-05,6.487250357167795e-05,0.0,3.75,30
713.6961456146091,1781612378.9101076,2.1463799476623535,-0.0019068911205977201,9.811686515808105,-3.0040062029002e-06,2.626714194775559e-05,6.985706568229944e-05,0.0,3.7600000000000002,30
713.7061456143856,1781612378.9196162,2.147149085998535,-0.0001877861941466108,9.811697006225586,-7.246110271807993e-06,2.6192561563220806e-05,7.488582923542708e-05,0.0,3.77,30
713.7161456141621,1781612378.9299035,2.149393320083618,0.008465979248285294,9.811705589294434,1.56222940859152e-05,2.600255174911581e-05,5.802810119348578e-05,0.0,3.7800000000000002,30
713.7261456139386,1781612378.9399981,2.140545606613159,-0.0014779109042137861,9.811644554138184,7.814307537046261e-06,2.571348704805132e-05,6.3044746639207e-05,0.0,3.79,30
713.736145613715,1781612378.9505029,2.141650915145874,-0.0004327826318331063,9.811717987060547,2.76168947266342e-07,2.571714503574185e-05,6.805951124988496e-05,0.0,3.8000000000000003,30
713.7461456134915,1781612378.96001,2.144577741622925,-0.0017200782895088196,9.8117036819458,-6.350564035528805e-06,2.565747854532674e-05,7.305121835088357e-05,0.0,3.81,30
713.756145613268,1781612378.970518,2.134786605834961,0.007351136300712824,9.81159782409668,1.408902789989952e-05,2.564050919318106e-05,5.668429366778582e-05,0.0,3.8200000000000003,30
713.7661456130445,1781612378.9806736,2.1367881298065186,-0.0006391135975718498,9.811603546142578,5.108815003040945e-06,2.5390694645466283e-05,6.163078069221228e-05,0.0,3.83,30
713.776145612821,1781612378.9909313,2.138228416442871,-0.0012954341946169734,9.811686515808105,-3.779832923100912e-06,2.544869130360894e-05,6.66208507027477e-05,0.0,3.84,30
713.7861456125975,1781612379.0006669,2.130157709121704,-0.000976690324023366,9.811673164367676,-1.0701464816520456e-05,2.5742161597008817e-05,7.156349602155387e-05,0.0,3.85,30
713.796145612374,1781612379.0119033,2.130467414855957,0.008413821458816528,9.811598777770996,8.551492101105396e-06,2.5675088181742467e-05,5.538176992558874e-05,0.0,3.86,30
713.8061456121504,1781612379.0221846,2.1336681842803955,-0.0016496751923114061,9.811718940734863,5.2672537442788325e-09,2.6031399102066644e-05,6.03543667239137e-05,0.0,3.87,30
713.8161456119269,1781612379.031694,2.1231706142425537,-0.0005119123379699886,9.811663627624512,-7.314641607081285e-06,2.6134484869544394e-05,6.52869712212123e-05,0.0,3.88,30
713.8261456117034,1781612379.042202,2.126743793487549,-0.0016581049421802163,9.81167221069336,-1.2724922271445394e-05,2.6398267436889e-05,7.020672637736425e-05,0.0,3.89,30
713.8361456114799,1781612379.0527093,2.1273789405822754,0.0016723976004868746,9.81163501739502,-1.6169497030205093e-05,2.614205004647374e-05,7.51344850868918e-05,0.0,3.9,30
713.8461456112564,1781612379.0630527,2.1179561614990234,0.0070066265761852264,9.8115873336792,8.235650057031307e-06,2.5836643544607796e-05,5.8197154430672526e-05,0.0,3.91,30
713.8561456110328,1781612379.0735598,2.120734453201294,-0.0015363568672910333,9.8117094039917,2.947640268757823e-06,2.5997933335020207e-05,6.319639214780182e-05,0.0,3.92,30
713.8661456108093,1781612379.0830579,2.1179585456848145,-0.00029275837005116045,9.81155014038086,-2.6162197173107415e-06,2.58087911788607e-05,6.821654824307188e-05,0.0,3.93,30
713.8761456105858,1781612379.0930724,2.122309446334839,-0.0015368128661066294,9.811684608459473,-6.522532203234732e-06,2.5781080694287084e-05,7.315615948755294e-05,0.0,3.94,30
713.8861456103623,1781612379.1045804,2.1097543239593506,0.0074709500186145306,9.811690330505371,1.5402925782836974e-05,2.5946679670596495e-05,5.687509838026017e-05,0.0,3.95,30
713.8961456101388,1781612379.114646,2.1130542755126953,-0.0005664853961206973,9.811628341674805,7.5065254350192845e-06,2.5977606128435582e-05,6.183587538544089e-05,0.0,3.96,30
713.9061456099153,1781612379.1247344,2.1145951747894287,-0.0015684658428654075,9.811738967895508,2.324547381249431e-07,2.6116518711205572e-05,6.672895688097924e-05,0.0,3.97,30
713.9161456096917,1781612379.134884,2.1058671474456787,-0.0004515203763730824,9.811616897583008,-6.1657292462768964e-06,2.6253997930325568e-05,7.168246520450339e-05,0.0,3.98,30
713.9261456094682,1781612379.1453724,2.1076934337615967,0.007147795986384153,9.811622619628906,1.3699379451281857e-05,2.635669989103917e-05,5.5559994507348165e-05,0.0,3.99,30
720.9361454527825,1781612386.394254,0.03757691755890846,-0.008997582830488682,9.33878231048584,2.7982086976408027e-06,-0.012333561666309834,-0.00020744666107930243,0.0,0.0,60
720.946145452559,1781612386.4038777,-0.0041898624040186405,0.0016089832643046975,9.664376258850098,7.684785668971017e-05,-0.01925009861588478,-0.00020739696628879756,0.0,0.01,60
720.9561454523355,1781612386.414392,-0.030067021027207375,0.0013874585274606943,9.953421592712402,0.0001539910736028105,-0.022942613810300827,-0.0002072111383313313,0.0,0.02,60
720.966145452112,1781612386.4246492,-0.03433544561266899,-0.007851364091038704,10.138702392578125,0.0001880068884929642,-0.023641251027584076,-0.00017568703333381563,0.0,0.03,60
720.9761454518884,1781612386.4347222,-0.0065686353482306,0.0014194636605679989,10.19476318359375,0.000251268211286515,-0.0218869186937809,-0.00017515631043352187,0.0,0.04,60
720.9861454516649,1781612386.444826,0.05404611676931381,0.0011745486408472061,10.132392883300781,0.00029222320881672204,-0.018385060131549835,-0.00017443569959141314,0.0,0.05,60
720.9961454514414,1781612386.454928,0.1500491201877594,-0.009015469811856747,9.98843002319336,0.00026994277141056955,-0.013876956887543201,-0.0001431296404916793,0.0,0.06,60
721.0061454512179,1781612386.465435,0.27935537695884705,-0.0011085155420005322,9.809980392456055,0.000261831795796752,-0.009045437909662724,-0.00014193110109772533,0.0,0.07,60
721.0161454509944,1781612386.4759393,0.43901780247688293,-0.0006201392970979214,9.642990112304688,0.00022802912280894816,-0.004454003646969795,-0.00014037558867130429,0.0,0.08,60
721.0261454507709,1781612386.4874465,0.6262393593788147,-0.00114330998621881,9.52188491821289,0.00017306354129686952,-0.0005194057594053447,-0.00013853193377144635,0.0,0.09,60
721.0361454505473,1781612386.4969838,0.8374141454696655,-0.00147333147469908,9.465256690979004,0.0001041711147991009,0.002490720711648464,-0.00013628916349262,0.0,0.1,60
721.0461454503238,1781612386.5065277,1.0697503089904785,-0.0026831638533622026,9.475120544433594,3.035365807591006e-05,0.004443939309567213,-0.00013365551421884447,0.0,0.11,60
721.0561454501003,1781612386.5167172,1.3200608491897583,-0.0015836999518796802,9.54024600982666,-4.020388951175846e-05,0.005320574156939983,-0.00013045202649664134,0.0,0.12,60
721.0661454498768,1781612386.5268028,1.5869613885879517,-0.0013404992641881108,9.640836715698242,-9.947129728971049e-05,0.005189165007323027,-0.0001267935149371624,0.0,0.13,60
721.0761454496533,1781612386.5370395,1.8689786195755005,-0.0010004775831475854,9.754714965820312,-0.0001415575243299827,0.0041848840191960335,-0.00012266833800822496,0.0,0.14,60
721.0861454494298,1781612386.5485535,2.1648192405700684,-0.0014198535354807973,9.86095905303955,-0.0001629278704058379,0.002487052697688341,-0.00011784771777456626,0.0,0.15,60
721.0961454492062,1781612386.558866,2.3680882453918457,-5.6562341342214495e-05,9.955694198608398,-0.00016228020831476897,0.0005115194944664836,-0.00011254736455157399,0.0,0.16,60
721.1061454489827,1781612386.568485,2.3602395057678223,0.00036838409141637385,10.035033226013184,-0.0001425091759301722,-0.0011425935663282871,-0.00010725637548603117,0.0,0.17,60
721.1161454487592,1781612386.5789926,2.3511805534362793,-0.00019317929400131106,10.059515953063965,-0.00010748121712822467,-0.0024193008430302143,-0.00010197503434028476,0.0,0.18,60
721.1261454485357,1781612386.589499,2.34214448928833,0.0009486924391239882,10.035806655883789,-6.285480776568875e-05,-0.003301015356555581,-9.666867845226079e-05,0.0,0.19,60
721.1361454483122,1781612386.6005442,2.333451509475708,-7.576785719720647e-05,9.977983474731445,-1.50646219481132e-05,-0.0037949057295918465,-9.127538214670494e-05,0.0,0.2,60
721.1461454480886,1781612386.6096604,2.324833393096924,0.0009853061055764556,9.903428077697754,3.0200979381334037e-05,-0.003925033379346132,-8.609366341261193e-05,0.0,0.21,60
721.1561454478651,1781612386.6201646,2.316901683807373,0.0010248625185340643,9.828516960144043,6.825619493611157e-05,-0.003728696843609214,-8.088252070592716e-05,0.0,0.22,60
721.1661454476416,1781612386.630676,2.310976982116699,-0.00045599151053465903,9.765862464904785,9.564560605213046e-05,-0.003254813374951482,-7.563129474874586e-05,0.0,0.23,60
721.1761454474181,1781612386.6407669,2.3056142330169678,0.00036484943120740354,9.722805976867676,0.00011014979099854827,-0.0025655869394540787,-7.029192056506872e-05,0.0,0.24,60
721.1861454471946,1781612386.6508722,2.302081346511841,8.20787317934446e-05,9.70178508758545,0.00011201745655853301,-0.0017335371812805533,-6.516101711895317e-05,0.0,0.25,60
721.1961454469711,1781612386.662393,2.3005406856536865,-0.0012949705123901367,9.700823783874512,0.00010192736954195425,-0.0008383203530684114,-6.000713983667083e-05,0.0,0.26,60
721.2061454467475,1781612386.6728983,2.297947406768799,0.0038858612533658743,9.715320587158203,8.217823778977618e-05,3.882732562487945e-05,-5.4755491873947904e-05,0.0,0.27,60
721.216145446524,1781612386.6824064,2.3060925006866455,-0.009896238334476948,9.739004135131836,5.53073150513228e-05,0.0008216945570893586,-4.953350071446039e-05,0.0,0.28,60
721.2261454463005,1781612386.6929111,2.3030848503112793,0.0034700529649853706,9.766525268554688,2.5663970518507995e-05,0.0014473338378593326,-4.4353335397318006e-05,0.0,0.29,60
721.236145446077,1781612386.7037573,2.309082269668579,-0.0006283599650487304,9.79296875,-3.226049784643692e-06,0.0018712332239374518,-3.92532347177621e-05,0.0,0.3,60
721.2461454458535,1781612386.7138321,2.313861131668091,-0.0016992274904623628,9.814878463745117,-3.0080482247285545e-05,0.002072194591164589,-3.410682620597072e-05,0.0,0.31,60
721.25614544563,1781612386.72497,2.31769061088562,-0.0002871394972316921,9.831233024597168,-5.155231337994337e-05,0.00205253972671926,-2.8798889616155066e-05,0.0,0.32,60
721.2661454454064,1781612386.7344778,2.321913003921509,-0.0002712776476982981,9.841349601745605,-6.565839430550113e-05,0.0018369245808571577,-2.3547523596789688e-05,0.0,0.33,60
721.2761454451829,1781612386.7446227,2.3251278400421143,-0.0012636984465643764,9.846147537231445,-7.177972292993218e-05,0.001467810827307403,-1.829050415835809e-05,0.0,0.34,60
721.2861454449594,1781612386.7557006,2.3262853622436523,0.0002063545398414135,9.846587181091309,-6.999649485806003e-05,0.0009985376382246614,-1.2978770428162534e-05,0.0,0.35000000000000003,60
721.2961454447359,1781612386.7658672,2.3278415203094482,-0.0011251700343564153,9.84390640258789,-6.069103619665839e-05,0.0004875658778473735,-7.726815056230407e-06,0.0,0.36,60
721.3061454445124,1781612386.7761698,2.326279878616333,-0.0007227248861454427,9.839278221130371,-4.6270604798337445e-05,-9.368363862449769e-06,-2.4999944798764773e-06,0.0,0.37,60
721.3161454442888,1781612386.785696,2.3239827156066895,0.0038801804184913635,9.833584785461426,-2.8330416171229444e-05,-0.0004443675570655614,2.7139474241266726e-06,0.0,0.38,60
721.3261454440653,1781612386.7961876,2.322542905807495,-0.0019298878032714128,9.827451705932617,-9.355876500194427e-06,-0.000781355076469481,7.938464477774687e-06,0.0,0.39,60
721.3361454438418,1781612386.805769,2.318862199783325,-0.0005546463071368635,9.82127571105957,8.602944035374094e-06,-0.0009990758262574673,1.3210064025770407e-05,0.0,0.4,60
721.3461454436183,1781612386.8161445,2.3161003589630127,0.00016202594269998372,9.815332412719727,2.402318023086991e-05,-0.0010913127334788442,1.8501008526072837e-05,0.0,0.41000000000000003,60
721.3561454433948,1781612386.8256652,2.3122684955596924,0.00046348044998012483,9.809871673583984,3.5676199331646785e-05,-0.0010653651552274823,2.3771401174599305e-05,0.0,0.42,60
721.3661454431713,1781612386.835888,2.31027889251709,-0.0009484693873673677,9.805148124694824,4.244505180395208e-05,-0.0009388679172843695,2.903290260292124e-05,0.0,0.43,60
721.3761454429477,1781612386.8463943,2.307572841644287,0.0002327698894077912,9.801302909851074,4.399068347993307e-05,-0.0007379097514785826,3.4346918255323544e-05,0.0,0.44,60
721.3861454427242,1781612386.8564203,2.3068182468414307,-0.0011680605821311474,9.798603057861328,4.1208208131138235e-05,-0.0004917904152534902,3.968812234234065e-05,0.0,0.45,60
721.3961454425007,1781612386.866533,2.3062334060668945,-0.0003502406179904938,9.797222137451172,3.433401434449479e-05,-0.00023068333393894136,4.502916272031143e-05,0.0,0.46,60
721.4061454422772,1781612386.877039,2.304375410079956,0.0011971258791163564,9.797256469726562,2.4616741939098574e-05,1.8515600459068082e-05,5.034339119447395e-05,0.0,0.47000000000000003,60
721.4161454420537,1781612386.887545,2.307659149169922,-0.00358518585562706,9.79847240447998,1.3512215446098708e-05,0.00023311011318583041,5.564328239415772e-05,0.0,0.48,60
721.4261454418302,1781612386.897142,2.306147336959839,0.0008119079866446555,9.800867080688477,1.958798520718119e-06,0.00039714877493679523,6.095325079513714e-05,0.0,0.49,60
721.4361454416066,1781612386.9076912,2.307439088821411,-0.0011263530468568206,9.804096221923828,-8.676985089550726e-06,0.0005017609219066799,6.631065480178222e-05,0.0,0.5,60
721.4461454413831,1781612386.9187467,2.3085458278656006,-0.00016752659576013684,9.807658195495605,-1.699956010270398e-05,0.0005447932053357363,7.166358409449458e-05,0.0,0.51,60
721.4561454411596,1781612386.9288425,2.309006690979004,7.465656381100416e-05,9.811348915100098,-2.280464286741335e-05,0.0005305672530084848,7.696021202718839e-05,0.0,0.52,60
721.4661454409361,1781612386.9387732,2.310715675354004,-0.0013577500358223915,9.814643859863281,-2.553308877395466e-05,0.00046796436072327197,8.222530595958233e-05,0.0,0.53,60
721.4761454407126,1781612386.9492826,2.3099234104156494,0.00019222794799134135,9.817333221435547,-2.5377552447025664e-05,0.000369004876120016,8.750785491429269e-05,0.0,0.54,60
721.486145440489,1781612386.9597962,2.310649871826172,-0.0010580031666904688,9.819197654724121,-2.2650978280580603e-05,0.00024789030430838466,9.276849596062675e-05,0.0,0.55,60
721.4961454402655,1781612386.970163,2.303807258605957,-0.0006270694429986179,9.820064544677734,-1.8137518054572865e-05,0.00011916815128643066,9.801855048863217e-05,0.0,0.56,60
721.506145440042,1781612386.9806597,2.321934461593628,0.0017368727130815387,9.820024490356445,-1.1821880434581544e-05,-4.108431767235743e-06,0.00010330771328881383,0.0,0.5700000000000001,60
721.5161454398185,1781612386.991167,2.3082597255706787,-0.0019648356828838587,9.819205284118652,-5.260312263999367e-06,-0.00011081618868047372,0.00010858356108656153,0.0,0.58,60
721.526145439595,1781612387.0016804,2.296811103820801,0.0006335173966363072,9.817619323730469,1.224898824148113e-06,-0.00019355109543539584,0.00011384508979972452,0.0,0.59,60
721.5361454393715,1781612387.012807,2.3122689723968506,-0.00012709436123259366,9.815728187561035,6.832141480117571e-06,-0.0002472640189807862,0.00011914162314496934,0.0,0.6,60
721.546145439148,1781612387.0229876,2.3055009841918945,-0.0008166001061908901,9.813604354858398,1.1005396117980126e-05,-0.00027080904692411423,0.00012443361629266292,0.0,0.61,60
721.5561454389244,1781612387.032497,2.304602861404419,6.803276482969522e-05,9.811633110046387,1.4116504644334782e-05,-0.0002656354336068034,0.00012972023978363723,0.0,0.62,60
721.5661454387009,1781612387.0430028,2.3038992881774902,-0.0010979461949318647,9.809996604919434,1.491379771323409e-05,-0.00023586313182022423,0.00013498679618351161,0.0,0.63,60
721.5761454384774,1781612387.0535028,2.302823305130005,-3.481355088297278e-05,9.808688163757324,1.4040283531358e-05,-0.000187275669304654,0.00014025747077539563,0.0,0.64,60
721.5861454382539,1781612387.063617,2.308492422103882,0.0005488521419465542,9.80786418914795,1.219612022396177e-05,-0.00012697894999291748,0.00014554445806425065,0.0,0.65,60
721.5961454380304,1781612387.0737088,2.2886996269226074,-0.00217060255818069,9.807454109191895,9.468707503401674e-06,-6.24832246103324e-05,0.00015084593906067312,0.0,0.66,60
721.6061454378068,1781612387.083216,2.307547092437744,0.0008104123990051448,9.807583808898926,5.4249535423878115e-06,-2.1210583156516805e-07,0.0001561358367325738,0.0,0.67,60
721.6161454375833,1781612387.093724,2.3009378910064697,-0.0006167142419144511,9.808009147644043,1.7542663499625633e-06,5.398375287768431e-05,0.00016146423877216876,0.0,0.68,60
721.6261454373598,1781612387.1038234,2.2962706089019775,-0.0010127425193786621,9.808820724487305,-1.9684305243572453e-06,9.628551924834028e-05,0.00016676660743542016,0.0,0.6900000000000001,60
721.6361454371363,1781612387.1142259,2.309953212738037,0.00030853523639962077,9.809829711914062,-5.239862730377354e-06,0.0001242473954334855,0.00017200321599375457,0.0,0.7000000000000001,60
721.6461454369128,1781612387.1247413,2.2959821224212646,-0.001210005022585392,9.810827255249023,-7.105576514732093e-06,0.0001368167722830549,0.00017726290388964117,0.0,0.71,60
721.6561454366893,1781612387.1349056,2.3004581928253174,6.298010248428909e-06,9.811781883239746,-8.101873390842229e-06,0.00013485172530636191,0.0001825057261157781,0.0,0.72,60
721.6661454364657,1781612387.1454113,2.300328016281128,1.8105871276929975e-05,9.812589645385742,-8.175630682671908e-06,0.00012026577314827591,0.00018776879005599767,0.0,0.73,60
721.6761454362422,1781612387.1555784,2.299983263015747,-0.0008864623378030956,9.813264846801758,-7.43713098927401e-06,9.603427315596491e-05,0.00019305160094518214,0.0,0.74,60
721.6861454360187,1781612387.165689,2.296449899673462,0.010169649496674538,9.813729286193848,2.6101366529474035e-05,6.60499936202541e-05,0.00017082886188291013,0.0,0.75,60
721.6961454357952,1781612387.1760166,2.3067092895507812,-0.004061625339090824,9.813882827758789,1.980650267796591e-05,3.369952173670754e-05,0.00017612376541364938,0.0,0.76,60
721.7061454355717,1781612387.1875224,2.294829845428467,0.0015101993922144175,9.81379508972168,1.2388284631015267e-05,1.92087100003846e-06,0.00018134823767468333,0.0,0.77,60
721.7161454353482,1781612387.1986287,2.2999930381774902,0.010039068758487701,9.813558578491211,3.5880522773368284e-05,-2.5515024390188046e-05,0.0001598675735294819,0.0,0.78,60
721.7261454351246,1781612387.2096899,2.295598030090332,-0.005051067564636469,9.81326961517334,2.111268440785352e-05,-4.687609543907456e-05,0.00016517007315997034,0.0,0.79,60
721.7361454349011,1781612387.2191963,2.3011302947998047,0.001978461164981127,9.812689781188965,6.152538844617084e-06,-6.116416625445709e-05,0.00017045483400579542,0.0,0.8,60
721.7461454346776,1781612387.2297041,2.2910499572753906,0.006310553755611181,9.812209129333496,2.3223365133162588e-05,-6.770026084268466e-05,0.00014940115215722471,0.0,0.81,60
721.7561454344541,1781612387.2409585,2.3020105361938477,0.0003178573097102344,9.811806678771973,4.680349775298964e-06,-6.68725770083256e-05,0.000154651133925654,0.0,0.8200000000000001,60
721.7661454342306,1781612387.2514665,2.2888123989105225,-0.000830173259600997,9.811352729797363,-1.1118598195025697e-05,-5.985693496768363e-05,0.00015989782696124166,0.0,0.8300000000000001,60
721.776145434007,1781612387.2615983,2.3008711338043213,0.00762016698718071,9.810959815979004,6.7327741817280184e-06,-4.801667819265276e-05,0.0001391717669321224,0.0,0.84,60
721.7861454337835,1781612387.2717783,2.289245843887329,-0.0008524402510374784,9.810730934143066,-9.270068403566256e-06,-3.30261500494089e-05,0.00014445076521951705,0.0,0.85,60
721.79614543356,1781612387.2818594,2.2974488735198975,-0.00214434415102005,9.810592651367188,-2.2249283574637957e-05,-1.6815511116874404e-05,0.0001497665944043547,0.0,0.86,60
721.8061454333365,1781612387.2933686,2.2921738624572754,0.01016925647854805,9.810680389404297,-6.560904921570909e-07,-1.0568987818260211e-06,0.00012961166794411838,0.0,0.87,60
721.816145433113,1781612387.3038895,2.2929913997650146,-0.0017806205432862043,9.810794830322266,-1.1952582099183928e-05,1.2823140423279256e-05,0.0001349231752101332,0.0,0.88,60
721.8261454328895,1781612387.3139684,2.29427170753479,-4.366329449112527e-05,9.811038970947266,-2.025168578256853e-05,2.3742690245853737e-05,0.00014022114919498563,0.0,0.89,60
721.836145432666,1781612387.324484,2.290184736251831,-0.002014715224504471,9.81123161315918,-2.5819894290179946e-05,3.113746424787678e-05,0.0001455297169741243,0.0,0.9,60
721.8461454324424,1781612387.3355844,2.2949233055114746,0.01009277068078518,9.811417579650879,3.3749524845916312e-06,3.449226642260328e-05,0.0001246608153451234,0.0,0.91,60
721.8561454322189,1781612387.3457725,2.288412094116211,-0.001548099098727107,9.811741828918457,-2.8914209906361066e-06,3.453210956649855e-05,0.00012993918790016323,0.0,0.92,60
721.8661454319954,1781612387.3558118,2.295095920562744,-0.000961407320573926,9.811941146850586,-7.915436071925797e-06,3.105465657426976e-05,0.00013521641085390002,0.0,0.93,60
721.8761454317719,1781612387.365997,2.287947177886963,-0.00075578223913908,9.812119483947754,-1.1187520613020752e-05,2.511178536224179e-05,0.0001404653739882633,0.0,0.9400000000000001,60
721.8861454315484,1781612387.3765032,2.2929599285125732,0.009601718746125698,9.812203407287598,1.779907506715972e-05,1.7643405954004265e-05,0.00011943584104301408,0.0,0.9500000000000001,60
721.8961454313248,1781612387.3866363,2.2882280349731445,-0.0011632058303803205,9.812283515930176,9.633270565245766e-06,9.748750017024577e-06,0.00012469197099562734,0.0,0.96,60
721.9061454311013,1781612387.396134,2.2910444736480713,-0.001333491993136704,9.812294006347656,1.9762571810133522e-06,1.9314286419103155e-06,0.0001299844734603539,0.0,0.97,60
721.9161454308778,1781612387.4076943,2.2883965969085693,0.00026706248172558844,9.812134742736816,-4.889860520052025e-06,-4.915696536045289e-06,0.00013530021533370018,0.0,0.98,60
721.9261454306543,1781612387.417753,2.288107395172119,0.007765971589833498,9.812207221984863,2.0737512386403978e-05,-9.904165381158236e-06,0.00011426590208429843,0.0,0.99,60
721.9361454304308,1781612387.426969,2.288740873336792,-2.3224441974889487e-05,9.812026977539062,9.84183407126693e-06,-1.3225458133092616e-05,0.00011955064837820828,0.0,1.0,60
721.9461454302073,1781612387.4384744,2.2856924533843994,-0.0021261991932988167,9.81187629699707,-9.872084092421574e-07,-1.4471367649093736e-05,0.00012483325554057956,0.0,1.01,60
721.9561454299837,1781612387.448574,2.288482904434204,0.008101907558739185,9.811697006225586,1.888394217530731e-05,-1.3951357686892152e-05,0.00010523970559006557,0.0,1.02,60
721.9661454297602,1781612387.4586878,2.284147024154663,-0.002017454244196415,9.811623573303223,4.918023478239775e-06,-1.1884267223649658e-05,0.00011051903129555285,0.0,1.03,60
721.9761454295367,1781612387.468801,2.2860429286956787,0.0005564767052419484,9.81151294708252,-7.1764243330108e-06,-8.628703653812408e-06,0.00011579729471122846,0.0,1.04,60
721.9861454293132,1781612387.478565,2.2845423221588135,-0.0007705588941462338,9.811457633972168,-1.7158619812107645e-05,-4.7827525122556835e-06,0.00012106174108339474,0.0,1.05,60
721.9961454290897,1781612387.4900727,2.284172296524048,0.008290265686810017,9.81135368347168,5.729838903789641e-06,-7.762826612633944e-07,0.00010097706399392337,0.0,1.06,60
722.0061454288661,1781612387.5009108,2.283834934234619,-0.0018981262110173702,9.811436653137207,-4.377512595965527e-06,2.987720790770254e-06,0.0001062388182617724,0.0,1.07,60
722.0161454286426,1781612387.5114176,2.2826988697052,-0.0005294917500577867,9.811488151550293,-1.2841984244005289e-05,6.510447747132275e-06,0.00011155117681482807,0.0,1.08,60
722.0261454284191,1781612387.5215232,2.28309965133667,0.0011597158154472709,9.811650276184082,-1.852985587902367e-05,9.557941666571423e-06,0.0001168113449239172,0.0,1.09,60
722.0361454281956,1781612387.532039,2.28119158744812,0.0068718683905899525,9.811636924743652,8.157468982972205e-06,1.1283810636086855e-05,9.675456385593861e-05,0.0,1.1,60
722.0461454279721,1781612387.5425398,2.282531499862671,-0.0010058634215965867,9.811647415161133,4.729299689643085e-07,1.2093743862351403e-05,0.00010206393199041486,0.0,1.11,60
722.0561454277486,1781612387.5529087,2.279226064682007,0.00018565283971838653,9.811687469482422,-6.092926469136728e-06,1.1744587027351372e-05,0.00010732172813732177,0.0,1.12,60
722.066145427525,1781612387.5634172,2.2816641330718994,-0.0005923624848946929,9.811803817749023,-1.1355948117852677e-05,1.0900263077928685e-05,0.0001126554561778903,0.0,1.1300000000000001,60
722.0761454273015,1781612387.5735168,2.2788195610046387,0.007429895922541618,9.811816215515137,1.4243954865378328e-05,9.110095561482012e-06,9.299627708969638e-05,0.0,1.1400000000000001,60
722.086145427078,1781612387.5836818,2.279632329940796,-0.0014519733376801014,9.811798095703125,5.540509391721571e-06,6.9516086114163045e-06,9.823781147133559e-05,0.0,1.1500000000000001,60
722.0961454268545,1781612387.5947354,2.2784481048583984,-0.0008590519428253174,9.811856269836426,-2.0541615413094405e-06,4.772803094965639e-06,0.00010347948409616947,0.0,1.16,60
722.106145426631,1781612387.6049452,2.27776837348938,0.0013569464208558202,9.811920166015625,-8.365826033696067e-06,2.789739482977893e-06,0.00010869405377889052,0.0,1.17,60
722.1161454264075,1781612387.6154509,2.277235269546509,0.007610581815242767,9.811917304992676,1.5822266504983418e-05,1.2001033837805153e-06,8.911385521059856e-05,0.0,1.18,60
722.1261454261839,1781612387.6265688,2.277148962020874,-0.0029310989193618298,9.811785697937012,6.104396561568137e-06,-1.2151163275575527e-07,9.441668225917965e-05,0.0,1.19,60
722.1361454259604,1781612387.6367998,2.276153326034546,0.0004713943344540894,9.811777114868164,-2.8725751235469943e-06,-9.567255574438605e-07,9.966831566998735e-05,0.0,1.2,60
722.1461454257369,1781612387.6469605,2.275115966796875,0.00032727071084082127,9.811694145202637,-1.036290359479608e-05,-1.365471803183027e-06,0.0001048936101142317,0.0,1.21,60
722.1561454255134,1781612387.6574664,2.2752768993377686,0.007316567935049534,9.811721801757812,1.2878525922133122e-05,-1.1553021295185317e-06,8.561779395677149e-05,0.0,1.22,60
722.1661454252899,1781612387.6675818,2.274552822113037,-0.0026200704742223024,9.811689376831055,2.971662524942076e-06,-7.995861892595713e-07,9.091951505979523e-05,0.0,1.23,60
722.1761454250664,1781612387.677612,2.2738659381866455,0.00014919157547410578,9.811655044555664,-5.82502343604574e-06,-1.9338708412419692e-08,9.613157453713939e-05,0.0,1.24,60
722.1861454248428,1781612387.6877193,2.2728540897369385,0.0005977415130473673,9.811714172363281,-1.2990190043637995e-05,1.0478438525751699e-06,0.00010135636694030836,0.0,1.25,60
722.1961454246193,1781612387.6977901,2.2730553150177,0.006923186592757702,9.811654090881348,1.083051938621793e-05,1.9167864593327977e-06,8.221897587645799e-05,0.0,1.26,60
722.2061454243958,1781612387.7097206,2.2716219425201416,-0.0004403223283588886,9.811636924743652,1.971402070921613e-06,3.0642072488262784e-06,8.741810597712174e-05,0.0,1.27,60
722.2161454241723,1781612387.7197602,2.272162914276123,-0.002014205092564225,9.811681747436523,-6.107432909630006e-06,3.926622866856633e-06,9.266965207643807e-05,0.0,1.28,60
722.2261454239488,1781612387.7302732,2.269958734512329,0.00011131567589472979,9.811640739440918,-1.1978809197898954e-05,4.532598268269794e-06,9.790805052034557e-05,0.0,1.29,60
722.2361454237252,1781612387.7407732,2.271289587020874,0.007776815444231033,9.811665534973145,1.20871245599119e-05,5.019173386244802e-06,7.907257531769574e-05,0.0,1.3,60
722.2461454235017,1781612387.75087,2.2688467502593994,-0.0004282119043637067,9.811738967895508,3.6138840187049937e-06,5.445996521302732e-06,8.43118759803474e-05,0.0,1.31,60
722.2561454232782,1781612387.7603753,2.269087314605713,-0.0005220005405135453,9.8117036819458,-4.1359016904607415e-06,5.587525720329722e-06,8.956497185863554e-05,0.0,1.32,60
722.2661454230547,1781612387.770888,2.2696406841278076,-0.0009879731805995107,9.811734199523926,-1.0409033166070003e-05,5.26624899066519e-06,9.483172470936552e-05,0.0,1.33,60
722.2761454228312,1781612387.781011,2.2666687965393066,0.008577493950724602,9.811755180358887,1.2939882253704127e-05,5.1478932618920226e-06,7.634388020960614e-05,0.0,1.34,60
722.2861454226077,1781612387.7915204,2.268084764480591,-0.0019869983661919832,9.811744689941406,3.880856638716068e-06,4.744939360534772e-06,8.158608397934586e-05,0.0,1.35,60
722.2961454223841,1781612387.801572,2.2671217918395996,-0.0010265802266076207,9.811732292175293,-4.53976281278301e-06,4.104376785107888e-06,8.685594366397709e-05,0.0,1.36,60
722.3061454221606,1781612387.8126173,2.265578508377075,0.00015597307356074452,9.811765670776367,-1.0870508958760183e-05,3.407142003197805e-06,9.208850678987801e-05,0.0,1.37,60
722.3161454219371,1781612387.8227048,2.2661783695220947,-6.819433474447578e-05,9.811768531799316,-1.4905179341440089e-05,2.728316985667334e-06,9.734724153531715e-05,0.0,1.3800000000000001,60
722.3261454217136,1781612387.8327925,2.2646360397338867,0.008062218315899372,9.8117036819458,1.1502938832563814e-05,2.0908471469738288e-06,7.800523599144071e-05,0.0,1.3900000000000001,60
722.3361454214901,1781612387.8430405,2.2642765045166016,-0.001380473142489791,9.81174373626709,4.779138635058189e-06,1.7100612694775918e-06,8.322665962623432e-05,0.0,1.4000000000000001,60
722.3461454212666,1781612387.8535492,2.2640750408172607,-0.001182315405458212,9.811698913574219,-1.814221377571812e-06,1.5490754776692484e-06,8.844938565744087e-05,0.0,1.41,60
722.356145421043,1781612387.8638237,2.2632200717926025,-0.0007636634982191026,9.811769485473633,-7.26512553228531e-06,1.7232637219422031e-06,9.368581231683493e-05,0.0,1.42,60
722.3661454208195,1781612387.874188,2.262589693069458,0.009047625586390495,9.811752319335938,1.65122291946318e-05,1.887106350295653e-06,7.495030149584636e-05,0.0,1.43,60
722.376145420596,1781612387.883694,2.2621421813964844,-0.0023944475688040257,9.811723709106445,7.240278137032874e-06,2.1091300368425436e-06,8.021473331609741e-05,0.0,1.44,60
722.3861454203725,1781612387.8948283,2.261167287826538,0.00017942905833479017,9.811622619628906,-1.5307870171454852e-06,2.3958020847203443e-06,8.54170648381114e-05,0.0,1.45,60
722.396145420149,1781612387.9049776,2.2609076499938965,-0.0005440244567580521,9.811639785766602,-8.845138836477417e-06,2.683645334400353e-06,9.069717634702101e-05,0.0,1.46,60
722.4061454199255,1781612387.914485,2.2607998847961426,0.007598286960273981,9.8117036819458,1.3186305295675993e-05,3.049174438274349e-06,7.238094985950738e-05,0.0,1.47,60
722.4161454197019,1781612387.9246044,2.259498357772827,-0.0016351245576515794,9.811718940734863,3.60063677362632e-06,3.3008841455739457e-06,7.762664608890191e-05,0.0,1.48,60
722.4261454194784,1781612387.9346673,2.258720636367798,-0.0004748361825477332,9.811723709106445,-5.098577730677789e-06,3.746268930626684e-06,8.291299309348688e-05,0.0,1.49,60
722.4361454192549,1781612387.9456866,2.259028911590576,0.00017091180779971182,9.811654090881348,-1.2352391422609799e-05,4.062666903337231e-06,8.817610796540976e-05,0.0,1.5,60
722.4461454190314,1781612387.9557762,2.2574775218963623,0.007017325609922409,9.81174087524414,1.0460211342433468e-05,4.183487817499554e-06,7.013719732640311e-05,0.0,1.51,60
722.4561454188079,1781612387.9659264,2.2557969093322754,-0.0006524142809212208,9.811800003051758,1.493987042522349e-06,7.005785846558865e-06,7.540234946645796e-05,0.0,1.52,60
722.4661454185843,1781612387.9764485,2.25471568107605,-0.001741134445182979,9.811944961547852,-6.346241661958629e-06,1.1573130905162543e-05,8.061745029408485e-05,0.0,1.53,60
722.4761454183608,1781612387.9865131,2.2506003379821777,-0.00013884254440199584,9.811904907226562,-1.2196397619845811e-05,1.7199045032612048e-05,8.584568422520533e-05,0.0,1.54,60
722.4861454181373,1781612387.99809,2.2520761489868164,6.178751846164232e-06,9.811742782592773,-1.6008643797249533e-05,2.27744021685794e-05,9.10991511773318e-05,0.0,1.55,60
722.4961454179138,1781612388.0076714,2.245879888534546,0.007885051891207695,9.811593055725098,1.0555373592069373e-05,2.783761010505259e-05,7.212461059680209e-05,0.0,1.56,60
722.5061454176903,1781612388.0185764,2.246019124984741,-0.0004631703195627779,9.81149959564209,3.7705556223954773e-06,3.211738294339739e-05,7.740267756162211e-05,0.0,1.57,60
722.5161454174668,1781612388.0285792,2.248793363571167,-0.001933328341692686,9.811394691467285,-2.389606606811867e-06,3.529958848957904e-05,8.261825132649392e-05,0.0,1.58,60
722.5261454172432,1781612388.0392902,2.237588882446289,0.00021995649149175733,9.811446189880371,-7.675008419028018e-06,3.7335808883653954e-05,8.78851642482914e-05,0.0,1.59,60
722.5361454170197,1781612388.049797,2.240731716156006,0.007842972874641418,9.811422348022461,1.5938387150526978e-05,3.780080078286119e-05,6.966054206714034e-05,0.0,1.6,60
722.5461454167962,1781612388.0593007,2.244407892227173,-0.0014105462469160557,9.811575889587402,7.457186711690156e-06,3.7423531466629356e-05,7.494186138501391e-05,0.0,1.61,60
722.5561454165727,1781612388.0698223,2.231093645095825,-0.0007066317484714091,9.811694145202637,-4.94856976729352e-07,3.627450132626109e-05,8.008532313397154e-05,0.0,1.62,60
722.5661454163492,1781612388.0803149,2.235025644302368,-0.0004597141523845494,9.811750411987305,-7.309393822652055e-06,3.458390347077511e-05,8.530645573046058e-05,0.0,1.6300000000000001,60
722.5761454161257,1781612388.0908456,2.2384531497955322,0.007250178139656782,9.811824798583984,1.4191635273164138e-05,3.235625626984984e-05,6.746285362169147e-05,0.0,1.6400000000000001,60
722.5861454159021,1781612388.1008937,2.2260961532592773,-0.00038315332494676113,9.81187915802002,4.54977089248132e-06,3.0233357392717153e-05,7.262462168000638e-05,0.0,1.6500000000000001,60
722.5961454156786,1781612388.110995,2.22959303855896,-0.0017181531293317676,9.811871528625488,-4.219399670546409e-06,2.8117070542066358e-05,7.786606875015423e-05,0.0,1.6600000000000001,60
722.6061454154551,1781612388.1215045,2.2312448024749756,0.00021934126561973244,9.811838150024414,-1.1726476259354968e-05,2.5872530386550352e-05,8.310960402013734e-05,0.0,1.67,60
722.6161454152316,1781612388.131594,2.2211625576019287,0.008050749078392982,9.81184196472168,9.986444638343528e-06,2.428276820864994e-05,6.547608063556254e-05,0.0,1.68,60
722.6261454150081,1781612388.1418142,2.2237958908081055,-0.001727709430269897,9.811878204345703,1.274982651011669e-06,2.3385822714772075e-05,7.067662227200344e-05,0.0,1.69,60
722.6361454147846,1781612388.1519878,2.2251243591308594,-0.000805266376119107,9.81181812286377,-6.352646323648514e-06,2.285625487274956e-05,7.586918218294159e-05,0.0,1.7,60
722.646145414561,1781612388.1624951,2.2159509658813477,-0.0011417466448619962,9.81177806854248,-1.2537218935904093e-05,2.3174266971182078e-05,8.104118023766205e-05,0.0,1.71,60
722.6561454143375,1781612388.1725953,2.2177584171295166,0.007477021776139736,9.8115873336792,9.622361176298e-06,2.344342283322476e-05,6.378825491992757e-05,0.0,1.72,60
722.666145414114,1781612388.1836586,2.219287872314453,-0.0005514067597687244,9.811573028564453,1.4563504464604193e-06,2.4077702619251795e-05,6.894429679960012e-05,0.0,1.73,60
722.6761454138905,1781612388.194074,2.210214853286743,-0.0006223533418960869,9.811586380004883,-6.388784640876111e-06,2.516529093554709e-05,7.418236782541499e-05,0.0,1.74,60
722.686145413667,1781612388.204582,2.211729049682617,-0.0012451729271560907,9.811579704284668,-1.173773216578411e-05,2.6112040359294042e-05,7.940160139696673e-05,0.0,1.75,60
722.6961454134434,1781612388.2157915,2.2138748168945312,0.001450945739634335,9.8115873336792,-1.4953388927096967e-05,2.715494883887004e-05,8.461355901090428e-05,0.0,1.76,60
722.7061454132199,1781612388.2259772,2.2042789459228516,0.0062677813693881035,9.811649322509766,1.0857490451599006e-05,2.805848271236755e-05,6.656879122601822e-05,0.0,1.77,60
722.7161454129964,1781612388.2364929,2.206217050552368,-0.0004316602135077119,9.811639785766602,4.701515535998624e-06,2.8742308131768368e-05,7.173009362304583e-05,0.0,1.78,60
722.7261454127729,1781612388.2475605,2.2085797786712646,-0.0011253963457420468,9.811667442321777,-1.2586361890498665e-06,2.9380948035395704e-05,7.686135359108448e-05,0.0,1.79,60
722.7361454125494,1781612388.2586465,2.197934627532959,-0.0005526685854420066,9.811633110046387,-6.195827154442668e-06,2.9602226277347654e-05,8.206325583159924e-05,0.0,1.8,60
722.7461454123259,1781612388.2687457,2.2006661891937256,0.007608339656144381,9.811700820922852,1.662710747041274e-05,2.970182686112821e-05,6.45869440631941e-05,0.0,1.81,60
722.7561454121023,1781612388.2787316,2.203064203262329,-0.0014888499863445759,9.811720848083496,8.229142622440122e-06,2.951827809738461e-05,6.981732440181077e-05,0.0,1.82,60
722.7661454118788,1781612388.2892365,2.1923084259033203,0.0003630105347838253,9.811715126037598,-3.3244273822674586e-07,2.916326957347337e-05,7.501910295104608e-05,0.0,1.83,60
722.7761454116553,1781612388.299746,2.194718599319458,-0.0013888439862057567,9.811697959899902,-7.324312264245236e-06,2.843732181645464e-05,8.012999751372263e-05,0.0,1.84,60
722.7861454114318,1781612388.3092506,2.197105646133423,0.008172625675797462,9.811753273010254,1.3215843864600174e-05,2.7999567464576103e-05,6.298844527918845e-05,0.0,1.85,60
722.7961454112083,1781612388.3197708,2.1870808601379395,-0.001567268744111061,9.811727523803711,3.2217910757026402e-06,2.7491769287735224e-05,6.80825614836067e-05,0.0,1.86,60
722.8061454109848,1781612388.3300984,2.1891391277313232,-0.0005959950503893197,9.811687469482422,-5.33344064024277e-06,2.700313962122891e-05,7.326398917939514e-05,0.0,1.87,60
722.8161454107612,1781612388.3405945,2.1915462017059326,-0.0008301883353851736,9.811713218688965,-1.1969465049332939e-05,2.660933751030825e-05,7.844437641324475e-05,0.0,1.8800000000000001,60
722.8261454105377,1781612388.3511014,2.1808619499206543,0.007911933586001396,9.81167221069336,9.272549505112693e-06,2.653075171110686e-05,6.147952808532864e-05,0.0,1.8900000000000001,60
722.8361454103142,1781612388.3606095,2.1837124824523926,-0.001731029711663723,9.81171989440918,5.086081387162267e-07,2.641844912432134e-05,6.664750981144607e-05,0.0,1.9000000000000001,60
722.8461454100907,1781612388.370661,2.1855857372283936,-0.0006979421013966203,9.811629295349121,-7.339323929045349e-06,2.6197922124993056e-05,7.176718645496294e-05,0.0,1.9100000000000001,60
722.8561454098672,1781612388.3816948,2.175750255584717,-0.00030213475110940635,9.811647415161133,-1.2862267794844229e-05,2.6125637305085547e-05,7.688872574362904e-05,0.0,1.92,60
722.8661454096437,1781612388.3917634,2.1776578426361084,-0.0011449825251474977,9.81169319152832,-1.6221260011661798e-05,2.6310144676244818e-05,8.201175660360605e-05,0.0,1.93,60
722.8761454094201,1781612388.4017954,2.1797356605529785,0.009897125884890556,9.81165885925293,9.547836270940024e-06,2.642551226017531e-05,6.426992331398651e-05,0.0,1.94,60
722.8861454091966,1781612388.4128842,2.1703059673309326,-0.0024967656936496496,9.8117036819458,3.6162596188660245e-06,2.6768981115310453e-05,6.939766899449751e-05,0.0,1.95,60
722.8961454089731,1781612388.4230862,2.1720876693725586,-0.0004034425364807248,9.811641693115234,-1.978795808099676e-06,2.7076370315626264e-05,7.449177792295814e-05,0.0,1.96,60
722.9061454087496,1781612388.4325938,2.174509286880493,-0.001157450838945806,9.811671257019043,-6.430722351069562e-06,2.7360070816939697e-05,7.963979442138225e-05,0.0,1.97,60
722.9161454085261,1781612388.4427762,2.163745164871216,0.008562597446143627,9.811675071716309,1.6380769011448137e-05,2.74048052233411e-05,6.243493407964706e-05,0.0,1.98,60
722.9261454083025,1781612388.4532728,2.166728973388672,-0.001707902760244906,9.811677932739258,8.058495950535871e-06,2.7527961719897576e-05,6.755503272870556e-05,0.0,1.99,60
722.936145408079,1781612388.4637818,2.168743371963501,-0.0018362309783697128,9.811590194702148,-9.560267244523857e-08,2.7497149858390912e-05,7.264425221364945e-05,0.0,2.0,60
722.9461454078555,1781612388.4742894,2.158205986022949,0.0009264137479476631,9.811662673950195,-6.906753696966916e-06,2.7644158762996085e-05,7.774027471896261e-05,0.0,2.0100000000000002,60
722.956145407632,1781612388.4848015,2.1616203784942627,0.005924344528466463,9.811702728271484,1.3611706890515052e-05,2.7706195396604016e-05,6.0974645748501644e-05,0.0,2.02,60
722.9661454074085,1781612388.494989,2.162479877471924,8.252421685028821e-05,9.811595916748047,4.2881397348537575e-06,2.7391219191486016e-05,6.609830597881228e-05,0.0,2.0300000000000002,60
722.976145407185,1781612388.5060737,2.153154134750366,-0.0011841156519949436,9.811689376831055,-4.378226549306419e-06,2.7210220650886185e-05,7.118232315406203e-05,0.0,2.04,60
722.9861454069614,1781612388.5165792,2.155151128768921,-0.0004622247361112386,9.811685562133789,-1.1287175766483415e-05,2.7117906938656233e-05,7.631346670677885e-05,0.0,2.05,60
722.9961454067379,1781612388.5266528,2.1571860313415527,0.007718829903751612,9.811701774597168,9.391765161126386e-06,2.7033212973037735e-05,5.970766142127104e-05,0.0,2.06,60
723.0061454065144,1781612388.5370817,2.1476285457611084,-0.0020757915917783976,9.811710357666016,6.504863563350227e-07,2.7237905669608153e-05,6.481073069153354e-05,0.0,2.07,60
723.0161454062909,1781612388.547587,2.1495654582977295,-0.000510588230099529,9.811663627624512,-6.8341123551363125e-06,2.731382119236514e-05,6.992621638346463e-05,0.0,2.08,60
723.0261454060674,1781612388.5577056,2.1517555713653564,0.0005176032427698374,9.811580657958984,-1.3077225958113559e-05,2.693478381843306e-05,7.496810576412827e-05,0.0,2.09,60
723.0361454058439,1781612388.5677745,2.1415836811065674,0.006424894090741873,9.811644554138184,8.416719538217876e-06,2.6555204385658726e-05,5.861665340489708e-05,0.0,2.1,60
723.0461454056203,1781612388.5778441,2.1442313194274902,-0.0016688141040503979,9.811671257019043,6.398379355232464e-07,2.651823524502106e-05,6.369882612489164e-05,0.0,2.11,60
723.0561454053968,1781612388.588394,2.14605975151062,-0.0006368930917233229,9.811673164367676,-6.190883595991181e-06,2.6541707484284416e-05,6.875861436128616e-05,0.0,2.12,60
723.0661454051733,1781612388.598397,2.1362125873565674,-0.00015507344505749643,9.811670303344727,-1.0842611118278e-05,2.6608935513650067e-05,7.383469346677884e-05,0.0,2.13,60
723.0761454049498,1781612388.6099446,2.1382482051849365,-0.0011366063263267279,9.811685562133789,-1.3459229194268119e-05,2.663569466676563e-05,7.89147088653408e-05,0.0,2.14,60
723.0861454047263,1781612388.619452,2.1407968997955322,0.009186230599880219,9.811681747436523,1.1406491466914304e-05,2.671330003067851e-05,6.171903805807233e-05,0.0,2.15,60
723.0961454045027,1781612388.6297307,2.1304216384887695,-0.00193645223043859,9.811678886413574,5.5562554734933656e-06,2.6820358471013606e-05,6.67710046400316e-05,0.0,2.16,60
723.1061454042792,1781612388.6402445,2.1323232650756836,-0.00022043455101083964,9.81165885925293,-3.1598145255884447e-07,2.67366358457366e-05,7.178011583164334e-05,0.0,2.17,60
723.1161454040557,1781612388.650753,2.135596990585327,-0.001675248146057129,9.81162166595459,-5.51406446902547e-06,2.6856294425670058e-05,7.682087743887678e-05,0.0,2.18,60
723.1261454038322,1781612388.6608589,2.124540090560913,0.008628676645457745,9.81163501739502,1.61822736117756e-05,2.672779191925656e-05,5.999790664645843e-05,0.0,2.19,60
723.1361454036087,1781612388.6713662,2.127431631088257,-0.001725457375869155,9.811644554138184,7.727560841885861e-06,2.6665946279536e-05,6.504264456452802e-05,0.0,2.2,60
723.1461454033852,1781612388.6808841,2.129366159439087,-0.0017798125045374036,9.811646461486816,-3.679762698993727e-07,2.665385363798123e-05,7.007261592661962e-05,0.0,2.21,60
723.1561454031616,1781612388.6913927,2.11948561668396,0.00069552002241835,9.81161880493164,-7.3003593570319936e-06,2.653629235283006e-05,7.51009865780361e-05,0.0,2.22,60
723.1661454029381,1781612388.701946,2.121323347091675,0.007342053111642599,9.811627388000488,1.2804104699171148e-05,2.6489540687180124e-05,5.848765067639761e-05,0.0,2.23,60
723.1761454027146,1781612388.7124557,2.1240217685699463,-0.0022691257763653994,9.811690330505371,3.269874468969647e-06,2.655974094523117e-05,6.356437370413914e-05,0.0,2.24,60
723.1861454024911,1781612388.7225494,2.1139163970947266,-0.00013744157331530005,9.811660766601562,-4.893542609352153e-06,2.6708177756518126e-05,6.864248280180618e-05,0.0,2.25,60
723.1961454022676,1781612388.7330167,2.1160147190093994,-0.00041708885692059994,9.811654090881348,-1.1367654224159196e-05,2.6848994821193628e-05,7.368595834122971e-05,0.0,2.2600000000000002,60
723.2061454020441,1781612388.7435248,2.117987632751465,0.007661990821361542,9.811637878417969,8.948298273026012e-06,2.6782437998917885e-05,5.721900379285216e-05,0.0,2.27,60
723.2161454018205,1781612388.754031,2.1089768409729004,-0.0022497554309666157,9.811644554138184,4.5474840248971304e-07,2.6748888558358885e-05,6.228168786037713e-05,0.0,2.2800000000000002,60
723.226145401597,1781612388.764538,2.1099228858947754,0.0007655479712411761,9.811609268188477,-6.8211033976695035e-06,2.6596251700539142e-05,6.72768073854968e-05,0.0,2.29,60
723.2361454013735,1781612388.7746816,2.1129207611083984,-0.0005508986068889499,9.811694145202637,-1.2367517228994984e-05,2.648274676175788e-05,7.224181899800897e-05,0.0,2.3000000000000003,60
723.24614540115,1781612388.7841263,2.1025214195251465,0.006421705242246389,9.811660766601562,9.267226232623216e-06,2.6470397642697208e-05,5.606275226455182e-05,0.0,2.31,60
723.2561454009265,1781612388.7946255,2.1053686141967773,-0.000686414772644639,9.811657905578613,2.2347555841406574e-06,2.6468498617759906e-05,6.107884109951556e-05,0.0,2.32,60
723.266145400703,1781612388.80522,2.1069226264953613,-0.0017430720617994666,9.811624526977539,-4.813992291019531e-06,2.632535142765846e-05,6.608039257116616e-05,0.0,2.33,60
723.2761454004794,1781612388.8157399,2.0969772338867188,0.00015309618902392685,9.811575889587402,-9.997653251048177e-06,2.6148434699280187e-05,7.110422302503139e-05,0.0,2.34,60
723.2861454002559,1781612388.824873,2.0999979972839355,0.006870436016470194,9.811593055725098,1.0737167940533254e-05,2.603694701974746e-05,5.518364196177572e-05,0.0,2.35,60
723.2961454000324,1781612388.8353825,2.101100206375122,-0.0005486314184963703,9.811646461486816,3.121877853118349e-06,2.610991032270249e-05,6.0169575590407476e-05,0.0,2.36,60
723.3061453998089,1781612388.845515,2.092073917388916,-0.0014421736123040318,9.811677932739258,-4.0853028622223064e-06,2.631600364111364e-05,6.514509004773572e-05,0.0,2.37,60
723.3161453995854,1781612388.8556366,2.0939688682556152,-0.00043232436291873455,9.811665534973145,-9.741298526932951e-06,2.6473509933566675e-05,7.013473805272952e-05,0.0,2.38,60
723.3261453993618,1781612388.865702,2.096204996109009,0.007140568923205137,9.811664581298828,1.0907318937825039e-05,2.6308614906156436e-05,5.4373773309635e-05,0.0,2.39,60
723.3361453991383,1781612388.875078,2.085890293121338,-0.0004926347173750401,9.811622619628906,3.2356870178773534e-06,2.6308051019441336e-05,5.9370115195633844e-05,0.0,2.4,60
723.3461453989148,1781612388.8855977,2.088690757751465,-0.0015825051814317703,9.81164264678955,-3.676251026263344e-06,2.623086402309127e-05,6.433628732338548e-05,0.0,2.41,60
723.3561453986913,1781612388.8958573,2.090592384338379,8.381038787774742e-05,9.811624526977539,-9.252914423996117e-06,2.6224352041026577e-05,6.930850213393569e-05,0.0,2.42,60
723.3661453984678,1781612388.9053774,2.0809717178344727,0.006468340288847685,9.81165885925293,1.0919120541075245e-05,2.6361600248492323e-05,5.3793082770425826e-05,0.0,2.43,60
723.3761453982443,1781612388.9148839,2.082507610321045,-0.00036030440242029727,9.811565399169922,2.8697565994662e-06,2.6249384973198175e-05,5.8817466197069734e-05,0.0,2.44,60
723.3861453980207,1781612388.9263904,2.0811073780059814,-0.0005354597815312445,9.811623573303223,-4.535113475867547e-06,2.6004825485870242e-05,6.376707460731268e-05,0.0,2.45,60
723.3961453977972,1781612388.9358966,2.0847840309143066,-0.00147970300167799,9.811602592468262,-9.673253771325108e-06,2.6147159587708302e-05,6.877694249851629e-05,0.0,2.46,60
723.4061453975737,1781612388.9464011,2.0721940994262695,-0.00027318880893290043,9.811667442321777,-1.3396777831076179e-05,2.6028761567431502e-05,7.379763701464981e-05,0.0,2.47,60
723.4161453973502,1781612388.9566112,2.0757970809936523,0.007295660674571991,9.81161880493164,9.758177839103155e-06,2.6051216991618276e-05,5.7371547882212326e-05,0.0,2.48,60
723.4261453971267,1781612388.9659233,2.0773565769195557,-0.00026933744084089994,9.811677932739258,3.551760528353043e-06,2.6120660550077446e-05,6.239371577976272e-05,0.0,2.49,60
723.4361453969032,1781612388.9764404,2.0683374404907227,-0.0014851843006908894,9.811631202697754,-1.764842295415292e-06,2.599098843347747e-05,6.740755634382367e-05,0.0,2.5,60
723.4461453966796,1781612388.9875095,2.07020902633667,-0.00034731882624328136,9.8116455078125,-6.489461611636216e-06,2.606853195175063e-05,7.229211769299582e-05,0.0,2.5100000000000002,60
723.4561453964561,1781612388.9986272,2.071981191635132,0.006976637989282608,9.81165885925293,1.4568723599950317e-05,2.6035442715510726e-05,5.633872569887899e-05,0.0,2.52,60
723.4661453962326,1781612389.008708,2.0632708072662354,-0.0015184280928224325,9.811567306518555,6.78058586345287e-06,2.5747727704583667e-05,6.137853051768616e-05,0.0,2.5300000000000002,60
723.4761453960091,1781612389.018713,2.06412672996521,0.0007582156104035676,9.811577796936035,-5.710281243409554e-07,2.578240128059406e-05,6.62697566440329e-05,0.0,2.54,60
723.4861453957856,1781612389.0296676,2.067002058029175,-0.0015171756967902184,9.811624526977539,-7.2103161983250175e-06,2.593137469375506e-05,7.119398651411757e-05,0.0,2.5500000000000003,60
723.496145395562,1781612389.0408857,2.0569956302642822,0.0070787942968308926,9.811588287353516,1.2373929166642483e-05,2.588377356005367e-05,5.5284159316215664e-05,0.0,2.56,60
723.5061453953385,1781612389.0503933,2.0596532821655273,-0.0008608037023805082,9.811665534973145,3.332547066747793e-06,2.6099900424014777e-05,6.016920451656915e-05,0.0,2.57,60
723.516145395115,1781612389.0606549,2.0570573806762695,-0.00035924793337471783,9.811599731445312,-4.579295364237623e-06,2.615334051370155e-05,6.509134254883975e-05,0.0,2.58,60
723.5261453948915,1781612389.0707564,2.061138868331909,-0.0015809102915227413,9.811635971069336,-1.1008827641489916e-05,2.629850678204093e-05,7.00035598129034e-05,0.0,2.59,60
723.536145394668,1781612389.0807962,2.0488312244415283,0.0068999906070530415,9.81164836883545,8.87577607500134e-06,2.6296042051399127e-05,5.4275282309390604e-05,0.0,2.6,60
723.5461453944445,1781612389.0919127,2.0516746044158936,-0.0003826020983979106,9.81160831451416,8.213908699872263e-07,2.6088997401529923e-05,5.918326860410161e-05,0.0,2.61,60
723.556145394221,1781612389.1015086,2.0544235706329346,-0.0017930559115484357,9.811630249023438,-6.075084002077347e-06,2.57800620602211e-05,6.408536137314513e-05,0.0,2.62,60
723.5661453939974,1781612389.1116376,2.044567108154297,-0.0002429591113468632,9.811570167541504,-1.1638695468718652e-05,2.5679719328763895e-05,6.898212450323626e-05,0.0,2.63,60
723.5761453937739,1781612389.1218312,2.046328067779541,0.007187253329902887,9.811594009399414,9.409655831404962e-06,2.5780193027458154e-05,5.329840860213153e-05,0.0,2.64,60
723.5861453935504,1781612389.1323023,2.049104690551758,-0.0007241990533657372,9.811622619628906,1.7641193608142203e-06,2.5736469979165122e-05,5.8200945204589516e-05,0.0,2.65,60
723.5961453933269,1781612389.141813,2.0388083457946777,-0.00026215630350634456,9.811617851257324,-4.609972620528424e-06,2.5630311938584782e-05,6.307922740234062e-05,0.0,2.66,60
723.6061453931034,1781612389.152143,2.0415539741516113,-0.0014537489041686058,9.811564445495605,-9.560209036862943e-06,2.5402416213182732e-05,6.794603541493416e-05,0.0,2.67,60
723.6161453928798,1781612389.1626565,2.0433709621429443,0.007090233266353607,9.811634063720703,1.1033321243303362e-05,2.523389230191242e-05,5.2505693020066246e-05,0.0,2.68,60
723.6261453926563,1781612389.172896,2.0334155559539795,-0.0004637823149096221,9.811625480651855,3.6377573451318312e-06,2.5313389414804988e-05,5.734036676585674e-05,0.0,2.69,60
723.6361453924328,1781612389.1834142,2.0360915660858154,-0.001583831268362701,9.811655044555664,-3.0405483357753837e-06,2.5449320673942566e-05,6.223977106856182e-05,0.0,2.7,60
723.6461453922093,1781612389.193609,2.037877082824707,-1.2443694686226081e-05,9.811676979064941,-8.41457222122699e-06,2.5616645871195942e-05,6.707287684548646e-05,0.0,2.71,60
723.6561453919858,1781612389.2036939,2.0286338329315186,0.0063886623829603195,9.811623573303223,1.1246251233387738e-05,2.55251579801552e-05,5.1614326366689056e-05,0.0,2.72,60
723.6661453917623,1781612389.2147944,2.0300214290618896,-0.0003491546958684921,9.811561584472656,3.4472043353162007e-06,2.5591572921257466e-05,5.645103374263272e-05,0.0,2.73,60
723.6761453915387,1781612389.225255,2.0286757946014404,-0.000481054448755458,9.811518669128418,-3.7455783967743628e-06,2.5511606509098783e-05,6.127471715444699e-05,0.0,2.74,60
723.6861453913152,1781612389.2357671,2.032240152359009,-0.001576499198563397,9.811610221862793,-9.39261826715665e-06,2.5672681658761576e-05,6.615749589400366e-05,0.0,2.75,60
723.6961453910917,1781612389.24683,2.0201470851898193,0.006812861654907465,9.811553955078125,9.68367930909153e-06,2.5664021450211294e-05,5.091030470794067e-05,0.0,2.7600000000000002,60
723.7061453908682,1781612389.2572246,2.022925853729248,-0.0003506296779960394,9.811619758605957,2.4233718249888625e-06,2.5650664611021057e-05,5.573603993980214e-05,0.0,2.77,60
723.7161453906447,1781612389.2677424,2.021958589553833,-0.000741872820071876,9.811627388000488,-4.648227786674397e-06,2.5761342840269208e-05,6.0542068240465596e-05,0.0,2.7800000000000002,60
723.7261453904212,1781612389.2778091,2.0248122215270996,-0.001181810162961483,9.811552047729492,-1.0194205060543027e-05,2.546235191402957e-05,6.53771567158401e-05,0.0,2.79,60
723.7361453901976,1781612389.2883902,2.0127029418945312,0.007774845231324434,9.811633110046387,9.57923384703463e-06,2.5426152205909602e-05,5.011642133467831e-05,0.0,2.8000000000000003,60
723.7461453899741,1781612389.2994964,2.015995502471924,-0.0014511093031615019,9.81160831451416,1.790210149010818e-06,2.536493593652267e-05,5.494187644217163e-05,0.0,2.81,60
723.7561453897506,1781612389.3097394,2.014793872833252,-0.0006926931673660874,9.811603546142578,-5.050682375440374e-06,2.5207718863384798e-05,5.976559259579517e-05,0.0,2.82,60
723.7661453895271,1781612389.3200378,2.0175414085388184,-0.0010601329850032926,9.811565399169922,-1.0052917787106708e-05,2.5118692065007053e-05,6.460023723775521e-05,0.0,2.83,60
723.7761453893036,1781612389.3305564,2.005676031112671,0.007634662091732025,9.811675071716309,9.421098184247967e-06,2.539309389248956e-05,4.957304190611467e-05,0.0,2.84,60
723.78614538908,1781612389.3410642,2.008887529373169,-0.0014418340288102627,9.811601638793945,2.1415853552753106e-06,2.542591937526595e-05,5.4386109695769846e-05,0.0,2.85,60
723.7961453888565,1781612389.3515615,2.007751941680908,-0.0006145397201180458,9.811562538146973,-4.093768438906409e-06,2.519834197300952e-05,5.914470602874644e-05,0.0,2.86,60
723.806145388633,1781612389.3616447,2.0102145671844482,-7.882973295636475e-05,9.811569213867188,-9.093317203223705e-06,2.5197652576025575e-05,6.393176590790972e-05,0.0,2.87,60
723.8161453884095,1781612389.3718736,1.999114990234375,0.00543986726552248,9.81160831451416,1.0382958862464875e-05,2.5244411517633125e-05,4.9207104893866926e-05,0.0,2.88,60
723.826145388186,1781612389.382388,2.001569986343384,-0.00028957120957784355,9.811604499816895,3.1016520551929716e-06,2.516831227694638e-05,5.3973362810211256e-05,0.0,2.89,60
723.8361453879625,1781612389.3925664,2.00065279006958,-0.0006596714956685901,9.811594009399414,-3.47113245879882e-06,2.527413198549766e-05,5.8784615248441696e-05,0.0,2.9,60
723.8461453877389,1781612389.4022071,2.003122329711914,-0.0002681345213204622,9.81160831451416,-8.9311579358764e-06,2.5462220946792513e-05,6.357156235026196e-05,0.0,2.91,60
723.8561453875154,1781612389.4117165,1.9919077157974243,-0.0013201449764892459,9.811566352844238,-1.2241389413247816e-05,2.534503255446907e-05,6.837124965386465e-05,0.0,2.92,60
723.8661453872919,1781612389.4218285,1.9951118230819702,0.007011135574430227,9.811532020568848,9.79507967713289e-06,2.5288733013439924e-05,5.28039745404385e-05,0.0,2.93,60
723.8761453870684,1781612389.4329245,1.9965863227844238,-0.00031696222140453756,9.811582565307617,3.933843345294008e-06,2.527869764890056e-05,5.759653868153691e-05,0.0,2.94,60
723.8861453868449,1781612389.4424212,1.9878872632980347,-0.0014222732279449701,9.811616897583008,-1.7707596953187021e-06,2.5288154574809596e-05,6.237081106519327e-05,0.0,2.95,60
723.8961453866214,1781612389.4529374,1.989669919013977,-0.00032229063799604774,9.81153392791748,-6.318156920315232e-06,2.515923188184388e-05,6.717469659633934e-05,0.0,2.96,60
723.9061453863978,1781612389.4634483,1.9918153285980225,0.006540087517350912,9.811568260192871,1.3697337635676377e-05,2.4870241759344935e-05,5.1696926675504074e-05,0.0,2.97,60
723.9161453861743,1781612389.4729526,1.9819576740264893,-0.00010520230716792867,9.81157112121582,5.871210760233225e-06,2.479249087627977e-05,5.648282603942789e-05,0.0,2.98,60
723.9261453859508,1781612389.4834654,1.9843605756759644,-0.0005316729657351971,9.811661720275879,-1.5130863175727427e-06,2.4807042791508138e-05,6.128077075118199e-05,0.0,2.99,60
723.9361453857273,1781612389.4937804,1.9865788221359253,-0.0013433072017505765,9.811603546142578,-7.323576937778853e-06,2.480390503478702e-05,6.605647649848834e-05,0.0,3.0,60
723.9461453855038,1781612389.5046296,1.9772520065307617,0.006633585784584284,9.811663627624512,1.2005651115032379e-05,2.494993714208249e-05,5.0688024202827364e-05,0.0,3.0100000000000002,60
723.9561453852803,1781612389.5149174,1.978696346282959,-0.0003859665594063699,9.811503410339355,3.3666626677586464e-06,2.462770316924434e-05,5.542390499613248e-05,0.0,3.02,60
723.9661453850567,1781612389.524424,1.977717638015747,-0.0007165806018747389,9.811573028564453,-4.369903763290495e-06,2.459386632835958e-05,6.016670158714987e-05,0.0,3.0300000000000002,60
723.9761453848332,1781612389.5354795,1.9803253412246704,-0.001361953909508884,9.811558723449707,-1.0313314305676613e-05,2.4493938326486386e-05,6.49061257718131e-05,0.0,3.04,60
723.9861453846097,1781612389.5458515,1.9688509702682495,0.007889032363891602,9.811610221862793,9.002132173918653e-06,2.463780765538104e-05,4.962951425113715e-05,0.0,3.0500000000000003,60
723.9961453843862,1781612389.5551941,1.9719406366348267,-0.001499517005868256,9.811598777770996,1.1135367685710662e-06,2.4895702154026367e-05,5.436625724541955e-05,0.0,3.06,60
724.0061453841627,1781612389.5657156,1.9707776308059692,-0.0006764217396266758,9.811534881591797,-5.811196388094686e-06,2.488103200448677e-05,5.908184903091751e-05,0.0,3.0700000000000003,60
724.0161453839391,1781612389.5767648,1.9731602668762207,0.00015239232743624598,9.811558723449707,-1.088716908270726e-05,2.4941495212260634e-05,6.384699372574687e-05,0.0,3.08,60
724.0261453837156,1781612389.5867977,1.9622772932052612,0.005311281885951757,9.81159496307373,8.83118718775222e-06,2.49898021138506e-05,4.8833298933459446e-05,0.0,3.09,60
724.0361453834921,1781612389.5971968,1.9651403427124023,-0.0005091603961773217,9.811552047729492,2.1367975477915024e-06,2.5013579943333752e-05,5.357505870051682e-05,0.0,3.1,60
724.0461453832686,1781612389.6077785,1.963035225868225,-0.00028374811518006027,9.811568260192871,-4.451746917766286e-06,2.509714431653265e-05,5.829011934110895e-05,0.0,3.11,60
724.0561453830451,1781612389.6169076,1.9666703939437866,-0.0002402585669187829,9.811569213867188,-9.580035111866891e-06,2.4998191292979755e-05,6.301516987150535e-05,0.0,3.12,60
724.0661453828216,1781612389.6274135,1.9552956819534302,0.0054395562037825584,9.811541557312012,1.0121877494384535e-05,2.512543142074719e-05,4.8065332521218807e-05,0.0,3.13,60
724.076145382598,1781612389.6387239,1.958214282989502,-0.0005047336453571916,9.811566352844238,3.384233878023224e-06,2.4994678824441507e-05,5.2826962928520516e-05,0.0,3.14,60
724.0861453823745,1781612389.648381,1.9560037851333618,-0.00024022698926273733,9.811601638793945,-3.0721560051460983e-06,2.485528057150077e-05,5.756918471888639e-05,0.0,3.15,60
724.096145382151,1781612389.6588855,1.9597197771072388,-0.0005289962282404304,9.811541557312012,-8.433654329564888e-06,2.4481503714923747e-05,6.228193524293602e-05,0.0,3.16,60
724.1061453819275,1781612389.6693954,1.9484130144119263,0.0056433044373989105,9.811543464660645,1.1135096428915858e-05,2.4298518837895244e-05,4.742145029013045e-05,0.0,3.17,60
724.116145381704,1781612389.678898,1.9512791633605957,-0.0005784237291663885,9.811588287353516,3.3674891710688826e-06,2.4119804947986268e-05,5.2138366299914196e-05,0.0,3.18,60
724.1261453814805,1781612389.6884053,1.9490644931793213,-0.00028576565091498196,9.81159782409668,-3.4587637856020592e-06,2.4001199562917463e-05,5.686596341547556e-05,0.0,3.19,60
724.1361453812569,1781612389.6984096,1.9526287317276,-0.0005115721141919494,9.811568260192871,-9.128638339461759e-06,2.4076180125121027e-05,6.162909994600341e-05,0.0,3.2,60
724.1461453810334,1781612389.708499,1.9417396783828735,0.006499950774013996,9.811614990234375,1.0114392352988943e-05,2.432808105368167e-05,4.682740109274164e-05,0.0,3.21,60
724.1561453808099,1781612389.719016,1.9439127445220947,-0.0003843287704512477,9.811542510986328,2.4669302547408734e-06,2.4566896172473207e-05,5.156308179721236e-05,0.0,3.22,60
724.1661453805864,1781612389.7295232,1.9423890113830566,-0.0013503599911928177,9.811596870422363,-4.258299213688588e-06,2.4654451408423483e-05,5.629438965115696e-05,0.0,3.23,60
724.1761453803629,1781612389.7396321,1.946177363395691,-0.0005383266834542155,9.811600685119629,-9.50129015109269e-06,2.4740989829297177e-05,6.096448123571463e-05,0.0,3.24,60
724.1861453801394,1781612389.7499044,1.9339574575424194,0.0066686104983091354,9.811476707458496,9.12963969312841e-06,2.4773695258772932e-05,4.6341068809852004e-05,0.0,3.25,60
724.1961453799158,1781612389.76041,1.9376524686813354,-0.0016277116956189275,9.811495780944824,1.76334845036763e-06,2.4632445274619386e-05,5.110196798341349e-05,0.0,3.2600000000000002,60
724.2061453796923,1781612389.7704663,1.935333013534546,-0.00028414602275006473,9.811491966247559,-4.543717295746319e-06,2.44062757701613e-05,5.586528641288169e-05,0.0,3.27,60
724.2161453794688,1781612389.779586,1.9388737678527832,-0.00019527679251041263,9.811579704284668,-9.778716957953293e-06,2.4322131139342673e-05,6.048208524589427e-05,0.0,3.2800000000000002,60
724.2261453792453,1781612389.7916563,1.927469253540039,0.006403389386832714,9.811553955078125,9.372748536407016e-06,2.4124241463141516e-05,4.603223715093918e-05,0.0,3.29,60
724.2361453790218,1781612389.801679,1.930793285369873,-0.0016216825461015105,9.811599731445312,2.633072654134594e-06,2.4409006073256023e-05,5.0731741794152185e-05,0.0,3.3000000000000003,60
724.2461453787982,1781612389.812785,1.9283878803253174,-0.00024688499979674816,9.81159782409668,-3.6557362363964785e-06,2.465109901095275e-05,5.546429383684881e-05,0.0,3.31,60
724.2561453785747,1781612389.823307,1.9324558973312378,-0.000550020020455122,9.811517715454102,-8.871705176716205e-06,2.4341608877875842e-05,6.0184938774909824e-05,0.0,3.3200000000000003,60
724.2661453783512,1781612389.8338153,1.9202601909637451,0.0066348775289952755,9.811556816101074,1.0031474630523007e-05,2.4326347556780092e-05,4.586554132401943e-05,0.0,3.33,60
724.2761453781277,1781612389.8433213,1.923903226852417,-0.001603268668986857,9.81157112121582,2.8198815016367007e-06,2.4319018848473206e-05,5.055675865150988e-05,0.0,3.34,60
724.2861453779042,1781612389.8538306,1.9216097593307495,-0.00029315927531570196,9.811524391174316,-3.867851319228066e-06,2.424277590762358e-05,5.52195924683474e-05,0.0,3.35,60
724.2961453776807,1781612389.864188,1.925506353378296,-0.0005305681261233985,9.811568260192871,-8.911848453863058e-06,2.4109014702844433e-05,5.989020428387448e-05,0.0,3.36,60
724.3061453774571,1781612389.8746958,1.9134646654129028,0.006611353252083063,9.811552047729492,9.717449756863061e-06,2.43671347561758e-05,4.558797081699595e-05,0.0,3.37,60
724.3161453772336,1781612389.8848839,1.9168516397476196,-0.0004833483253605664,9.811549186706543,2.693834403544315e-06,2.436659087834414e-05,5.029059684602544e-05,0.0,3.38,60
724.3261453770101,1781612389.8963974,1.914954662322998,-0.0013407407095655799,9.811528205871582,-3.6628437101171585e-06,2.4216502424678765e-05,5.4926524171605706e-05,0.0,3.39,60
724.3361453767866,1781612389.9063158,1.9187010526657104,-0.0005521822022274137,9.811562538146973,-8.933768185670488e-06,2.4303742975462228e-05,5.960071212030016e-05,0.0,3.4,60
724.3461453765631,1781612389.9168239,1.9066084623336792,0.00662222970277071,9.81152057647705,9.413282896275632e-06,2.400983066763729e-05,4.549250297714025e-05,0.0,3.41,60
724.3561453763396,1781612389.9263284,1.9102602005004883,-0.0016134344041347504,9.811573028564453,2.4094970285659656e-06,2.4195474907173775e-05,5.015700662625022e-05,0.0,3.42,60
724.366145376116,1781612389.9368343,1.9078927040100098,-0.00024891088833101094,9.811543464660645,-3.933154403057415e-06,2.4186219889088534e-05,5.476280421135016e-05,0.0,3.43,60
724.3761453758925,1781612389.9470103,1.9114741086959839,-0.00030671930289827287,9.811538696289062,-8.680743121658452e-06,2.4233806470874697e-05,5.9437512391014025e-05,0.0,3.44,60
724.386145375669,1781612389.957516,1.9006383419036865,0.006176353897899389,9.811504364013672,9.701177987153642e-06,2.3904696718091145e-05,4.5410521124722436e-05,0.0,3.45,60
724.3961453754455,1781612389.967677,1.9028323888778687,-0.0003343725111335516,9.811493873596191,2.4508963178959675e-06,2.3772279746481217e-05,5.002257603337057e-05,0.0,3.46,60
724.406145375222,1781612389.9767,1.9013391733169556,-0.0013889402616769075,9.811553955078125,-4.097281362192007e-06,2.379691431997344e-05,5.468731978908181e-05,0.0,3.47,60
724.4161453749985,1781612389.9878142,1.9050036668777466,-0.0005254805437289178,9.811527252197266,-9.191688150167465e-06,2.3935916033224203e-05,5.9337526181479916e-05,0.0,3.48,60
724.4261453747749,1781612389.998375,1.8930903673171997,0.006504736375063658,9.811546325683594,9.130441867455374e-06,2.374935502302833e-05,4.539676956483163e-05,0.0,3.49,60
724.4361453745514,1781612390.0084207,1.8964126110076904,-0.0005080247647128999,9.811556816101074,2.1103678591316566e-06,2.3858015993027948e-05,5.002323450753465e-05,0.0,3.5,60
724.4461453743279,1781612390.0190094,1.894558072090149,-0.0013246330199763179,9.811617851257324,-4.074288426636485e-06,2.3981563572306186e-05,5.461921318783425e-05,0.0,3.5100000000000002,60
724.4561453741044,1781612390.0295181,1.898249626159668,-0.0004372354014776647,9.811504364013672,-8.856416570779402e-06,2.38854372582864e-05,5.920887633692473e-05,0.0,3.52,60
724.4661453738809,1781612390.0406177,1.8864109516143799,0.00642774673178792,9.811580657958984,9.409092854184564e-06,2.385801235504914e-05,4.5350490836426616e-05,0.0,3.5300000000000002,60
724.4761453736573,1781612390.0507245,1.889990210533142,-0.001636089407838881,9.811529159545898,2.6628483738022624e-06,2.371502705500461e-05,5.0023969379253685e-05,0.0,3.54,60
724.4861453734338,1781612390.0618277,1.8876621723175049,-0.00022773408272769302,9.81147575378418,-3.457627371972194e-06,2.3564842194900848e-05,5.459471503854729e-05,0.0,3.5500000000000003,60
724.4961453732103,1781612390.071983,1.8914011716842651,-0.0005643401527777314,9.811521530151367,-8.529469596396666e-06,2.3632241209270433e-05,5.925820005359128e-05,0.0,3.56,60
724.5061453729868,1781612390.0824947,1.8796297311782837,0.006519973743706942,9.81149673461914,9.882328413368668e-06,2.3810640414012596e-05,4.534460822469555e-05,0.0,3.5700000000000003,60
724.5161453727633,1781612390.0930004,1.8829621076583862,-0.0005082585266791284,9.811431884765625,3.037995838894858e-06,2.3717091607977636e-05,4.9915041017811745e-05,0.0,3.58,60
724.5261453725398,1781612390.1030142,1.8810874223709106,-0.0013959319330751896,9.811538696289062,-3.677402219182113e-06,2.3912432880024426e-05,5.450554090202786e-05,0.0,3.59,60
724.5361453723162,1781612390.1135252,1.8847695589065552,-0.0006044932524673641,9.811495780944824,-8.916339538700413e-06,2.3953081836225465e-05,5.9060603234684095e-05,0.0,3.6,60
724.5461453720927,1781612390.124035,1.8729580640792847,0.00648517394438386,9.811555862426758,9.270245755033102e-06,2.3803482690709643e-05,4.518560308497399e-05,0.0,3.61,60
724.5561453718692,1781612390.1345413,1.8765488862991333,-0.001624034601263702,9.811545372009277,2.3144323222368257e-06,2.369019784964621e-05,4.981233723810874e-05,0.0,3.62,60
724.5661453716457,1781612390.1446946,1.8741813898086548,-0.0002607381611596793,9.811568260192871,-3.8141902223287616e-06,2.3751237677061e-05,5.43762871529907e-05,0.0,3.63,60
724.5761453714222,1781612390.1548216,1.8776886463165283,-0.0003380134585313499,9.81155014038086,-8.71881638886407e-06,2.3802411305950955e-05,5.899243478779681e-05,0.0,3.64,60
724.5861453711987,1781612390.165153,1.8669939041137695,0.006053941790014505,9.811504364013672,9.1110123321414e-06,2.371950904489495e-05,4.5092219806974754e-05,0.0,3.65,60
724.5961453709751,1781612390.175663,1.869115948677063,-0.00026876982883550227,9.811559677124023,2.4929424853326054e-06,2.373684947087895e-05,4.9717611545929685e-05,0.0,3.66,60
724.6061453707516,1781612390.1857321,1.8677815198898315,-0.0013879159232601523,9.811509132385254,-3.687762500703684e-06,2.3606720787938684e-05,5.433397745946422e-05,0.0,3.67,60
724.6161453705281,1781612390.1962347,1.8712972402572632,-0.0005085882730782032,9.811564445495605,-8.637160135549493e-06,2.357457015023101e-05,5.8932233514497057e-05,0.0,3.68,60
724.6261453703046,1781612390.2072477,1.8595426082611084,0.006444889586418867,9.81152629852295,9.442666851100512e-06,2.3626680558663793e-05,4.508158963290043e-05,0.0,3.69,60
724.6361453700811,1781612390.2177546,1.8628696203231812,-0.0004607062437571585,9.811527252197266,2.9214102141850162e-06,2.3378215701086447e-05,4.966128108208068e-05,0.0,3.7,60
724.6461453698575,1781612390.228392,1.8615423440933228,-0.0015612386632710695,9.811503410339355,-3.5193809253541986e-06,2.3247488570632413e-05,5.4241081670625135e-05,0.0,3.71,60
724.656145369634,1781612390.2394974,1.863808512687683,-0.0001370957470498979,9.81152057647705,-8.520569281245116e-06,2.3064989363774657e-05,5.879992022528313e-05,0.0,3.72,60
724.6661453694105,1781612390.250002,1.8533672094345093,0.006295092403888702,9.811532974243164,9.222047083312646e-06,2.313796903763432e-05,4.5011511247139424e-05,0.0,3.73,60
724.676145369187,1781612390.2605176,1.856454610824585,-0.0015849309274926782,9.811457633972168,2.362425675528357e-06,2.29058296099538e-05,4.956920020049438e-05,0.0,3.74,60
724.6861453689635,1781612390.270691,1.8542274236679077,-0.0002588698989711702,9.8115234375,-3.855298928101547e-06,2.279378895764239e-05,5.414695624494925e-05,0.0,3.75,60
724.69614536874,1781612390.2818117,1.8578335046768188,-0.00047140062088146806,9.811530113220215,-9.00797840586165e-06,2.3204271201393567e-05,5.872395558981225e-05,0.0,3.7600000000000002,60
724.7061453685164,1781612390.292319,1.8463598489761353,0.006450179498642683,9.811556816101074,9.35433945414843e-06,2.3396258256980218e-05,4.487536716624163e-05,0.0,3.77,60
724.7161453682929,1781612390.3018355,1.8496531248092651,-0.0004948662244714797,9.811485290527344,2.6189172785962e-06,2.3468803192372434e-05,4.9446593038737774e-05,0.0,3.7800000000000002,60
724.7261453680694,1781612390.312587,1.8478020429611206,-0.0013743927702307701,9.811487197875977,-3.489441951387562e-06,2.3523638446931727e-05,5.3990464948583394e-05,0.0,3.79,60
724.7361453678459,1781612390.3231132,1.8514312505722046,-0.000539610511623323,9.811453819274902,-8.54948302730918e-06,2.341596336918883e-05,5.854277333128266e-05,0.0,3.8000000000000003,60
724.7461453676224,1781612390.3336108,1.8397104740142822,0.00647295918315649,9.811501502990723,9.653175766288769e-06,2.3552594939246774e-05,4.478113987715915e-05,0.0,3.81,60
724.7561453673989,1781612390.3438404,1.8426125049591064,-0.0005400823429226875,9.811566352844238,2.3320847049035365e-06,2.4448516342090443e-05,4.9311194743495435e-05,0.0,3.8200000000000003,60
724.7661453671753,1781612390.3543448,1.8408666849136353,-0.001572887529619038,9.811552047729492,-3.595071802919847e-06,2.5590514269424602e-05,5.3845647926209494e-05,0.0,3.83,60
724.7761453669518,1781612390.3648558,1.8432018756866455,-0.0001612886117072776,9.81155776977539,-8.504567631462123e-06,2.6865218387683854e-05,5.841874735779129e-05,0.0,3.84,60
724.7861453667283,1781612390.374977,1.8317912817001343,0.006232169456779957,9.81149959564209,9.461609806749038e-06,2.8185400879010558e-05,4.466648897505365e-05,0.0,3.85,60
724.7961453665048,1781612390.385475,1.8349695205688477,-0.0015936760464683175,9.811473846435547,2.465283841956989e-06,2.9466931664501317e-05,4.92350991407875e-05,0.0,3.86,60
724.8061453662813,1781612390.3958144,1.83237624168396,-0.00027437839889898896,9.811418533325195,-3.875470611092169e-06,3.0276505640358664e-05,5.372720625018701e-05,0.0,3.87,60
724.8161453660578,1781612390.4061992,1.837099552154541,-0.0004863273643422872,9.811338424682617,-8.626682756585069e-06,3.0841481930110604e-05,5.826722190249711e-05,0.0,3.88,60
724.8261453658342,1781612390.4157135,1.822663426399231,0.006473049987107515,9.811437606811523,9.730460988066625e-06,3.143691355944611e-05,4.4364544010022655e-05,0.0,3.89,60
724.8361453656107,1781612390.4268618,1.8269354104995728,-0.0004813229024875909,9.811484336853027,2.6380500912637217e-06,3.15763390972279e-05,4.890737545792945e-05,0.0,3.9,60
724.8461453653872,1781612390.4371252,1.8252432346343994,-0.0015544944908469915,9.811467170715332,-3.7825200251973e-06,3.1235849746735767e-05,5.3438892791746184e-05,0.0,3.91,60
724.8561453651637,1781612390.4476306,1.828935980796814,-0.0001625388249522075,9.811491966247559,-8.776390131970402e-06,3.063278563786298e-05,5.795012111775577e-05,0.0,3.92,60
724.8661453649402,1781612390.4577658,1.8150745630264282,0.006228891666978598,9.811490058898926,9.139414942183066e-06,3.0180826797732152e-05,4.4114978663856164e-05,0.0,3.93,60
724.8761453647166,1781612390.466902,1.8192291259765625,-0.0004935343167744577,9.81155014038086,2.081269258269458e-06,2.961918835353572e-05,4.863658614340238e-05,0.0,3.94,60
724.8861453644931,1781612390.478407,1.8174829483032227,-0.0015534649137407541,9.811568260192871,-3.967250904679531e-06,2.931385643023532e-05,5.3123629186302423e-05,0.0,3.95,60
724.8961453642696,1781612390.4885066,1.8208210468292236,-0.00011282196646789089,9.811589241027832,-8.981165592558682e-06,2.892417433031369e-05,5.76438287680503e-05,0.0,3.96,60
724.9061453640461,1781612390.4986563,1.8075404167175293,0.006169225089251995,9.811565399169922,8.885494935384486e-06,2.8616850613616407e-05,4.3844342144439e-05,0.0,3.97,60
724.9161453638226,1781612390.5088282,1.8117040395736694,-0.0015964953927323222,9.811570167541504,2.1600062609650195e-06,2.8300739359110594e-05,4.8349862481700256e-05,0.0,3.98,60
724.9261453635991,1781612390.5193357,1.8094871044158936,-0.00047615935909561813,9.8114652633667,-3.948157882405212e-06,2.783696436381433e-05,5.281866469886154e-05,0.0,3.99,60
731.9361452069134,1781612397.7984915,0.03709178417921066,-0.008781827054917812,9.338749885559082,1.1621313205978367e-05,-0.012333044782280922,-0.00019636402430478483,0.0,0.0,80
731.9461452066898,1781612397.8096504,-0.00305189355276525,0.00023497412621509284,9.664369583129883,9.192093421006575e-05,-0.01924966834485531,-0.0001963145477930084,0.0,0.01,80
731.9561452064663,1781612397.819156,-0.031101863831281662,-0.006152003537863493,9.953490257263184,0.00013905041851103306,-0.022941986098885536,-0.0001672566431807354,0.0,0.02,80
731.9661452062428,1781612397.8286612,-0.033986106514930725,0.0018608008977025747,10.138725280761719,0.0002189177757827565,-0.023641185835003853,-0.00016690901247784495,0.0,0.03,80
731.9761452060193,1781612397.8391807,-0.007001262158155441,0.001609591068699956,10.194695472717285,0.000281982560409233,-0.021887246519327164,-0.00016637987573631108,0.0,0.04,80
731.9861452057958,1781612397.85069,0.05476928502321243,-0.009595991112291813,10.132447242736816,0.0002846101706381887,-0.018385281786322594,-0.00013598048826679587,0.0,0.05,80
731.9961452055722,1781612397.861207,0.14946012198925018,0.0007434997824020684,9.988349914550781,0.00030014259391464293,-0.013877438381314278,-0.00013503619993571192,0.0,0.06,80
732.0061452053487,1781612397.8707058,0.2795780301094055,-0.00033611233811825514,9.8100004196167,0.000285778398392722,-0.009046114981174469,-0.00013384596968535334,0.0,0.07,80
732.0161452051252,1781612397.8818703,0.43930014967918396,-0.0019338130950927734,9.642990112304688,0.0002440625539747998,-0.004454771988093853,-0.00013229844626039267,0.0,0.08,80
732.0261452049017,1781612397.8920016,0.6262387037277222,-0.0013438393361866474,9.521902084350586,0.00018062042363453656,-0.0005200290470384061,-0.00013045614468865097,0.0,0.09,80
732.0361452046782,1781612397.9015079,0.8369799256324768,-0.0014375313185155392,9.465316772460938,0.0001039616035996005,0.0024905812460929155,-0.00012824361328966916,0.0,0.1,80
732.0461452044547,1781612397.9115705,1.0699273347854614,-0.001981885638087988,9.475146293640137,2.3158147087087855e-05,0.004443972837179899,-0.0001255931128980592,0.0,0.11,80
732.0561452042311,1781612397.9226835,1.320063591003418,-0.0017103921854868531,9.540335655212402,-5.2520030294544995e-05,0.005320731550455093,-0.00012241779768373817,0.0,0.12,80
732.0661452040076,1781612397.9329793,1.5867936611175537,-0.002281648339703679,9.64079761505127,-0.00011479887325549498,0.005189256276935339,-0.00011873071343870834,0.0,0.13,80
732.0761452037841,1781612397.942482,1.868910551071167,-0.0009768479503691196,9.754595756530762,-0.00015792380145285279,0.0041847131215035915,-0.00011458575318101794,0.0,0.14,80
732.0861452035606,1781612397.9529972,2.1649489402770996,-0.0004753208486363292,9.86095905303955,-0.00017829795251600444,0.0024869032204151154,-0.0001097005297197029,0.0,0.15,80
732.0961452033371,1781612397.9635053,2.3682656288146973,-0.0010794003028422594,9.955674171447754,-0.00017525505973026156,0.0005114594241604209,-0.00010442538768984377,0.0,0.16,80
732.1061452031136,1781612397.9736,2.3598532676696777,0.0006657831836491823,10.034984588623047,-0.00015155511209741235,-0.0011427183635532856,-9.915305417962372e-05,0.0,0.17,80
732.11614520289,1781612397.9838119,2.3513429164886475,0.0008389290305785835,10.059499740600586,-0.00011196949344594032,-0.0024195427540689707,-9.385946032125503e-05,0.0,0.18,80
732.1261452026665,1781612397.9938738,2.3424038887023926,-6.455351831391454e-05,10.035809516906738,-6.378565012710169e-05,-0.0033011282794177532,-8.845933189149946e-05,0.0,0.19,80
732.136145202443,1781612398.0043805,2.332810878753662,0.001310989842750132,9.978057861328125,-1.2782447811332531e-05,-0.003794913413003087,-8.30833669169806e-05,0.0,0.2,80
732.1461452022195,1781612398.014891,2.325486421585083,-0.00022763386368751526,9.903477668762207,3.5748053051065654e-05,-0.003924681805074215,-7.790223753545433e-05,0.0,0.21,80
732.156145201996,1781612398.025406,2.3165385723114014,0.0022392692044377327,9.828619003295898,7.557121716672555e-05,-0.0037277652882039547,-7.266411557793617e-05,0.0,0.22,80
732.1661452017725,1781612398.0365086,2.310993194580078,-0.0004200145194772631,9.765819549560547,0.00010395623394288123,-0.0032540701795369387,-6.739579112036154e-05,0.0,0.23,80
732.1761452015489,1781612398.046546,2.3058815002441406,-0.0007253333460539579,9.722718238830566,0.00011862799874506891,-0.0025650605093687773,-6.203741213539615e-05,0.0,0.24,80
732.1861452013254,1781612398.05689,2.301701784133911,0.00025271112099289894,9.701708793640137,0.00011891927715623751,-0.0017333797877654433,-5.686201257049106e-05,0.0,0.25,80
732.1961452011019,1781612398.067396,2.3003082275390625,-0.00021270569413900375,9.700767517089844,0.00010714104428188875,-0.0008384528919123113,-5.1727085519814864e-05,0.0,0.26,80
732.2061452008784,1781612398.07748,2.2986373901367188,0.002716514514759183,9.715299606323242,8.543492731405422e-05,3.8390266126953065e-05,-4.650803020922467e-05,0.0,0.27,80
732.2161452006549,1781612398.0876467,2.30580997467041,-0.009143432602286339,9.739079475402832,5.672618135577068e-05,0.0008212188840843737,-4.1306942875962704e-05,0.0,0.28,80
732.2261452004313,1781612398.0976653,2.30334210395813,0.0024273828603327274,9.766563415527344,2.4653951186337508e-05,0.0014468776062130928,-3.617381298681721e-05,0.0,0.29,80
732.2361452002078,1781612398.1073642,2.3086607456207275,-0.0005337857874110341,9.792916297912598,-6.662913619948085e-06,0.001871079788543284,-3.103531707893126e-05,0.0,0.3,80
732.2461451999843,1781612398.1194234,2.3135924339294434,-0.0006632179720327258,9.814952850341797,-3.473239121376537e-05,0.0020721619948744774,-2.5902914785547182e-05,0.0,0.31,80
732.2561451997608,1781612398.1299195,2.3182101249694824,-0.0015869885683059692,9.831247329711914,-5.65590089536272e-05,0.002052731579169631,-2.0586610844475217e-05,0.0,0.32,80
732.2661451995373,1781612398.1394327,2.3218915462493896,-0.0003075464046560228,9.841414451599121,-7.028302206890658e-05,0.0018373708007857203,-1.5266841728589498e-05,0.0,0.33,80
732.2761451993138,1781612398.1507094,2.3244900703430176,6.927582580829039e-05,9.84617805480957,-7.539386569987983e-05,0.0014682308537885547,-1.0036338608188089e-05,0.0,0.34,80
732.2861451990902,1781612398.1602066,2.326948881149292,-0.0010624082060530782,9.846478462219238,-7.257689867401496e-05,0.000998862087726593,-4.717091542261187e-06,0.0,0.35000000000000003,80
732.2961451988667,1781612398.171727,2.3272130489349365,0.00020381902868393809,9.843853950500488,-6.238856440177187e-05,0.0004874719015788287,5.224613346399565e-07,0.0,0.36,80
732.3061451986432,1781612398.1828249,2.3272111415863037,-0.0031405191402882338,9.839273452758789,-4.70373488496989e-05,-9.659298484621104e-06,5.7696470321388915e-06,0.0,0.37,80
732.3161451984197,1781612398.193265,2.323309898376465,0.005288382060825825,9.833633422851562,-2.8129437851021066e-05,-0.0004444593796506524,1.0957262929878198e-05,0.0,0.38,80
732.3261451981962,1781612398.2027636,2.322570562362671,-0.00193586980458349,9.827472686767578,-7.984470357769169e-06,-0.0007815120043233037,1.6224073988269083e-05,0.0,0.39,80
732.3361451979727,1781612398.2138746,2.319164514541626,-0.0006696421769447625,9.82136344909668,1.080179208656773e-05,-0.0009993008570745587,2.1477939299074933e-05,0.0,0.4,80
732.3461451977491,1781612398.2243829,2.3157145977020264,0.00037344390875659883,9.815326690673828,2.675784344319254e-05,-0.001091616228222847,2.670294270501472e-05,0.0,0.41000000000000003,80
732.3561451975256,1781612398.2354867,2.31227970123291,0.00045950026833452284,9.809850692749023,3.801337516051717e-05,-0.0010656538652256131,3.196125908289105e-05,0.0,0.42,80
732.3661451973021,1781612398.2465436,2.310692548751831,-0.0011485645081847906,9.805099487304688,4.426843952387571e-05,-0.0009392799693159759,3.7264144339133054e-05,0.0,0.43,80
732.3761451970786,1781612398.2570488,2.3075826168060303,0.00023122775019146502,9.801301956176758,4.5551674702437595e-05,-0.0007382670883089304,4.259455090505071e-05,0.0,0.44,80
732.3861451968551,1781612398.2675543,2.3065760135650635,-8.160750439856201e-05,9.798583030700684,4.1685740143293515e-05,-0.0004920205683447421,4.7915113100316375e-05,0.0,0.45,80
732.3961451966316,1781612398.2776244,2.305692195892334,-0.0010848146630451083,9.797239303588867,3.40564911311958e-05,-0.00023065540881361812,5.326118480297737e-05,0.0,0.46,80
732.406145196408,1781612398.2877052,2.3051788806915283,0.0007909121923148632,9.797232627868652,2.4210776246036403e-05,1.8609915059641935e-05,5.861911995452829e-05,0.0,0.47000000000000003,80
732.4161451961845,1781612398.2978063,2.307427167892456,-0.0024365377612411976,9.798454284667969,1.2995651559322141e-05,0.00023326998052652925,6.392263458110392e-05,0.0,0.48,80
732.426145195961,1781612398.3084116,2.3060050010681152,-0.00012263453390914947,9.800853729248047,1.3462055221680203e-06,0.00039736920734867454,6.924739864189178e-05,0.0,0.49,80
732.4361451957375,1781612398.318602,2.30759596824646,-0.00020812176808249205,9.804065704345703,-9.197772669722326e-06,0.0005021131946705282,7.459223706973717e-05,0.0,0.5,80
732.446145195514,1781612398.3295968,2.3084096908569336,-0.0010785184567794204,9.807672500610352,-1.744705696182791e-05,0.0005451167235150933,7.994249608600512e-05,0.0,0.51,80
732.4561451952904,1781612398.3406293,2.3097901344299316,-0.00036396816722117364,9.811358451843262,-2.3186388716567308e-05,0.0005308608524501324,8.528420585207641e-05,0.0,0.52,80
732.4661451950669,1781612398.350133,2.309652090072632,8.321934728883207e-05,9.81464958190918,-2.5859439119813032e-05,0.0004682274884544313,9.05510169104673e-05,0.0,0.53,80
732.4761451948434,1781612398.3606405,2.310587167739868,-0.0011113017098978162,9.817357063293457,-2.5827495846897364e-05,0.00036916194949299097,9.585708903614432e-05,0.0,0.54,80
732.4861451946199,1781612398.3708324,2.310012102127075,0.00024387853045482188,9.819195747375488,-2.3038825020194054e-05,0.00024802496773190796,0.00010113557073054835,0.0,0.55,80
732.4961451943964,1781612398.380884,2.3044631481170654,-0.0019433869747444987,9.820062637329102,-1.8469238057150505e-05,0.00011928493768209592,0.00010635877697495744,0.0,0.56,80
732.5061451941729,1781612398.391392,2.321556329727173,0.001967325806617737,9.820005416870117,-1.1935043403354939e-05,-3.93154596167733e-06,0.00011155020183650777,0.0,0.5700000000000001,80
732.5161451939493,1781612398.401493,2.3084330558776855,-0.0010358970612287521,9.819159507751465,-4.844486284127925e-06,-0.00011102356074843556,0.000116887575131841,0.0,0.58,80
732.5261451937258,1781612398.4125018,2.2970516681671143,-0.0005184136680327356,9.81763744354248,1.5802685311427922e-06,-0.0001937054330483079,0.0001221123820869252,0.0,0.59,80
732.5361451935023,1781612398.4230077,2.3118886947631836,8.329948468599468e-05,9.815794944763184,7.132684459065786e-06,-0.0002473073254805058,0.0001274410606129095,0.0,0.6,80
732.5461451932788,1781612398.4335058,2.305662155151367,9.778740059118718e-05,9.813620567321777,1.1431196071498562e-05,-0.00027092560776509345,0.0001326654601143673,0.0,0.61,80
732.5561451930553,1781612398.443012,2.3048651218414307,-0.0010558186331763864,9.811698913574219,1.396527386532398e-05,-0.0002657515578903258,0.00013793852122034878,0.0,0.62,80
732.5661451928318,1781612398.453519,2.303657054901123,1.0643929272191599e-05,9.810007095336914,1.4957572602725122e-05,-0.0002358511701459065,0.00014318086323328316,0.0,0.63,80
732.5761451926082,1781612398.4645948,2.302438259124756,0.0001586029538884759,9.808682441711426,1.4246487808122765e-05,-0.00018737450591288507,0.00014845523401163518,0.0,0.64,80
732.5861451923847,1781612398.4751008,2.308677911758423,-0.0005385187105275691,9.807791709899902,1.1856513992825057e-05,-0.00012745603453367949,0.0001536952331662178,0.0,0.65,80
732.5961451921612,1781612398.4856064,2.2890608310699463,-0.0023331991396844387,9.807451248168945,9.179923836200032e-06,-6.289803422987461e-05,0.00015897613775450736,0.0,0.66,80
732.6061451919377,1781612398.4959507,2.30759859085083,0.0007895411108620465,9.807510375976562,5.346691523300251e-06,-5.627483119496901e-07,0.00016429608513135463,0.0,0.67,80
732.6161451917142,1781612398.506457,2.300506591796875,-0.0004281559959053993,9.80809497833252,1.344528413937951e-06,5.3995281632523984e-05,0.00016952503938227892,0.0,0.68,80
732.6261451914907,1781612398.5174823,2.2960283756256104,9.389354090671986e-05,9.808883666992188,-1.973659209397738e-06,9.657451300881803e-05,0.00017480255337432027,0.0,0.6900000000000001,80
732.6361451912671,1781612398.5275836,2.3105368614196777,-0.0009373113862238824,9.809749603271484,-4.903374247078318e-06,0.00012439576676115394,0.000180089904461056,0.0,0.7000000000000001,80
732.6461451910436,1781612398.537681,2.295728921890259,-0.0001102500464185141,9.810824394226074,-6.819139343861025e-06,0.000136939634103328,0.0001853968424256891,0.0,0.71,80
732.6561451908201,1781612398.547749,2.3007192611694336,-0.0011052530026063323,9.811759948730469,-7.687634933972731e-06,0.0001350262900814414,0.00019068345136474818,0.0,0.72,80
732.6661451905966,1781612398.558383,2.2938272953033447,0.010232578031718731,9.812588691711426,2.4205730369430967e-05,0.0001204360814881511,0.00016843977209646255,0.0,0.73,80
732.6761451903731,1781612398.5688982,2.312143325805664,-0.0025755560491234064,9.813336372375488,1.683988193690311e-05,9.649536514189094e-05,0.00017372153524775058,0.0,0.74,80
732.6861451901495,1781612398.5794108,2.2939751148223877,-3.219780046492815e-05,9.813729286193848,8.632406206743326e-06,6.66480409563519e-05,0.00017899423255585134,0.0,0.75,80
732.696145189926,1781612398.5896995,2.2975730895996094,0.009993716143071651,9.813846588134766,3.1740251870360225e-05,3.398906483198516e-05,0.00015768241428304464,0.0,0.76,80
732.7061451897025,1781612398.6001909,2.302607297897339,-0.004595624282956123,9.81381893157959,1.694907041382976e-05,2.322302179891267e-06,0.0001629736361792311,0.0,0.77,80
732.716145189479,1781612398.6097994,2.297621488571167,0.0015524313785135746,9.81356430053711,2.4595724426035304e-06,-2.5561999791534618e-05,0.00016824225895106792,0.0,0.78,80
732.7261451892555,1781612398.6203072,2.295891523361206,0.00662474287673831,9.813097953796387,2.01375296455808e-05,-4.7430090489797294e-05,0.0001472992153139785,0.0,0.79,80
732.736145189032,1781612398.6298153,2.3012428283691406,4.092818562639877e-05,9.81274127960205,2.7518603928911034e-06,-6.167130050016567e-05,0.00015259759675245732,0.0,0.8,80
732.7461451888084,1781612398.641095,2.290466785430908,-0.000618948950432241,9.812141418457031,-1.2556381989270449e-05,-6.83379839756526e-05,0.0001578980009071529,0.0,0.81,80
732.7561451885849,1781612398.651601,2.3026483058929443,0.007503045257180929,9.81183910369873,6.270050562307006e-06,-6.737958756275475e-05,0.00013727828627452254,0.0,0.8200000000000001,80
732.7661451883614,1781612398.6617842,2.288308620452881,-0.0007454637088812888,9.811361312866211,-8.558311492379289e-06,-6.018150452291593e-05,0.0001425312802894041,0.0,0.8300000000000001,80
732.7761451881379,1781612398.672988,2.301306962966919,-0.0022059562616050243,9.811039924621582,-1.9991473891423084e-05,-4.8212576075457036e-05,0.0001477733749197796,0.0,0.84,80
732.7861451879144,1781612398.6835003,2.2891833782196045,0.0020437813363969326,9.810786247253418,-2.7678661354002543e-05,-3.314548666821793e-05,0.0001530406589154154,0.0,0.85,80
732.7961451876909,1781612398.692996,2.297107458114624,0.007634480018168688,9.810667037963867,1.1594173798812335e-07,-1.6727568436181173e-05,0.00013127396232448518,0.0,0.86,80
732.8061451874673,1781612398.7035124,2.292168378829956,-0.0013265775050967932,9.81063175201416,-7.528272362833377e-06,-9.6045096142916e-07,0.00013659143587574363,0.0,0.87,80
732.8161451872438,1781612398.7145646,2.2929885387420654,-0.0006082139443606138,9.810807228088379,-1.3551617485063616e-05,1.3012438103032764e-05,0.00014185646432451904,0.0,0.88,80
732.8261451870203,1781612398.7245975,2.294597625732422,0.008355124853551388,9.810922622680664,1.2901282389066182e-05,2.396121089986991e-05,0.00012166774104116485,0.0,0.89,80
732.8361451867968,1781612398.7346613,2.289804697036743,-0.0004729206266347319,9.811185836791992,4.25027201345074e-06,3.127743548247963e-05,0.00012688993592746556,0.0,0.9,80
732.8461451865733,1781612398.7458732,2.295194387435913,-0.000623176631052047,9.811527252197266,-3.5015243611269398e-06,3.485430352156982e-05,0.0001321226154686883,0.0,0.91,80
732.8561451863497,1781612398.7553797,2.2886962890625,-0.001552653149701655,9.811769485473633,-9.799199688131921e-06,3.4679582313401625e-05,0.0001374024141114205,0.0,0.92,80
732.8661451861262,1781612398.765892,2.2946579456329346,0.009335653856396675,9.811906814575195,1.6228701497311704e-05,3.1249575840774924e-05,0.00011673478729790077,0.0,0.93,80
732.8761451859027,1781612398.7763915,2.2882370948791504,-0.001534604118205607,9.812095642089844,6.216529527591774e-06,2.5363629902130924e-05,0.0001219796686200425,0.0,0.9400000000000001,80
732.8861451856792,1781612398.7868948,2.2927017211914062,-0.0006348856259137392,9.812149047851562,-3.026610102097038e-06,1.7795087842387147e-05,0.0001272576191695407,0.0,0.9500000000000001,80
732.8961451854557,1781612398.7974102,2.288405418395996,-0.0003775251389015466,9.8123140335083,-1.0406483852420934e-05,9.816172678256407e-06,0.0001325679913861677,0.0,0.96,80
732.9061451852322,1781612398.8080373,2.290701150894165,0.008341237902641296,9.812296867370605,1.494798925705254e-05,2.003615236390033e-06,0.00011160311987623572,0.0,0.97,80
732.9161451850086,1781612398.818614,2.2887775897979736,-0.0005175465485081077,9.812175750732422,4.495212124311365e-06,-4.989495664631249e-06,0.00011682150943670422,0.0,0.98,80
732.9261451847851,1781612398.8284862,2.28810977935791,-0.0017462963005527854,9.812135696411133,-4.9376062634109985e-06,-1.0267147445119917e-05,0.00012205851817270741,0.0,0.99,80
732.9361451845616,1781612398.838992,2.288287401199341,-0.00036684097722172737,9.812020301818848,-1.2630046512640547e-05,-1.3458072317007463e-05,0.00012728646106552333,0.0,1.0,80
732.9461451843381,1781612398.849521,2.2859725952148438,0.008546801283955574,9.811923027038574,1.2884032912552357e-05,-1.450950549042318e-05,0.00010631442273734137,0.0,1.01,80
732.9561451841146,1781612398.860572,2.287926435470581,-0.0007338649593293667,9.81177043914795,2.3263478396984283e-06,-1.3995737390359864e-05,0.0001115863342420198,0.0,1.02,80
732.9661451838911,1781612398.870621,2.284614086151123,-0.0004420582263264805,9.811589241027832,-6.505999863293255e-06,-1.2175661140645389e-05,0.00011686103243846446,0.0,1.03,80
732.9761451836675,1781612398.8811274,2.286714553833008,-0.0017612113151699305,9.81155776977539,-1.3179800589568913e-05,-8.834445907268673e-06,0.0001221251004608348,0.0,1.04,80
732.986145183444,1781612398.8916464,2.2833809852600098,0.009928261861205101,9.81143856048584,1.2971522664884105e-05,-4.979877758160001e-06,0.0001012299326248467,0.0,1.05,80
732.9961451832205,1781612398.902826,2.2848849296569824,-0.0018355123465880752,9.81137752532959,3.1749507343192818e-06,-8.24864685000648e-07,0.00010650764306774363,0.0,1.06,80
733.006145182997,1781612398.9128625,2.2835891246795654,-0.0004958008066751063,9.811378479003906,-5.193100605538348e-06,3.0702960884809727e-06,0.00011178591375937685,0.0,1.07,80
733.0161451827735,1781612398.9233744,2.282721757888794,-0.0005777263431809843,9.811522483825684,-1.1826570698758587e-05,6.418841621780302e-06,0.00011706382792908698,0.0,1.08,80
733.02614518255,1781612398.9334195,2.283259630203247,0.00840193871408701,9.811464309692383,1.4246976206777617e-05,9.05153683561366e-06,9.636919276090339e-05,0.0,1.09,80
733.0361451823264,1781612398.9445462,2.280604362487793,-0.0003949248348362744,9.811640739440918,4.307877134124283e-06,1.1056236871809233e-05,0.00010161786485696211,0.0,1.1,80
733.0461451821029,1781612398.9548821,2.2827680110931396,-0.0017665097257122397,9.811720848083496,-4.7002508836158086e-06,1.2094482372049242e-05,0.0001068652854883112,0.0,1.11,80
733.0561451818794,1781612398.9653783,2.2796192169189453,-0.0005281664780341089,9.811750411987305,-1.2055439583491534e-05,1.2132271876907907e-05,0.00011213511606911197,0.0,1.12,80
733.0661451816559,1781612398.9756644,2.2816123962402344,0.008375203236937523,9.811800003051758,1.343641724815825e-05,1.1247506336076185e-05,9.175462764687836e-05,0.0,1.1300000000000001,80
733.0761451814324,1781612398.9861646,2.2785513401031494,-0.0006316134822554886,9.811779022216797,3.304834308437421e-06,9.563142157276161e-06,9.699101065052673e-05,0.0,1.1400000000000001,80
733.0861451812088,1781612398.9966798,2.279636859893799,-0.00029059924418106675,9.811823844909668,-5.693844741472276e-06,7.272357834153809e-06,0.00010223643039353192,0.0,1.1500000000000001,80
733.0961451809853,1781612399.008137,2.278014898300171,-0.0017063342966139317,9.811888694763184,-1.2174990843050182e-05,5.190064257476479e-06,0.00010750286310212687,0.0,1.16,80
733.1061451807618,1781612399.0176508,2.278369903564453,0.009385659359395504,9.811909675598145,1.2869329111708794e-05,3.14637622977898e-06,8.736120071262121e-05,0.0,1.17,80
733.1161451805383,1781612399.0278568,2.2773213386535645,-0.001815601484850049,9.811872482299805,3.218082611056161e-06,1.3509298923963797e-06,9.265409607905895e-05,0.0,1.18,80
733.1261451803148,1781612399.0384371,2.2768683433532715,-0.0004986256244592369,9.81184196472168,-5.357153440854745e-06,7.629679998899519e-08,9.79149408522062e-05,0.0,1.19,80
733.1361451800913,1781612399.049944,2.275773286819458,-0.00038345856592059135,9.811697006225586,-1.1994805390713736e-05,-1.094400545298413e-06,0.00010320681758457795,0.0,1.2,80
733.1461451798677,1781612399.0594518,2.2760579586029053,0.007994192652404308,9.811779022216797,1.2800964213965926e-05,-1.4677430044685025e-06,8.347511902684346e-05,0.0,1.21,80
733.1561451796442,1781612399.0699584,2.2747533321380615,-0.0004232300852891058,9.811731338500977,3.5779059999185847e-06,-1.3341765452423715e-06,8.873818296706304e-05,0.0,1.22,80
733.1661451794207,1781612399.080464,2.2744908332824707,-0.0016794622642919421,9.811654090881348,-5.152702215127647e-06,-8.96532753813517e-07,9.399366535944864e-05,0.0,1.23,80
733.1761451791972,1781612399.090555,2.273486852645874,-0.0003846204199362546,9.811700820922852,-1.1746746167773381e-05,-4.47315819940286e-08,9.92266577668488e-05,0.0,1.24,80
733.1861451789737,1781612399.1016197,2.2733004093170166,0.008083276450634003,9.81169605255127,1.2607653843588196e-05,1.0141733355339966e-06,7.990584708750248e-05,0.0,1.25,80
733.1961451787502,1781612399.1116788,2.2729687690734863,-0.0007986432174220681,9.811623573303223,3.474845925666159e-06,1.948557610376156e-06,8.515693480148911e-05,0.0,1.26,80
733.2061451785266,1781612399.1220472,2.271595001220703,-0.0003998520551249385,9.811666488647461,-4.832077138416935e-06,3.2277127957058838e-06,9.037182462634519e-05,0.0,1.27,80
733.2161451783031,1781612399.1325655,2.272080421447754,-0.0008995914831757545,9.811628341674805,-1.1584797903196886e-05,4.1992816477431916e-06,9.556230361340567e-05,0.0,1.28,80
733.2261451780796,1781612399.1430788,2.2698352336883545,0.008616166189312935,9.81167221069336,1.2286264791327994e-05,4.924042059428757e-06,7.674227526877075e-05,0.0,1.29,80
733.2361451778561,1781612399.1535888,2.270962715148926,-0.0019322437001392245,9.811676025390625,3.2555024063185556e-06,5.264422270556679e-06,8.204944606404752e-05,0.0,1.3,80
733.2461451776326,1781612399.1647794,2.2701377868652344,-0.0009468940552324057,9.811677932739258,-4.456192073121201e-06,5.275981948216213e-06,8.735712617635727e-05,0.0,1.31,80
733.256145177409,1781612399.175919,2.2683448791503906,9.887888154480606e-05,9.811786651611328,-1.1041111065424047e-05,5.145034265296999e-06,9.262550884159282e-05,0.0,1.32,80
733.2661451771855,1781612399.186429,2.269333600997925,-8.892382174963132e-05,9.811723709106445,-1.5290472219930962e-05,4.864169568463694e-06,9.791774937184528e-05,0.0,1.33,80
733.276145176962,1781612399.1974812,2.2674500942230225,0.008135052397847176,9.811717987060547,1.1403610187699087e-05,4.346309651737101e-06,7.826904766261578e-05,0.0,1.34,80
733.2861451767385,1781612399.2080834,2.2672839164733887,-0.0014204101171344519,9.811749458312988,4.62214893559576e-06,4.0557433749199845e-06,8.349113340955228e-05,0.0,1.35,80
733.296145176515,1781612399.218661,2.267421007156372,-0.0011924442369490862,9.811738967895508,-1.8509460915083764e-06,3.513022647894104e-06,8.874917693901807e-05,0.0,1.36,80
733.3061451762915,1781612399.2288375,2.265928030014038,-0.0008298271568492055,9.811729431152344,-7.545355856564129e-06,3.052676674997201e-06,9.396465611644089e-05,0.0,1.37,80
733.316145176068,1781612399.2768292,2.2651190757751465,0.009337687864899635,9.811763763427734,1.6622630937490612e-05,2.5322021883766865e-06,7.502051448682323e-05,0.0,1.3800000000000001,80
733.3261451758444,1781612399.2872372,2.2660961151123047,-0.0028006068896502256,9.811766624450684,7.6043029366701376e-06,2.3082743609847967e-06,8.031506149563938e-05,0.0,1.3900000000000001,80
733.3361451756209,1781612399.2998488,2.263683557510376,0.0003639896458480507,9.81175422668457,-9.517838179817772e-07,2.118314796462073e-06,8.554063242627308e-05,0.0,1.4000000000000001,80
733.3461451753974,1781612399.3103669,2.2638192176818848,-0.0005374608444981277,9.811739921569824,-8.427306056546513e-06,1.9585231711971574e-06,9.076022979570553e-05,0.0,1.41,80
733.3561451751739,1781612399.3208723,2.2637088298797607,0.007546608801931143,9.811673164367676,1.4196294614521321e-05,2.0674494862760184e-06,7.227020978461951e-05,0.0,1.42,80
733.3661451749504,1781612399.3313763,2.2626049518585205,-0.0016207773005589843,9.811697959899902,3.7104180137248477e-06,2.412547019048361e-06,7.750091754132882e-05,0.0,1.43,80
733.3761451747268,1781612399.3414218,2.261662721633911,-0.000421262055169791,9.811647415161133,-5.24825827596942e-06,2.3642398900847184e-06,8.269940735772252e-05,0.0,1.44,80
733.3861451745033,1781612399.352605,2.2618343830108643,0.0001430616684956476,9.811707496643066,-1.2552902262541465e-05,2.720490783758578e-06,8.800483192317188e-05,0.0,1.45,80
733.3961451742798,1781612399.3628056,2.260589122772217,0.0070429956540465355,9.811668395996094,1.017914019030286e-05,2.907960606535198e-06,6.98804942658171e-05,0.0,1.46,80
733.4061451740563,1781612399.3730626,2.2603137493133545,-0.0006743136327713728,9.81170654296875,1.0158661325476714e-06,3.2420687148260185e-06,7.50790786696598e-05,0.0,1.47,80
733.4161451738328,1781612399.38257,2.260052442550659,-0.0017018860671669245,9.81171989440918,-6.8102690420346335e-06,3.465368990873685e-06,8.03197908680886e-05,0.0,1.48,80
733.4261451736093,1781612399.3930743,2.2585904598236084,-0.0001792069524526596,9.811653137207031,-1.2975981917406898e-05,3.594478812374291e-06,8.556390821468085e-05,0.0,1.49,80
733.4361451733857,1781612399.4035947,2.258476734161377,-0.0002931195485871285,9.811802864074707,-1.6865102224983275e-05,4.01202896682662e-06,9.079684969037771e-05,0.0,1.5,80
733.4461451731622,1781612399.4130895,2.258622407913208,0.009152984246611595,9.811811447143555,9.802255590329878e-06,4.3320942495483905e-06,7.192471093731001e-05,0.0,1.51,80
733.4561451729387,1781612399.423597,2.255446434020996,-0.0025461078621447086,9.811800003051758,3.6670744520961307e-06,6.934438715688884e-06,7.71564373280853e-05,0.0,1.52,80
733.4661451727152,1781612399.4341042,2.2533581256866455,-0.0002219762682216242,9.811896324157715,-2.094449428113876e-06,1.1248892406001687e-05,8.238619193434715e-05,0.0,1.53,80
733.4761451724917,1781612399.4446108,2.25350284576416,-0.00010862776980502531,9.81185245513916,-7.019286840659333e-06,1.6755331671447493e-05,8.765058009885252e-05,0.0,1.54,80
733.4861451722682,1781612399.4547088,2.248225212097168,0.007562045007944107,9.811698913574219,1.724182948237285e-05,2.255936124129221e-05,6.929885421413928e-05,0.0,1.55,80
733.4961451720446,1781612399.4650931,2.2479259967803955,-0.0006360042607411742,9.811635971069336,8.649862138554454e-06,2.7816313377115875e-05,7.454329170286655e-05,0.0,1.56,80
733.5061451718211,1781612399.474594,2.249993085861206,-0.0028153611347079277,9.811511039733887,8.979579035894858e-08,3.232127710361965e-05,7.978377834660932e-05,0.0,1.57,80
733.5161451715976,1781612399.4857872,2.240061044692993,0.0007671471103094518,9.811382293701172,-7.252233444887679e-06,3.5474466130835935e-05,8.500686817569658e-05,0.0,1.58,80
733.5261451713741,1781612399.4958558,2.2425527572631836,0.007617422845214605,9.811402320861816,1.4255332644097507e-05,3.735633072210476e-05,6.708269938826561e-05,0.0,1.59,80
733.5361451711506,1781612399.5053635,2.2461419105529785,-0.0012930069351568818,9.811445236206055,4.322794666222762e-06,3.805466985795647e-05,7.23587436368689e-05,0.0,1.6,80
733.546145170927,1781612399.5159075,2.2331860065460205,-6.092351395636797e-05,9.811531066894531,-4.184848421573406e-06,3.779153848881833e-05,7.759171421639621e-05,0.0,1.61,80
733.5561451707035,1781612399.5264335,2.2367801666259766,-0.0014313219580799341,9.811609268188477,-1.1652713510557078e-05,3.639133501565084e-05,8.281911868834868e-05,0.0,1.62,80
733.56614517048,1781612399.5359426,2.240626811981201,0.00780978798866272,9.81176471710205,1.0034014849225059e-05,3.451579323154874e-05,6.525468052132055e-05,0.0,1.6300000000000001,80
733.5761451702565,1781612399.546441,2.227721929550171,-0.0009734119521453977,9.811851501464844,8.339984560734592e-07,3.233373718103394e-05,7.041776552796364e-05,0.0,1.6400000000000001,80
733.586145170033,1781612399.5575488,2.2312655448913574,-0.0005832747556269169,9.811971664428711,-7.389116490230663e-06,3.0234359655878507e-05,7.560005178675056e-05,0.0,1.6500000000000001,80
733.5961451698095,1781612399.5666645,2.2337374687194824,-0.00036987423663958907,9.811978340148926,-1.357646397082135e-05,2.7953323296969756e-05,8.081320993369445e-05,0.0,1.6600000000000001,80
733.606145169586,1781612399.5767539,2.222907304763794,-0.001297169248573482,9.811891555786133,-1.716108999971766e-05,2.5900824766722508e-05,8.604369213571772e-05,0.0,1.67,80
733.6161451693624,1781612399.5872564,2.225548505783081,0.008086908608675003,9.81182861328125,9.125696124101523e-06,2.438686351524666e-05,6.76311319693923e-05,0.0,1.68,80
733.6261451691389,1781612399.5977619,2.227193832397461,-0.00022099878697190434,9.811734199523926,3.1013037187221926e-06,2.2987753254710697e-05,7.280592399183661e-05,0.0,1.69,80
733.6361451689154,1781612399.6069152,2.2176852226257324,-0.0015616390155628324,9.81174373626709,-2.565775048424257e-06,2.251992918900214e-05,7.801021274644881e-05,0.0,1.7,80
733.6461451686919,1781612399.6169472,2.2195827960968018,-0.00028159734210930765,9.811691284179688,-7.0744276854384225e-06,2.248095188406296e-05,8.319219341501594e-05,0.0,1.71,80
733.6561451684684,1781612399.6274614,2.221175193786621,0.0073846993036568165,9.81170654296875,1.6557421986362897e-05,2.2903115677763708e-05,6.53538663755171e-05,0.0,1.72,80
733.6661451682448,1781612399.6375132,2.2123172283172607,-0.0002472166088409722,9.811676025390625,8.246063771366607e-06,2.3853273887652904e-05,7.057939365040511e-05,0.0,1.73,80
733.6761451680213,1781612399.6475492,2.213782787322998,-0.0005705510848201811,9.811554908752441,-6.947228570197694e-08,2.5043200366781093e-05,7.578275835840032e-05,0.0,1.74,80
733.6861451677978,1781612399.6576018,2.2154719829559326,-0.0014721383340656757,9.811570167541504,-7.187416940723779e-06,2.6306275685783476e-05,8.095106750261039e-05,0.0,1.75,80
733.6961451675743,1781612399.667021,2.206355333328247,0.007484487257897854,9.811583518981934,1.3940212738816626e-05,2.7343614419805817e-05,6.347439193632454e-05,0.0,1.76,80
733.7061451673508,1781612399.677526,2.208047866821289,-0.0006959179299883544,9.811640739440918,4.265819825377548e-06,2.852808393072337e-05,6.868463970022276e-05,0.0,1.77,80
733.7161451671273,1781612399.6885974,2.2104485034942627,-0.00131960806902498,9.81158447265625,-4.360400453151669e-06,2.9084676498314366e-05,7.384757918771356e-05,0.0,1.78,80
733.7261451669037,1781612399.6988354,2.199939012527466,-0.0007237528916448355,9.81160831451416,-1.1750445082725491e-05,2.9409178750938736e-05,7.90250560385175e-05,0.0,1.79,80
733.7361451666802,1781612399.7098463,2.202725648880005,0.008363095112144947,9.811657905578613,9.907662388286553e-06,2.9680559237021953e-05,6.173521251184866e-05,0.0,1.8,80
733.7461451664567,1781612399.7200344,2.2047972679138184,-0.0014971561031416059,9.8117094039917,9.50805429056345e-07,2.9579825422842987e-05,6.686619599349797e-05,0.0,1.81,80
733.7561451662332,1781612399.7315307,2.1938300132751465,-0.00040926688234321773,9.811759948730469,-7.065675163175911e-06,2.9367714887484908e-05,7.206197187770158e-05,0.0,1.82,80
733.7661451660097,1781612399.741739,2.197406768798828,-0.0017322675557807088,9.811775207519531,-1.3070903150946833e-05,2.9111199182807468e-05,7.723490853095427e-05,0.0,1.83,80
733.7761451657861,1781612399.751246,2.198730230331421,0.009280849248170853,9.811790466308594,9.026206498674583e-06,2.8828893846366554e-05,6.027040944900364e-05,0.0,1.84,80
733.7861451655626,1781612399.761745,2.188929796218872,-0.002205124357715249,9.811686515808105,1.362093257739616e-06,2.814640356518794e-05,6.54208633932285e-05,0.0,1.85,80
733.7961451653391,1781612399.7719326,2.1910674571990967,-0.00048315819003619254,9.811708450317383,-5.2020732255186886e-06,2.7592859623837285e-05,7.054820889607072e-05,0.0,1.86,80
733.8061451651156,1781612399.7824395,2.1933138370513916,0.00034696623333729804,9.811674118041992,-1.0826480320247356e-05,2.707224484765902e-05,7.56514782551676e-05,0.0,1.87,80
733.8161451648921,1781612399.792755,2.182978391647339,-0.0018818534445017576,9.811667442321777,-1.410488403053023e-05,2.6513554985285737e-05,8.081829582806677e-05,0.0,1.8800000000000001,80
733.8261451646686,1781612399.8032792,2.1855013370513916,0.007796516641974449,9.81169319152832,1.1086396625614725e-05,2.6377074391348287e-05,6.319844396784902e-05,0.0,1.8900000000000001,80
733.836145164445,1781612399.81279,2.1874001026153564,-0.0005115321255289018,9.811654090881348,4.7954818001016974e-06,2.5998126147896983e-05,6.83533216943033e-05,0.0,1.9000000000000001,80
733.8461451642215,1781612399.8228576,2.177603244781494,-0.0002803078095894307,9.811702728271484,-9.345167768515239e-07,2.593187673483044e-05,7.345886842813343e-05,0.0,1.9100000000000001,80
733.856145163998,1781612399.8333676,2.1796252727508545,-0.0003291095490567386,9.811683654785156,-5.84213694310165e-06,2.6045276172226295e-05,7.860220648581162e-05,0.0,1.92,80
733.8661451637745,1781612399.8438742,2.181391716003418,0.0071847690269351006,9.811580657958984,1.6263240468106233e-05,2.6116233129869215e-05,6.152903370093554e-05,0.0,1.93,80
733.876145163551,1781612399.8543918,2.1722240447998047,-0.0012120431056246161,9.811685562133789,7.999168701644521e-06,2.630133712955285e-05,6.663651583949104e-05,0.0,1.94,80
733.8861451633275,1781612399.8638132,2.1740260124206543,-0.0005828444845974445,9.811699867248535,-2.7563081061998673e-07,2.6772377168526873e-05,7.175717473728582e-05,0.0,1.95,80
733.8961451631039,1781612399.874965,2.1761209964752197,-0.0005387894343584776,9.811726570129395,-7.361035386566073e-06,2.739820229180623e-05,7.6903888839297e-05,0.0,1.96,80
733.9061451628804,1781612399.884479,2.165956735610962,0.007399289403110743,9.811694145202637,1.2446220353012905e-05,2.779290298349224e-05,6.0244106862228364e-05,0.0,1.97,80
733.9161451626569,1781612399.894528,2.1686291694641113,-0.0017758866306394339,9.811639785766602,2.9896061732870294e-06,2.7842386771226302e-05,6.535474676638842e-05,0.0,1.98,80
733.9261451624334,1781612399.9050329,2.1706340312957764,-0.001064916024915874,9.811614036560059,-5.107054221298313e-06,2.7827902158605866e-05,7.051697321003303e-05,0.0,1.99,80
733.9361451622099,1781612399.9150815,2.1603972911834717,5.8349127357359976e-05,9.8115816116333,-1.1698255548253655e-05,2.754706838459242e-05,7.561817619716749e-05,0.0,2.0,80
733.9461451619864,1781612399.924588,2.162529706954956,-0.0011684709461405873,9.811676979064941,-1.597545633558184e-05,2.7402225896366872e-05,8.074517245404422e-05,0.0,2.0100000000000002,80
733.9561451617628,1781612399.9351053,2.1651272773742676,0.008611029013991356,9.811676979064941,8.237449947046116e-06,2.7363808840163983e-05,6.316785584203899e-05,0.0,2.02,80
733.9661451615393,1781612399.944601,2.15484881401062,-0.0014423782704398036,9.811662673950195,1.7481025906818104e-06,2.7183612473891117e-05,6.82210229570046e-05,0.0,2.0300000000000002,80
733.9761451613158,1781612399.9546704,2.1570684909820557,-0.0004512696759775281,9.81171989440918,-4.325342160882428e-06,2.7173777198186144e-05,7.337470015045255e-05,0.0,2.04,80
733.9861451610923,1781612399.9657955,2.1592538356781006,0.00026596072711981833,9.81165599822998,-8.673366210132372e-06,2.714785296120681e-05,7.850474503356963e-05,0.0,2.05,80
733.9961451608688,1781612399.9749572,2.1489529609680176,0.007081986870616674,9.811644554138184,1.3945161299488973e-05,2.6991065169568174e-05,6.139068136690184e-05,0.0,2.06,80
734.0061451606452,1781612399.9864721,2.1516976356506348,-0.001668376848101616,9.811728477478027,6.084802407713141e-06,2.6925783458864316e-05,6.652341835433617e-05,0.0,2.07,80
734.0161451604217,1781612399.997694,2.153648614883423,-0.0014620039146393538,9.811735153198242,-1.3330478623174713e-06,2.6841851649805903e-05,7.169516902649775e-05,0.0,2.08,80
734.0261451601982,1781612400.0093434,2.1436634063720703,0.00047839985927566886,9.811664581298828,-7.515880952269072e-06,2.674289862625301e-05,7.676998211536556e-05,0.0,2.09,80
734.0361451599747,1781612400.0198665,2.1455671787261963,0.007457054685801268,9.811683654785156,1.3272689102450386e-05,2.6655012334231287e-05,6.003464659443125e-05,0.0,2.1,80
734.0461451597512,1781612400.0303617,2.1481828689575195,-0.0022522967774420977,9.811578750610352,4.451580025488511e-06,2.6496123609831557e-05,6.513862899737433e-05,0.0,2.11,80
734.0561451595277,1781612400.0404687,2.138125419616699,-9.099179442273453e-05,9.811656951904297,-3.614182332967175e-06,2.6514831915847026e-05,7.026998355286196e-05,0.0,2.12,80
734.0661451593041,1781612400.05098,2.1402180194854736,-0.00044424892985261977,9.811673164367676,-1.0004709110944532e-05,2.6800864361575805e-05,7.529313734266907e-05,0.0,2.13,80
734.0761451590806,1781612400.0605044,2.1420748233795166,0.007517627440392971,9.81165599822998,1.0847244993783534e-05,2.688706445042044e-05,5.881130346097052e-05,0.0,2.14,80
734.0861451588571,1781612400.0706038,2.132685661315918,-0.0018717480124905705,9.811623573303223,1.8328408941670205e-06,2.6867901397054084e-05,6.392702925950289e-05,0.0,2.15,80
734.0961451586336,1781612400.0817082,2.1346733570098877,-0.000549987715203315,9.811598777770996,-5.885465725441463e-06,2.676563417480793e-05,6.898524588905275e-05,0.0,2.16,80
734.1061451584101,1781612400.0920367,2.1367673873901367,0.000344341853633523,9.811670303344727,-1.1980415365542285e-05,2.6807283575180918e-05,7.40225295885466e-05,0.0,2.17,80
734.1161451581866,1781612400.1015437,2.126587152481079,0.006583616603165865,9.811664581298828,9.233228411176242e-06,2.689233406272251e-05,5.7662258768687025e-05,0.0,2.18,80
734.126145157963,1781612400.1116943,2.1293139457702637,-0.0016693116631358862,9.811664581298828,1.6224672663156525e-06,2.7002388378605247e-05,6.268378638196737e-05,0.0,2.19,80
734.1361451577395,1781612400.1228092,2.1312179565429688,-0.0007978309295140207,9.811662673950195,-5.067976417194586e-06,2.71299450105289e-05,6.772271444788203e-05,0.0,2.2,80
734.146145157516,1781612400.1319356,2.12125825881958,-8.93083997652866e-05,9.811609268188477,-1.0457028110977262e-05,2.69045376626309e-05,7.275430834852159e-05,0.0,2.21,80
734.1561451572925,1781612400.1424768,2.12367844581604,0.007099954877048731,9.81162166595459,1.0447854037920479e-05,2.677002157724928e-05,5.658643931383267e-05,0.0,2.22,80
734.166145157069,1781612400.1528442,2.125203847885132,-0.0005064879078418016,9.811687469482422,2.456687298035831e-06,2.677060547284782e-05,6.162910722196102e-05,0.0,2.23,80
734.1761451568455,1781612400.1633675,2.1159589290618896,-0.0014777564210817218,9.811643600463867,-4.384145540825557e-06,2.6641471777111292e-05,6.667932029813528e-05,0.0,2.24,80
734.1861451566219,1781612400.1748748,2.1179375648498535,-0.00041428982513025403,9.81173324584961,-9.90215630736202e-06,2.6773033823701553e-05,7.175967039074749e-05,0.0,2.25,80
734.1961451563984,1781612400.1843805,2.1198225021362305,0.007421535439789295,9.811610221862793,1.0779947842820548e-05,2.6458885258762166e-05,5.582209269050509e-05,0.0,2.2600000000000002,80
734.2061451561749,1781612400.195544,2.1106209754943848,-0.0009554639691486955,9.811659812927246,3.0531673473888077e-06,2.6373247237643227e-05,6.0818820202257484e-05,0.0,2.27,80
734.2161451559514,1781612400.206584,2.112230062484741,-0.001442518550902605,9.811582565307617,-3.903222477674717e-06,2.6323717975174077e-05,6.582322384929284e-05,0.0,2.2800000000000002,80
734.2261451557279,1781612400.2170875,2.114435911178589,0.00011839398939628154,9.811675071716309,-9.520069397694897e-06,2.6313375201425515e-05,7.082354568410665e-05,0.0,2.29,80
734.2361451555043,1781612400.2276037,2.1042418479919434,-0.0005317226750776172,9.811701774597168,-1.2962199434696231e-05,2.645448148541618e-05,7.585621642647311e-05,0.0,2.3000000000000003,80
734.2461451552808,1781612400.237693,2.1073834896087646,0.007209418341517448,9.811673164367676,1.0180834578932263e-05,2.636241515574511e-05,5.920709372730926e-05,0.0,2.31,80
734.2561451550573,1781612400.248498,2.108757495880127,-0.0013939839554950595,9.811617851257324,3.870844466291601e-06,2.6219822757411748e-05,6.418296106858179e-05,0.0,2.32,80
734.2661451548338,1781612400.2585042,2.099189043045044,-0.00035610634949989617,9.811604499816895,-1.527779318166722e-06,2.619283077365253e-05,6.918021972524002e-05,0.0,2.33,80
734.2761451546103,1781612400.2687376,2.1012625694274902,-0.00031977551407180727,9.81163501739502,-6.158848918857984e-06,2.6116837034351192e-05,7.416227163048461e-05,0.0,2.34,80
734.2861451543868,1781612400.2805657,2.103140354156494,0.00699764396995306,9.811633110046387,1.5446545148734003e-05,2.6366757083451375e-05,5.779488856205717e-05,0.0,2.35,80
734.2961451541632,1781612400.2907946,2.094036340713501,-0.00038896777550689876,9.811622619628906,7.146073585317936e-06,2.637198122101836e-05,6.279726949287578e-05,0.0,2.36,80
734.3061451539397,1781612400.3001502,2.095670461654663,-0.0014838785864412785,9.811627388000488,-8.146035952449893e-07,2.6385772798676044e-05,6.779911200283095e-05,0.0,2.37,80
734.3161451537162,1781612400.3111928,2.0974583625793457,-0.00024362928525079042,9.811664581298828,-7.2870739131758455e-06,2.6539855753071606e-05,7.281264697667211e-05,0.0,2.38,80
734.3261451534927,1781612400.321695,2.0887086391448975,0.006724428851157427,9.811601638793945,1.2291647180973087e-05,2.660234531504102e-05,5.669261372531764e-05,0.0,2.39,80
734.3361451532692,1781612400.331739,2.089827299118042,-0.00043351476779207587,9.811630249023438,3.0506653274642304e-06,2.658854646142572e-05,6.168126128613949e-05,0.0,2.4,80
734.3461451530457,1781612400.341809,2.0927116870880127,-0.0022355387918651104,9.811598777770996,-5.202412921789801e-06,2.642311119416263e-05,6.66844061925076e-05,0.0,2.41,80
734.3561451528221,1781612400.3528914,2.082624673843384,3.3370288292644545e-05,9.811575889587402,-1.1931408153031953e-05,2.6138097382499836e-05,7.16641079634428e-05,0.0,2.42,80
734.3661451525986,1781612400.363425,2.0849714279174805,0.0070115383714437485,9.8116455078125,8.292066922876984e-06,2.597875391074922e-05,5.5639862694079056e-05,0.0,2.43,80
734.3761451523751,1781612400.3739345,2.0864837169647217,-0.0002241494512418285,9.811694145202637,4.5596877384923573e-07,2.6187773983110674e-05,6.062467218725942e-05,0.0,2.44,80
734.3861451521516,1781612400.3834414,2.077500343322754,-0.0017712918343022466,9.811628341674805,-6.5987560446956195e-06,2.596558078948874e-05,6.55652183922939e-05,0.0,2.45,80
734.3961451519281,1781612400.393516,2.07926082611084,-0.00033294319291599095,9.811698913574219,-1.178814909508219e-05,2.6044435799121857e-05,7.054572779452428e-05,0.0,2.46,80
734.4061451517045,1781612400.4040225,2.0811333656311035,0.007703571580350399,9.811715126037598,9.358433999295812e-06,2.621961357363034e-05,5.47322524653282e-05,0.0,2.47,80
734.416145151481,1781612400.4147592,2.072122812271118,-0.0011688574450090528,9.811639785766602,2.0215277345414506e-06,2.6251882445649244e-05,5.969741687295027e-05,0.0,2.48,80
734.4261451512575,1781612400.4238653,2.0734517574310303,-0.0002403487596893683,9.811570167541504,-4.436864401213825e-06,2.5962550353142433e-05,6.46331172902137e-05,0.0,2.49,80
734.436145151034,1781612400.4353724,2.076185464859009,-0.0009331446490250528,9.811620712280273,-9.969725397240836e-06,2.584819776529912e-05,6.95870112394914e-05,0.0,2.5,80
734.4461451508105,1781612400.4455075,2.066383123397827,0.006296131759881973,9.81158447265625,1.0394648597866762e-05,2.5886200091918e-05,5.4009025916457176e-05,0.0,2.5100000000000002,80
734.456145150587,1781612400.4558215,2.0680012702941895,-0.0003280536620877683,9.81159782409668,3.3899282243510243e-06,2.5898123567458242e-05,5.8965273638023064e-05,0.0,2.52,80
734.4661451503634,1781612400.466065,2.0706076622009277,-0.0021165329962968826,9.81161880493164,-3.4633535506145563e-06,2.6104602511622943e-05,6.39301142655313e-05,0.0,2.5300000000000002,80
734.4761451501399,1781612400.4765718,2.0608110427856445,0.00012719945516437292,9.81158447265625,-8.648689799883869e-06,2.6097621230292134e-05,6.885570473968983e-05,0.0,2.54,80
734.4861451499164,1781612400.486698,2.0630764961242676,0.006840109825134277,9.811644554138184,1.1239661944273394e-05,2.6145169613300823e-05,5.3349427616922185e-05,0.0,2.5500000000000003,80
734.4961451496929,1781612400.4977353,2.0645976066589355,-0.00063847511773929,9.811662673950195,3.7381937545433175e-06,2.6061816242872737e-05,5.83063047088217e-05,0.0,2.56,80
734.5061451494694,1781612400.5069642,2.055373191833496,-0.00016383390175178647,9.811592102050781,-3.36571793013718e-06,2.6159883418586105e-05,6.323823618004099e-05,0.0,2.57,80
734.5161451492459,1781612400.5184917,2.0577704906463623,-0.0015194171573966742,9.811595916748047,-9.277605386159848e-06,2.6203706511296332e-05,6.818234396632761e-05,0.0,2.58,80
734.5261451490223,1781612400.5292213,2.0597152709960938,0.00697369035333395,9.81160831451416,1.0584990377537906e-05,2.5914585421560332e-05,5.286605664878152e-05,0.0,2.59,80
734.5361451487988,1781612400.5397298,2.0495433807373047,-0.0004891867283731699,9.81159496307373,2.634872771523078e-06,2.569910247984808e-05,5.778743070550263e-05,0.0,2.6,80
734.5461451485753,1781612400.5502334,2.052327871322632,-0.001604014658369124,9.811721801757812,-4.340195118857082e-06,2.582664819783531e-05,6.267529533943161e-05,0.0,2.61,80
734.5561451483518,1781612400.5607662,2.054065465927124,0.00022006049402989447,9.81164264678955,-9.805347872315906e-06,2.5775212634471245e-05,6.754152127541602e-05,0.0,2.62,80
734.5661451481283,1781612400.571801,2.0447137355804443,0.00624652998521924,9.811634063720703,9.882800441118889e-06,2.567768569861073e-05,5.224323831498623e-05,0.0,2.63,80
734.5761451479048,1781612400.5818496,2.0462324619293213,-0.0003975166764575988,9.811593055725098,2.0043291897309246e-06,2.5681643819552846e-05,5.714051803806797e-05,0.0,2.64,80
734.5861451476812,1781612400.5919003,2.0452919006347656,-0.0006989288958720863,9.811563491821289,-4.7430557970074005e-06,2.5484931029495783e-05,6.204356031958014e-05,0.0,2.65,80
734.5961451474577,1781612400.6024086,2.04795241355896,-0.0011383312521502376,9.81159496307373,-1.0004050636780448e-05,2.5485849619144574e-05,6.691656744806096e-05,0.0,2.66,80
734.6061451472342,1781612400.6134264,2.0359816551208496,0.007769186515361071,9.811613082885742,1.0089045645145234e-05,2.565513932495378e-05,5.167506606085226e-05,0.0,2.67,80
734.6161451470107,1781612400.6235044,2.039303779602051,-0.0014100889675319195,9.811578750610352,2.836903149727732e-06,2.559081076469738e-05,5.657361907651648e-05,0.0,2.68,80
734.6261451467872,1781612400.6340115,2.0380911827087402,-0.0006308741285465658,9.811620712280273,-3.3736594104993856e-06,2.5619043299229816e-05,6.148075772216544e-05,0.0,2.69,80
734.6361451465636,1781612400.6435215,2.040526866912842,-0.00019616131612565368,9.81161880493164,-8.86775796971051e-06,2.556515028118156e-05,6.634892633883283e-05,0.0,2.7,80
734.6461451463401,1781612400.6539085,2.0291504859924316,-0.0013126615667715669,9.81155776977539,-1.2544714081741404e-05,2.5663790438557044e-05,7.123844989109784e-05,0.0,2.71,80
734.6561451461166,1781612400.6644268,2.0320019721984863,0.007277529686689377,9.811567306518555,9.551023140375037e-06,2.5697099772514775e-05,5.544962186831981e-05,0.0,2.72,80
734.6661451458931,1781612400.6749249,2.0347604751586914,-0.0006856375257484615,9.81163215637207,3.5368379940337036e-06,2.572864650574047e-05,6.032440433045849e-05,0.0,2.73,80
734.6761451456696,1781612400.6854396,2.024709463119507,-0.0013192370533943176,9.811643600463867,-1.9598662674980005e-06,2.5590068617020734e-05,6.513998960144818e-05,0.0,2.74,80
734.6861451454461,1781612400.6955478,2.026960849761963,-0.0003258034121245146,9.811595916748047,-6.495420620922232e-06,2.552518890297506e-05,7.000354526098818e-05,0.0,2.75,80
734.6961451452225,1781612400.7056978,2.0286478996276855,0.006882862187922001,9.811652183532715,1.4338933397084475e-05,2.5467219529673457e-05,5.432562102214433e-05,0.0,2.7600000000000002,80
734.706145144999,1781612400.7152858,2.0198934078216553,-0.0004138416552450508,9.81165599822998,6.7476698859536555e-06,2.553547892603092e-05,5.912081542192027e-05,0.0,2.77,80
734.7161451447755,1781612400.725787,2.0211288928985596,-0.00034480076283216476,9.811586380004883,-6.095293656471767e-07,2.541771755204536e-05,6.403854786185548e-05,0.0,2.7800000000000002,80
734.726145144552,1781612400.7362916,2.023836851119995,-0.0014939061366021633,9.811553955078125,-6.739215223205974e-06,2.538020271458663e-05,6.891362863825634e-05,0.0,2.79,80
734.7361451443285,1781612400.7467978,2.014317274093628,0.006749387830495834,9.811579704284668,1.2171261005278211e-05,2.5497582100797445e-05,5.351085201255046e-05,0.0,2.8000000000000003,80
734.746145144105,1781612400.758424,2.0158398151397705,-0.0004378658486530185,9.811623573303223,3.493397116471897e-06,2.5355895559187047e-05,5.831327507621609e-05,0.0,2.81,80
734.7561451438814,1781612400.7684364,2.0148632526397705,-0.0008103976142592728,9.811544418334961,-4.6214945541578345e-06,2.5136385374935344e-05,6.304078851826489e-05,0.0,2.82,80
734.7661451436579,1781612400.779213,2.017594575881958,-0.0013763061724603176,9.81164264678955,-1.1051778528781142e-05,2.5367527996422723e-05,6.78711076034233e-05,0.0,2.83,80
734.7761451434344,1781612400.7887197,2.0056278705596924,0.007953410036861897,9.811680793762207,8.55627058626851e-06,2.5522780561004765e-05,5.238031008047983e-05,0.0,2.84,80
734.7861451432109,1781612400.7992258,2.0088956356048584,-0.0014673625119030476,9.811585426330566,3.7204418390501814e-07,2.5529674530844204e-05,5.724183938582428e-05,0.0,2.85,80
734.7961451429874,1781612400.8102953,2.007676124572754,-0.0006624129018746316,9.811532974243164,-6.121471415099222e-06,2.5357052436447702e-05,6.205612589837983e-05,0.0,2.86,80
734.8061451427639,1781612400.8208275,2.0104482173919678,-0.0008330009295605123,9.811638832092285,-1.1340281162119936e-05,2.5327653929707594e-05,6.6882319515571e-05,0.0,2.87,80
734.8161451425403,1781612400.8308825,1.9985555410385132,0.007465860806405544,9.811552047729492,8.503780009050388e-06,2.519429472158663e-05,5.174327452550642e-05,0.0,2.88,80
734.8261451423168,1781612400.8413863,2.0017988681793213,-0.0014195054536685348,9.81152629852295,1.3271143188831047e-06,2.512803621357307e-05,5.6525816034991294e-05,0.0,2.89,80
734.8361451420933,1781612400.8515022,2.0006277561187744,-0.0005945690791122615,9.811540603637695,-4.646965408028336e-06,2.497388413758017e-05,6.131250847829506e-05,0.0,2.9,80
734.8461451418698,1781612400.8617852,2.003047227859497,6.392043724190444e-05,9.81157112121582,-9.594946277502459e-06,2.495867920515593e-05,6.60921650705859e-05,0.0,2.91,80
734.8561451416463,1781612400.8720582,1.9920448064804077,0.005349058657884598,9.81160831451416,1.0098981874762103e-05,2.4984277843032032e-05,5.1205872296122834e-05,0.0,2.92,80
734.8661451414227,1781612400.88259,1.9945709705352783,-0.00029764408827759326,9.811619758605957,3.1765664516569814e-06,2.509771911718417e-05,5.602032979368232e-05,0.0,2.93,80
734.8761451411992,1781612400.8928266,1.9935336112976074,-0.0006152715650387108,9.81164264678955,-2.7527278234629193e-06,2.5202500182786025e-05,6.078428850742057e-05,0.0,2.94,80
734.8861451409757,1781612400.9033039,1.9960105419158936,-0.00027703092200681567,9.81160831451416,-8.175240509444848e-06,2.5218474547727965e-05,6.555661821039394e-05,0.0,2.95,80
734.8961451407522,1781612400.913337,1.984994649887085,0.005637817084789276,9.811531066894531,1.092061575036496e-05,2.5109480702667497e-05,5.0819984608097e-05,0.0,2.96,80
734.9061451405287,1781612400.9248586,1.9874985218048096,-0.00033371723839081824,9.81161117553711,3.3342023471050197e-06,2.5190993255819194e-05,5.560071440413594e-05,0.0,2.97,80
734.9161451403052,1781612400.9341471,1.986509084701538,-0.0007013945723883808,9.811569213867188,-4.195167548459722e-06,2.4975915948743932e-05,6.038190986146219e-05,0.0,2.98,80
734.9261451400816,1781612400.9446628,1.9889235496520996,-0.00020529718312900513,9.811622619628906,-9.611499990569428e-06,2.5017896405188367e-05,6.515307177323848e-05,0.0,2.99,80
734.9361451398581,1781612400.9546866,1.9779576063156128,0.005553198978304863,9.811612129211426,9.535776371194515e-06,2.4907109036576003e-05,5.0483889936003834e-05,0.0,3.0,80
734.9461451396346,1781612400.9657195,1.9804364442825317,-0.0002956664829980582,9.811566352844238,2.4611813387309667e-06,2.481603587511927e-05,5.52843812329229e-05,0.0,3.0100000000000002,80
734.9561451394111,1781612400.9762414,1.9795236587524414,-0.0007206265581771731,9.811566352844238,-4.280263510736404e-06,2.4894747184589505e-05,6.003113594488241e-05,0.0,3.02,80
734.9661451391876,1781612400.9877412,1.9819525480270386,-0.00010729171481216326,9.811588287353516,-9.713694453239441e-06,2.4742565074120648e-05,6.476030102930963e-05,0.0,3.0300000000000002,80
734.9761451389641,1781612400.997104,1.9710350036621094,0.005326215177774429,9.811525344848633,9.195638085657265e-06,2.4697344997548498e-05,5.016801878809929e-05,0.0,3.04,80
734.9861451387405,1781612401.007613,1.9734944105148315,-0.0003067560901399702,9.811576843261719,2.142230414392543e-06,2.4671591745573096e-05,5.4958523833192885e-05,0.0,3.0500000000000003,80
734.996145138517,1781612401.0185382,1.9724619388580322,-0.0006759772659279406,9.811603546142578,-4.408955646795221e-06,2.4937349735409953e-05,5.97120524616912e-05,0.0,3.06,80
735.0061451382935,1781612401.0292442,1.9748936891555786,-2.282711648149416e-05,9.811529159545898,-9.514011253486387e-06,2.4710203433642164e-05,6.444065365940332e-05,0.0,3.0700000000000003,80
735.01614513807,1781612401.0387485,1.9639935493469238,0.005354787223041058,9.811640739440918,9.951474567060359e-06,2.4814147764118388e-05,4.9879927246365696e-05,0.0,3.08,80
735.0261451378465,1781612401.0492544,1.9664082527160645,-0.00032764332718215883,9.811567306518555,2.7580845198826864e-06,2.4950328224804252e-05,5.46674600627739e-05,0.0,3.09,80
735.036145137623,1781612401.059763,1.9655354022979736,-0.0006573614664375782,9.811524391174316,-3.229081585232052e-06,2.5054348952835426e-05,5.938818503636867e-05,0.0,3.1,80
735.0461451373994,1781612401.0699527,1.9679852724075317,-0.00022463143977802247,9.811556816101074,-8.015831554075703e-06,2.4916138499975204e-05,6.414727249648422e-05,0.0,3.11,80
735.0561451371759,1781612401.0794606,1.9570202827453613,0.005468521732836962,9.811607360839844,1.0645414477039594e-05,2.501235758245457e-05,4.9622431106399745e-05,0.0,3.12,80
735.0661451369524,1781612401.090536,1.959492564201355,-0.00035127316368743777,9.811544418334961,3.323583996461821e-06,2.4845439838827588e-05,5.439131200546399e-05,0.0,3.13,80
735.0761451367289,1781612401.1007893,1.9585282802581787,-0.0006295978673733771,9.811565399169922,-3.46094429914956e-06,2.4762341126916e-05,5.9121222875546664e-05,0.0,3.14,80
735.0861451365054,1781612401.1107852,1.9610193967819214,-0.0002981239522341639,9.811582565307617,-8.755958333495073e-06,2.4734934413572773e-05,6.385945016518235e-05,0.0,3.15,80
735.0961451362818,1781612401.1209314,1.9501441717147827,0.005526022519916296,9.81155776977539,1.0126630513696e-05,2.4615583242848516e-05,4.935625838697888e-05,0.0,3.16,80
735.1061451360583,1781612401.1314385,1.952562689781189,-0.00033422181149944663,9.81160831451416,2.51163055509096e-06,2.4705423129489645e-05,5.4068234021542594e-05,0.0,3.17,80
735.1161451358348,1781612401.1425495,1.9516032934188843,-0.0006327410228550434,9.811562538146973,-4.011557848571101e-06,2.4444823793601245e-05,5.88045732001774e-05,0.0,3.18,80
735.1261451356113,1781612401.1528885,1.9540563821792603,-0.00014684355119243264,9.811529159545898,-9.429617421119474e-06,2.4193510398617946e-05,6.355433288263157e-05,0.0,3.19,80
735.1361451353878,1781612401.1634116,1.9430060386657715,0.0064671821892261505,9.81154727935791,9.316992873209529e-06,2.4331980966962874e-05,4.906112008029595e-05,0.0,3.2,80
735.1461451351643,1781612401.174503,1.9462908506393433,-0.0016202080296352506,9.811501502990723,2.1303826542862225e-06,2.4202850909205154e-05,5.377190245781094e-05,0.0,3.21,80
735.1561451349407,1781612401.1848776,1.9438364505767822,-0.0002410664747003466,9.811617851257324,-4.022050234198105e-06,2.435943497403059e-05,5.8454439567867666e-05,0.0,3.22,80
735.1661451347172,1781612401.1954057,1.9477111101150513,-0.0013943142257630825,9.811616897583008,-8.77607089933008e-06,2.450108695484232e-05,6.314446363830939e-05,0.0,3.23,80
735.1761451344937,1781612401.2064762,1.9358670711517334,0.007560965605080128,9.811595916748047,9.807872629608028e-06,2.471924562996719e-05,4.868781252298504e-05,0.0,3.24,80
735.1861451342702,1781612401.2161436,1.9393441677093506,-0.0016303518787026405,9.81151294708252,2.6923094083031174e-06,2.4705730538698845e-05,5.340641291695647e-05,0.0,3.25,80
735.1961451340467,1781612401.2266583,1.937044620513916,-0.00029519086820073426,9.81153678894043,-3.915266461262945e-06,2.4730221412028186e-05,5.8101875765714794e-05,0.0,3.2600000000000002,80
735.2061451338232,1781612401.2377455,1.9408859014511108,-0.0014379265485331416,9.811575889587402,-9.230018804373685e-06,2.4699518689885736e-05,6.28099514869973e-05,0.0,3.27,80
735.2161451335996,1781612401.2495558,1.928867220878601,0.007615916430950165,9.811563491821289,9.911989764077589e-06,2.4768103685346432e-05,4.8337180487578735e-05,0.0,3.2800000000000002,80
735.2261451333761,1781612401.2610624,1.9325580596923828,-0.0016552924644201994,9.811507225036621,2.7562700779526494e-06,2.4552484319428913e-05,5.303927537170239e-05,0.0,3.29,80
735.2361451331526,1781612401.2715855,1.9301464557647705,-0.0002403131074970588,9.811534881591797,-3.5453849704936147e-06,2.439952004351653e-05,5.772356962552294e-05,0.0,3.3000000000000003,80
735.2461451329291,1781612401.2820108,1.9340598583221436,-0.0005809821304865181,9.811552047729492,-8.427758984907996e-06,2.4286187908728607e-05,6.242569361347705e-05,0.0,3.31,80
735.2561451327056,1781612401.2925196,1.921964406967163,0.006646473426371813,9.811549186706543,9.60488341661403e-06,2.428587140457239e-05,4.8034700739663094e-05,0.0,3.3200000000000003,80
735.266145132482,1781612401.303634,1.9252527952194214,-0.001432850956916809,9.811572074890137,2.116887571901316e-06,2.400264929747209e-05,5.269641405902803e-05,0.0,3.33,80
735.2761451322585,1781612401.3142052,1.9241342544555664,-0.0006676522316411138,9.811595916748047,-4.459976935322629e-06,2.3978027456905693e-05,5.7380519137950614e-05,0.0,3.34,80
735.286145132035,1781612401.3247156,1.9263601303100586,-8.176510891644284e-05,9.811614990234375,-9.580190635460895e-06,2.416597089904826e-05,6.205387762747705e-05,0.0,3.35,80
735.2961451318115,1781612401.3358095,1.9157975912094116,0.0052730850875377655,9.811491012573242,9.341112672700547e-06,2.3958100427989848e-05,4.777509093401022e-05,0.0,3.36,80
735.306145131588,1781612401.34699,1.918143391609192,-0.0003545899235177785,9.811592102050781,2.21237769437721e-06,2.4090901206363924e-05,5.245311695034616e-05,0.0,3.37,80
735.3161451313645,1781612401.3574984,1.9172037839889526,-0.0006128427339717746,9.811551094055176,-4.063457254233072e-06,2.4337157810805365e-05,5.712502388632856e-05,0.0,3.38,80
735.326145131141,1781612401.3685706,1.919615387916565,-7.237071258714423e-05,9.811495780944824,-8.92713615030516e-06,2.425153252261225e-05,6.178017792990431e-05,0.0,3.39,80
735.3361451309174,1781612401.3784525,1.9087245464324951,0.0064031691290438175,9.811522483825684,9.905175829771906e-06,2.4197323000407778e-05,4.741442171507515e-05,0.0,3.4,80
735.3461451306939,1781612401.3899672,1.9120365381240845,-0.0016363640315830708,9.811492919921875,2.6640918804332614e-06,2.4081862648017704e-05,5.206374771660194e-05,0.0,3.41,80
735.3561451304704,1781612401.3994756,1.9096077680587769,-0.00022863459889777005,9.811586380004883,-3.3639848879829515e-06,2.4278446289827116e-05,5.668985249940306e-05,0.0,3.42,80
735.3661451302469,1781612401.4096596,1.913871169090271,-0.0017153591616079211,9.811540603637695,-8.530693776265252e-06,2.405242412351072e-05,6.13625452388078e-05,0.0,3.43,80
735.3761451300234,1781612401.4206784,1.9008911848068237,0.008043414913117886,9.811552047729492,1.0263648619002197e-05,2.4149285309249535e-05,4.6946352085797116e-05,0.0,3.44,80
735.3861451297998,1781612401.4308014,1.9055233001708984,-0.0017987776082009077,9.811528205871582,3.1138545182329835e-06,2.4068638595053926e-05,5.156747283763252e-05,0.0,3.45,80
735.3961451295763,1781612401.4410095,1.9028477668762207,-0.0002943355939351022,9.811479568481445,-3.525828333295067e-06,2.3698106815572828e-05,5.6228527682833374e-05,0.0,3.46,80
735.4061451293528,1781612401.4515169,1.906761646270752,-0.0006606044480577111,9.811514854431152,-9.042060810315888e-06,2.3380247512250207e-05,6.086214489187114e-05,0.0,3.47,80
735.4161451291293,1781612401.4616103,1.8947949409484863,0.0066968216560781,9.811619758605957,9.539683560433332e-06,2.3611157303093933e-05,4.649002949008718e-05,0.0,3.48,80
735.4261451289058,1781612401.4727757,1.8984310626983643,-0.0016947421245276928,9.811528205871582,1.94858785107499e-06,2.354809839744121e-05,5.1130919018760324e-05,0.0,3.49,80
735.4361451286823,1781612401.4829454,1.8960154056549072,-0.0002612517564557493,9.811626434326172,-4.717366664408473e-06,2.3978696845006198e-05,5.578351192525588e-05,0.0,3.5,80
735.4461451284587,1781612401.4944553,1.8999544382095337,-0.000397680007154122,9.811546325683594,-9.56962048803689e-06,2.3994229195523076e-05,6.043747998774052e-05,0.0,3.5100000000000002,80
735.4561451282352,1781612401.5045125,1.8880356550216675,0.006525099743157625,9.811518669128418,8.826242265058681e-06,2.4131213649525307e-05,4.614589852280915e-05,0.0,3.52,80
735.4661451280117,1781612401.514049,1.891395092010498,-0.0004597718652803451,9.811535835266113,2.3448756110155955e-06,2.4217621103161946e-05,5.0774324336089194e-05,0.0,3.5300000000000002,80
735.4761451277882,1781612401.5245569,1.8894826173782349,-0.0013210372999310493,9.811507225036621,-3.380064299562946e-06,2.440386924718041e-05,5.537563265534118e-05,0.0,3.54,80
735.4861451275647,1781612401.535065,1.893261194229126,-0.0005373021704144776,9.811479568481445,-8.285677722597029e-06,2.416519055259414e-05,6.000778012094088e-05,0.0,3.5500000000000003,80
735.4961451273412,1781612401.545575,1.8812756538391113,0.006527457386255264,9.811484336853027,1.005093872663565e-05,2.402068093942944e-05,4.588362207869068e-05,0.0,3.56,80
735.5061451271176,1781612401.5570796,1.8848618268966675,-0.0016175046330317855,9.811513900756836,2.676540816537454e-06,2.387025779171381e-05,5.04793570144102e-05,0.0,3.5700000000000003,80
735.5161451268941,1781612401.566585,1.8825926780700684,-0.00027519933064468205,9.811460494995117,-3.6406461276783375e-06,2.3708893422735855e-05,5.512277130037546e-05,0.0,3.58,80
735.5261451266706,1781612401.5776439,1.8859906196594238,-0.00036407687002792954,9.811527252197266,-8.704101674084086e-06,2.3687462089583278e-05,5.975790190859698e-05,0.0,3.59,80
735.5361451264471,1781612401.5876977,1.8753701448440552,0.006211144849658012,9.81159496307373,9.625697202864103e-06,2.370060065004509e-05,4.5608077925862744e-05,0.0,3.6,80
735.5461451262236,1781612401.5987473,1.877512812614441,-0.0003257310891058296,9.811569213867188,2.2860674562252825e-06,2.4011333152884617e-05,5.018637239118107e-05,0.0,3.61,80
735.556145126,1781612401.609387,1.876075029373169,-0.0013337950222194195,9.811539649963379,-3.830706191365607e-06,2.3766895537846722e-05,5.478471939568408e-05,0.0,3.62,80
735.5661451257765,1781612401.6196275,1.8797168731689453,-0.0005162588786333799,9.8115816116333,-8.897795851225965e-06,2.393474460404832e-05,5.940434130025096e-05,0.0,3.63,80
735.576145125553,1781612401.6297572,1.8679172992706299,0.006486724130809307,9.811511993408203,9.304887498728931e-06,2.3722224796074443e-05,4.544124749372713e-05,0.0,3.64,80
735.5861451253295,1781612401.6400983,1.871261477470398,-0.00050080701475963,9.811580657958984,2.152974957425613e-06,2.384780782449525e-05,4.999476732336916e-05,0.0,3.65,80
735.596145125106,1781612401.6505978,1.869422435760498,-0.0013781185261905193,9.811473846435547,-4.3153800106665585e-06,2.344362292205915e-05,5.463188063004054e-05,0.0,3.66,80
735.6061451248825,1781612401.6606889,1.8730170726776123,-0.0004556055646389723,9.811481475830078,-8.993877600005362e-06,2.3417062038788572e-05,5.920622788835317e-05,0.0,3.67,80
735.6161451246589,1781612401.6720095,1.861285924911499,0.006441122852265835,9.811558723449707,9.791177035367582e-06,2.3421234800480306e-05,4.52089989266824e-05,0.0,3.68,80
735.6261451244354,1781612401.6815102,1.8648351430892944,-0.001620716881006956,9.811494827270508,3.2289653972839005e-06,2.335128010599874e-05,4.9821537686511874e-05,0.0,3.69,80
735.6361451242119,1781612401.6919434,1.86247980594635,-0.00027709821006283164,9.811495780944824,-3.0784731279709376e-06,2.3312099074246362e-05,5.446697832667269e-05,0.0,3.7,80
735.6461451239884,1781612401.7024426,1.866302251815796,-0.0006882448215037584,9.811518669128418,-8.312091267725918e-06,2.321353167644702e-05,5.906794831389561e-05,0.0,3.71,80
735.6561451237649,1781612401.7127023,1.8545944690704346,0.00668258685618639,9.811494827270508,1.0051517165265977e-05,2.3214208340505138e-05,4.5038854295853525e-05,0.0,3.72,80
735.6661451235414,1781612401.7232072,1.8579411506652832,-0.000540895271115005,9.811497688293457,2.737710929068271e-06,2.3226504708873108e-05,4.9590296839596704e-05,0.0,3.73,80
735.6761451233178,1781612401.7327054,1.8560943603515625,-0.0013584357220679522,9.811516761779785,-3.6970761811971897e-06,2.3163411242421716e-05,5.414853512775153e-05,0.0,3.74,80
735.6861451230943,1781612401.7432117,1.8596340417861938,-0.000580953317694366,9.81153392791748,-9.037967174663208e-06,2.3029580916045234e-05,5.870278619113378e-05,0.0,3.75,80
735.6961451228708,1781612401.7537293,1.8480658531188965,0.00648839445784688,9.811538696289062,8.968420843302738e-06,2.3132190108299255e-05,4.472583168535493e-05,0.0,3.7600000000000002,80
735.7061451226473,1781612401.7639685,1.8512614965438843,-0.0004947921261191368,9.811562538146973,2.2991418973106192e-06,2.3346985472016968e-05,4.928958878736012e-05,0.0,3.77,80
735.7161451224238,1781612401.7744663,1.8498185873031616,-0.0015546773793175817,9.811563491821289,-3.9272445064852946e-06,2.342842344660312e-05,5.3867399401497096e-05,0.0,3.7800000000000002,80
735.7261451222003,1781612401.784974,1.8521952629089355,-0.00010993374598911032,9.811471939086914,-9.090035746339709e-06,2.3472024622606114e-05,5.8403606089996174e-05,0.0,3.79,80
735.7361451219767,1781612401.7954817,1.841800332069397,0.006242590490728617,9.811493873596191,9.151354788627941e-06,2.343886808375828e-05,4.454332520253956e-05,0.0,3.8000000000000003,80
735.7461451217532,1781612401.8056052,1.844854712486267,-0.0015418367693200707,9.811446189880371,2.596901822471409e-06,2.3406624677591026e-05,4.910377901978791e-05,0.0,3.81,80
735.7561451215297,1781612401.8156097,1.8421534299850464,-0.00022264194558374584,9.811556816101074,-3.702482217704528e-06,2.431869324936997e-05,5.366153345676139e-05,0.0,3.8200000000000003,80
735.7661451213062,1781612401.8261185,1.8458470106124878,-0.0005071393679827452,9.811549186706543,-8.757397154113278e-06,2.5479293981334195e-05,5.822949970024638e-05,0.0,3.83,80
735.7761451210827,1781612401.8366349,1.8334715366363525,0.006464066915214062,9.811532974243164,9.43580198509153e-06,2.6856150725507177e-05,4.4346244976622984e-05,0.0,3.84,80
735.7861451208591,1781612401.8466947,1.8366011381149292,-0.00048737158067524433,9.811481475830078,2.631675897646346e-06,2.826113450282719e-05,4.888409239356406e-05,0.0,3.85,80
735.7961451206356,1781612401.8578153,1.834874153137207,-0.0015588493552058935,9.81143856048584,-3.7153954508539755e-06,2.969681008835323e-05,5.33824204467237e-05,0.0,3.86,80
735.8061451204121,1781612401.8678534,1.8381140232086182,-0.00016735443205107003,9.811485290527344,-8.819101822155062e-06,3.056315836147405e-05,5.794296521344222e-05,0.0,3.87,80
735.8161451201886,1781612401.8785415,1.8252389430999756,0.0062364391051232815,9.811330795288086,9.278985089622438e-06,3.1096988095669076e-05,4.404887658893131e-05,0.0,3.88,80
735.8261451199651,1781612401.889049,1.8289222717285156,-0.0005101163405925035,9.811492919921875,2.4387256871705176e-06,3.143343565170653e-05,4.857243402511813e-05,0.0,3.89,80
735.8361451197416,1781612401.899567,1.8272128105163574,-0.001565985381603241,9.811467170715332,-3.598085640987847e-06,3.155572630930692e-05,5.305315789883025e-05,0.0,3.9,80
735.846145119518,1781612401.9106827,1.8308264017105103,-0.00013981168740428984,9.811468124389648,-8.774680281931069e-06,3.1423234759131446e-05,5.759228952229023e-05,0.0,3.91,80
735.8561451192945,1781612401.92083,1.8169502019882202,0.006246481090784073,9.81147575378418,9.384351869812235e-06,3.078785812249407e-05,4.3680025555659086e-05,0.0,3.92,80
735.866145119071,1781612401.9312944,1.8213708400726318,-0.0015902887098491192,9.81149959564209,2.474069788149791e-06,3.0229211915866472e-05,4.8196929128607735e-05,0.0,3.93,80
735.8761451188475,1781612401.9418175,1.8187469244003296,-0.00024544840562157333,9.81153392791748,-3.619014023570344e-06,2.9649088901351206e-05,5.275614603306167e-05,0.0,3.94,80
735.886145118624,1781612401.9519253,1.823360800743103,0.004916703794151545,9.811492919921875,1.206543583975872e-05,2.9056342100375332e-05,3.9609596569789574e-05,0.0,3.95,80
735.8961451184005,1781612401.9624267,1.809718132019043,0.00018282010569237173,9.811583518981934,3.195254066667985e-06,2.8814160032197833e-05,4.410355177242309e-05,0.0,3.96,80
735.9061451181769,1781612401.972696,1.8129175901412964,-0.0003342160489410162,9.811567306518555,-4.753371285914909e-06,2.8333433874649927e-05,4.8579753638477996e-05,0.0,3.97,80
735.9161451179534,1781612401.9828742,1.8112431764602661,-0.0013033195864409208,9.811583518981934,-1.053325740940636e-05,2.8083033612347208e-05,5.304030128172599e-05,0.0,3.98,80
735.9261451177299,1781612401.993027,1.8152732849121094,0.006335359066724777,9.81151008605957,6.307855983322952e-06,2.782041883619968e-05,3.980241308454424e-05,0.0,3.99,80
